protocol_id,receiver_id,hardware_family,seed,model,query_count,macro_f1,balanced_accuracy,accuracy,ece,source_validation_macro_f1,source_validation_equal_receiver_macro_f1,parameter_count,wall_seconds,peak_gpu_memory_bytes,nll,predictive_entropy,adaptation_seconds,adapted_parameter_count,learning_rate,steps
receiver_loso_00,1-1,N210,829,DG_CORAL,4672,0.72388305024350474,0.73383907076354504,0.734375,0.1361426113186123,0.8115813667401187,0.8058085340162342,64774.0,161.18913340400002,166500864.0,,,,,,
receiver_loso_00,1-1,N210,829,DG_DANN,4672,0.76595410036728762,0.77055994761840985,0.77076198630136983,0.1190234721727567,0.813642565751115,0.8073312811849913,70754.0,28.77602977899994,166447616.0,,,,,,
receiver_loso_00,1-1,N210,829,DG_GROUPDRO,4672,0.67236072870652508,0.68482314825045554,0.68514554794520544,0.1537826585978882,0.7792541889657144,0.7716256598434801,64774.0,57.092375437999976,166501376.0,,,,,,
receiver_loso_00,1-1,N210,829,P0,4672,0.7625572397003344,0.76707931497759541,0.76755136986301364,0.1208380480194847,0.8286010581944488,0.8224851485308756,64774.0,27.86954771700005,166500864.0,,,,,,
receiver_loso_00,1-1,N210,829,P0_WIDE,4672,0.81117058496321259,0.81105131707506128,0.81121575342465757,0.084086173296944303,0.8192441112017352,0.814903448959012,74827.0,22.292423260999957,166664704.0,,,,,,
receiver_loso_00,1-1,N210,829,P1,4672,0.82037747151689,0.82052342913601339,0.82084760273972601,0.11180075947578021,0.8303895966660976,0.8264851043467316,73030.0,81.52655928500008,178401792.0,,,,,,
receiver_loso_00,1-1,N210,829,P2,4672,0.81612969919282152,0.81805653490456576,0.81827910958904104,0.1162648266436507,0.8133682114257081,0.8078951127158351,75143.0,89.41156477000004,182013952.0,,,,,,
receiver_loso_00,1-1,N210,829,P2_MISMATCHED_RX,4672,0.79077843547310744,0.79040087708389739,0.79045376712328763,0.14411710829104049,0.8075581235919403,0.8010012672790779,75143.0,2.6677049810000426,80650240.0,,,,,,
receiver_loso_00,1-1,N210,829,P2_NULL,4672,0.79266862270864602,0.79113178073376089,0.79109589041095896,0.13811177249410991,0.8003209310325389,0.7941957188907734,75143.0,0.4952433739999833,80650240.0,,,,,,
receiver_loso_00,1-1,N210,829,P2_SHUFFLED,4672,0.80217353804900604,0.801138549773314,0.80115582191780821,0.1330121374268034,0.7984861805285776,0.7920348701545333,75143.0,3.4412865699998747,80650240.0,,,,,,
receiver_loso_00,1-1,N210,829,RX_NORM,4672,0.73168300843597589,0.73403072975217321,0.734375,0.13495413767658679,0.8292607392512279,0.8256901596901232,64774.0,0.4304290669999773,71660544.0,,,,,,
receiver_loso_00,1-1,N210,829,SOURCE_NORM,4672,0.73312008417074315,0.73405117003518983,0.734375,0.13626080667855189,0.8309125657200597,0.8269163487089496,64774.0,28.173240424000028,166500864.0,,,,,,
receiver_loso_00,1-1,N210,829,T3A,4672,0.79652122158298733,0.79695284593795057,0.79730308219178081,0.1042343099021085,0.8596672648539588,0.8561366275456052,64774.0,0.6701363479999145,73746944.0,,,,,,
receiver_loso_00,1-1,N210,1829,DG_CORAL,4672,0.80835216566654156,0.81018522601820475,0.80993150684931503,0.099075960365366394,0.8201963084668576,0.8153376636953585,64774.0,237.71442915400007,166500864.0,,,,,,
receiver_loso_00,1-1,N210,1829,DG_DANN,4672,0.78104871507638185,0.78853037327094366,0.78809931506849318,0.13603172110623279,0.8115783553726508,0.808580208181215,70754.0,23.6154471440002,166447616.0,,,,,,
receiver_loso_00,1-1,N210,1829,DG_GROUPDRO,4672,0.73881898342331997,0.75334771324360406,0.75256849315068497,0.062995206114950797,0.7727311786644323,0.7683162369088473,64774.0,38.45508637100011,166501376.0,,,,,,
receiver_loso_00,1-1,N210,1829,P0,4672,0.78023636485319281,0.78894172991153821,0.78852739726027399,0.1263053096346046,0.8075527489417675,0.8039007450592993,64774.0,21.409791972999983,166500864.0,,,,,,
receiver_loso_00,1-1,N210,1829,P0_WIDE,4672,0.85278956326512934,0.85406939827951689,0.85402397260273977,0.081834327346607005,0.8024489134773213,0.7965948649576967,74827.0,21.727202717999944,166664704.0,,,,,,
receiver_loso_00,1-1,N210,1829,P1,4672,0.84774070078883856,0.84823961851002638,0.84845890410958902,0.095043047803313699,0.8201749755766615,0.8171319302381432,73030.0,80.00364556299996,181449728.0,,,,,,
receiver_loso_00,1-1,N210,1829,P2,4672,0.84189475941043312,0.84144986838487945,0.84139554794520544,0.082974938835234199,0.7833536055970681,0.7799726924240273,75143.0,76.01691917699986,185805312.0,,,,,,
receiver_loso_00,1-1,N210,1829,P2_MISMATCHED_RX,4672,0.83215355129073121,0.8298340715558391,0.82962328767123283,0.090815813057379693,0.7536819754484684,0.7448322970232453,75143.0,2.598284982999985,80650240.0,,,,,,
receiver_loso_00,1-1,N210,1829,P2_NULL,4672,0.84638450701023416,0.84506996249718547,0.84503424657534243,0.052202975447608602,0.7625064752938235,0.7546554370295239,75143.0,0.6348586139999952,80650240.0,,,,,,
receiver_loso_00,1-1,N210,1829,P2_SHUFFLED,4672,0.84297703217109365,0.84167355969558244,0.84160958904109584,0.081509121068536403,0.7659774577253583,0.758832047657041,75143.0,3.425836806999996,80650240.0,,,,,,
receiver_loso_00,1-1,N210,1829,RX_NORM,4672,0.77837733922340735,0.78625083094066894,0.78595890410958902,0.1220675200887331,0.8171365469964003,0.8131013720594256,64774.0,0.5126399000000674,71660544.0,,,,,,
receiver_loso_00,1-1,N210,1829,SOURCE_NORM,4672,0.78073595427284082,0.78973500650185591,0.78938356164383561,0.1191141025150475,0.8180560944632519,0.8139724771580882,64774.0,24.97963898600005,166500864.0,,,,,,
receiver_loso_00,1-1,N210,1829,T3A,4672,0.79383527918383445,0.79898455800187074,0.79858732876712324,0.060173476775087498,0.8346254589882172,0.8312910885662065,64774.0,0.7328497369999241,73746944.0,,,,,,
receiver_loso_00,1-1,N210,2829,DG_CORAL,4672,0.78824087818514699,0.79235637246471879,0.79259417808219179,0.1078864143370357,0.8079888167854558,0.8008420582974032,64774.0,214.79327791600008,166500864.0,,,,,,
receiver_loso_00,1-1,N210,2829,DG_DANN,4672,0.74848630258307747,0.76492066810938975,0.7654109589041096,0.1229021881183941,0.8264828859354529,0.8218919988297366,70754.0,27.371578450000012,166447616.0,,,,,,
receiver_loso_00,1-1,N210,2829,DG_GROUPDRO,4672,0.80005255321558033,0.80071909458629908,0.8009417808219178,0.053018946334566497,0.7640997642121562,0.7575766513145616,64774.0,60.565620311999965,166501376.0,,,,,,
receiver_loso_00,1-1,N210,2829,P0,4672,0.72464286853417015,0.74309323669227145,0.74357876712328763,0.1313496123527316,0.8153319254489698,0.8090183784474423,64774.0,18.88178794499981,166500864.0,,,,,,
receiver_loso_00,1-1,N210,2829,P0_WIDE,4672,0.78590072887517926,0.78768252104005398,0.78788527397260277,0.11904320428275481,0.8214293273212081,0.8170983954660156,74827.0,25.29257356900007,166664704.0,,,,,,
receiver_loso_00,1-1,N210,2829,P1,4672,0.81047038266429217,0.80916871855180117,0.80907534246575341,0.11674661045154069,0.7814480528703537,0.7760912763135043,73030.0,73.67532311799982,181449728.0,,,,,,
receiver_loso_00,1-1,N210,2829,P2,4672,0.84009747531625789,0.83814115857151339,0.83797089041095896,0.082408593348801504,0.8041654471352245,0.7979068661644853,75143.0,70.7897749040003,185805312.0,,,,,,
receiver_loso_00,1-1,N210,2829,P2_MISMATCHED_RX,4672,0.82386540108625261,0.82295533261325238,0.82298801369863017,0.091481158930859396,0.8025886147561274,0.7972967324941034,75143.0,2.551978161000079,80650240.0,,,,,,
receiver_loso_00,1-1,N210,2829,P2_NULL,4672,0.82079424765381592,0.82329007814124466,0.82298801369863017,0.073766732652199504,0.7839913609037238,0.7745444092269871,75143.0,0.6107730489998175,80650240.0,,,,,,
receiver_loso_00,1-1,N210,2829,P2_SHUFFLED,4672,0.8293436367256074,0.82631894121937322,0.82619863013698636,0.091679883310698901,0.7890597523633932,0.7807230564502642,75143.0,3.324129047000042,80650240.0,,,,,,
receiver_loso_00,1-1,N210,2829,RX_NORM,4672,0.72551649198448942,0.73650165891078634,0.73672945205479456,0.13233495187269501,0.7962969259000884,0.788445566182273,64774.0,0.4098171269997692,71660544.0,,,,,,
receiver_loso_00,1-1,N210,2829,SOURCE_NORM,4672,0.7445739847302284,0.75212477674538747,0.75235445205479456,0.1261857057513337,0.8044128029958829,0.7975390434587663,64774.0,18.121536956,166500864.0,,,,,,
receiver_loso_00,1-1,N210,2829,T3A,4672,0.76418711469433998,0.76658919532379954,0.76690924657534243,0.081285305997382207,0.8497269894000327,0.8470101089177492,64774.0,0.5680370569998558,73746944.0,,,,,,
receiver_loso_00,1-1,N210,3829,DG_CORAL,4672,0.86566646316880036,0.86640248392234787,0.86665239726027399,0.0478177331770731,0.8103416872448803,0.8045516531164262,64774.0,231.73637849199983,166500864.0,,,,,,
receiver_loso_00,1-1,N210,3829,DG_DANN,4672,0.81633922895577393,0.82157519216978203,0.82191780821917804,0.087720850099847703,0.7918186069447525,0.786356957580145,70754.0,23.73544555600029,166447616.0,,,,,,
receiver_loso_00,1-1,N210,3829,DG_GROUPDRO,4672,0.77100464176223849,0.77844095198696939,0.77868150684931503,0.075104450819733201,0.7626219985667979,0.7561566908220585,64774.0,51.82707088500001,166501376.0,,,,,,
receiver_loso_00,1-1,N210,3829,P0,4672,0.86957360387913862,0.8698729893022259,0.87007705479452058,0.042322167080559102,0.8174085850580143,0.8121541954006767,64774.0,21.457794960999763,166500864.0,,,,,,
receiver_loso_00,1-1,N210,3829,P0_WIDE,4672,0.8083629525816648,0.81365303724777849,0.81378424657534243,0.113820964693768,0.7884723767354901,0.7820063781476886,74827.0,21.90728560000025,166664704.0,,,,,,
receiver_loso_00,1-1,N210,3829,P1,4672,0.86745490760888,0.86741147943540897,0.86750856164383561,0.071256114125302694,0.8224348065472671,0.8182828126866414,73030.0,63.99681828600024,178401792.0,,,,,,
receiver_loso_00,1-1,N210,3829,P2,4672,0.82280163757284608,0.82585882233725805,0.82598458904109584,0.084826847308710804,0.8179517396522654,0.8102600868127042,75143.0,69.09411804700039,182013952.0,,,,,,
receiver_loso_00,1-1,N210,3829,P2_MISMATCHED_RX,4672,0.82438726019156938,0.8275761963042364,0.82769691780821919,0.083547035659573998,0.7932653773466671,0.783671249635946,75143.0,2.558714916000099,80650240.0,,,,,,
receiver_loso_00,1-1,N210,3829,P2_NULL,4672,0.8021531770287168,0.81014513541027722,0.80993150684931503,0.046594091640045299,0.7868079874392747,0.7757341350340278,75143.0,0.6450638999999683,80650240.0,,,,,,
receiver_loso_00,1-1,N210,3829,P2_SHUFFLED,4672,0.80697858759760965,0.81103044130991819,0.81121575342465757,0.1000450300435497,0.8101566653298997,0.8011022968791904,75143.0,3.5831636109996907,80650240.0,,,,,,
receiver_loso_00,1-1,N210,3829,RX_NORM,4672,0.83783982545981839,0.84026791579673088,0.84053938356164382,0.0740212572113393,0.794986995329957,0.7875802678478827,64774.0,0.4147110120002253,71660544.0,,,,,,
receiver_loso_00,1-1,N210,3829,SOURCE_NORM,4672,0.8388524772167768,0.84090757553168161,0.84118150684931503,0.073594097233032799,0.7955651796638173,0.7882661937812651,64774.0,24.556319627999983,166500864.0,,,,,,
receiver_loso_00,1-1,N210,3829,T3A,4672,0.86941826969384983,0.87018667209847911,0.87029109589041098,0.1706428536028945,0.8519672323407108,0.8489918186004267,64774.0,0.5905065550000472,73746944.0,,,,,,
receiver_loso_00,1-1,N210,4829,DG_CORAL,4672,0.84348471570259764,0.84526156751720205,0.84503424657534243,0.076296711653113705,0.8625387920683215,0.859176472822818,64774.0,213.29409874500016,166500864.0,,,,,,
receiver_loso_00,1-1,N210,4829,DG_DANN,4672,0.84237392498142327,0.84387909759471602,0.84375,0.0416746697299284,0.8223308453782954,0.815788402007434,70754.0,19.66943834599988,166447616.0,,,,,,
receiver_loso_00,1-1,N210,4829,DG_GROUPDRO,4672,0.81579408158344069,0.82060901293262345,0.8204195205479452,0.061585432632941098,0.8024010781056271,0.7967034922197528,64774.0,80.24454506700022,166501376.0,,,,,,
receiver_loso_00,1-1,N210,4829,P0,4672,0.83509517113412113,0.83984256629919241,0.8396832191780822,0.074742073154918903,0.8477852046118803,0.841317365206384,64774.0,24.137662338000155,166500864.0,,,,,,
receiver_loso_00,1-1,N210,4829,P0_WIDE,4672,0.81662918497338988,0.82087901202254387,0.82063356164383561,0.1015551937744021,0.8240599688762879,0.8198182122993093,74827.0,16.876660771999923,166664704.0,,,,,,
receiver_loso_00,1-1,N210,4829,P1,4672,0.88958943123198309,0.89057178158513517,0.890625,0.044927309369285601,0.8067286936883297,0.8025029287543243,73030.0,67.52056234800011,178401792.0,,,,,,
receiver_loso_00,1-1,N210,4829,P2,4672,0.81372907234044856,0.81504529890843724,0.81485445205479456,0.1178295083012279,0.8209676577153493,0.8171538455186337,75143.0,66.9269869259997,182013952.0,,,,,,
receiver_loso_00,1-1,N210,4829,P2_MISMATCHED_RX,4672,0.79368649425421334,0.7975205240110298,0.79730308219178081,0.12192390034332461,0.8095717355290284,0.8055615209071619,75143.0,2.636102791000212,80650240.0,,,,,,
receiver_loso_00,1-1,N210,4829,P2_NULL,4672,0.8249939405085106,0.82573354678544997,0.82555650684931503,0.089745968484562094,0.8054394511768003,0.8006969351382507,75143.0,0.6018354640000325,80650240.0,,,,,,
receiver_loso_00,1-1,N210,4829,P2_SHUFFLED,4672,0.81061216512958956,0.81244144100452653,0.8122859589041096,0.1124751576643488,0.8134169616414831,0.8090044873961343,75143.0,3.467270508999718,80650240.0,,,,,,
receiver_loso_00,1-1,N210,4829,RX_NORM,4672,0.85798700651031679,0.8588757522854279,0.85873287671232879,0.068314687738016397,0.8587937399020387,0.8549803349164522,64774.0,0.6054794249998849,71660544.0,,,,,,
receiver_loso_00,1-1,N210,4829,SOURCE_NORM,4672,0.87486019049864938,0.87534911464792275,0.8752140410958904,0.055795083683596501,0.8617356362456464,0.8577363403797551,64774.0,26.94272711299982,166500864.0,,,,,,
receiver_loso_00,1-1,N210,4829,T3A,4672,0.85466575123045951,0.85647125465735263,0.85637842465753422,0.1024078314371203,0.8730966742551575,0.8684292440703872,64774.0,0.5401584340002046,73746944.0,,,,,,
receiver_loso_01,1-19,N210,829,DG_CORAL,4672,0.65126006375725387,0.65422555114869374,0.65539383561643838,0.24245674312369869,0.8665516680501083,0.8628875709741205,64774.0,229.62722761400028,166500864.0,,,,,,
receiver_loso_01,1-19,N210,829,DG_DANN,4672,0.68513752781487425,0.6807621308555013,0.68214897260273977,0.1983132311780873,0.8693969954629307,0.8663634938499611,70754.0,25.426952245000397,166447616.0,,,,,,
receiver_loso_01,1-19,N210,829,DG_GROUPDRO,4672,0.63478317424034292,0.64078881714550284,0.64169520547945202,0.1914849212035945,0.8302441776545648,0.8235144935883448,64774.0,49.02243382000006,166501376.0,,,,,,
receiver_loso_01,1-19,N210,829,P0,4672,0.65153502545604425,0.64922770242806127,0.65047089041095896,0.2458559673228492,0.8671075618175799,0.8635105254783043,64774.0,22.02536531199985,166500864.0,,,,,,
receiver_loso_01,1-19,N210,829,P0_WIDE,4672,0.68840961747685736,0.69216333805321117,0.69349315068493156,0.22655685212820359,0.8918805466092485,0.8884378185379046,74827.0,21.92120263300012,166664704.0,,,,,,
receiver_loso_01,1-19,N210,829,P1,4672,0.69373482425550603,0.69977473904457588,0.70162671232876717,0.22531669944754409,0.8760005778819945,0.8730992966408029,73030.0,77.83075828599976,181449728.0,,,,,,
receiver_loso_01,1-19,N210,829,P2,4672,0.71667215645317672,0.71909728330420275,0.72110445205479456,0.22309720263599531,0.8833773447066897,0.8794139447072626,75143.0,91.894228698,185805312.0,,,,,,
receiver_loso_01,1-19,N210,829,P2_MISMATCHED_RX,4672,0.68824952497588876,0.68638165204755863,0.68814212328767121,0.24851036617813041,0.861207804129826,0.8563690601039619,75143.0,2.6345548879999114,80650240.0,,,,,,
receiver_loso_01,1-19,N210,829,P2_NULL,4672,0.70245933664735638,0.69938978796246276,0.70098458904109584,0.2217696183233534,0.8815475280113744,0.8781143636196233,75143.0,0.6087500660000842,80650240.0,,,,,,
receiver_loso_01,1-19,N210,829,P2_SHUFFLED,4672,0.68256133286638487,0.68258509836123438,0.68428938356164382,0.25149539278896699,0.8679626544507829,0.8639236115585449,75143.0,3.382329098999889,80650240.0,,,,,,
receiver_loso_01,1-19,N210,829,RX_NORM,4672,0.65311361254770739,0.64966265771117637,0.65132705479452058,0.2237539698612199,0.8626505940286661,0.8576044861920225,64774.0,0.5908225809998839,71660544.0,,,,,,
receiver_loso_01,1-19,N210,829,SOURCE_NORM,4672,0.64893263462432638,0.64580967917141707,0.64747431506849318,0.22517079777046009,0.8665557551911701,0.8620298597143764,64774.0,21.02643631000001,166500864.0,,,,,,
receiver_loso_01,1-19,N210,829,T3A,4672,0.69612132883381739,0.69324007651884134,0.69499143835616439,0.076409159923508094,0.8901437255766064,0.8858973615750321,64774.0,0.7382563009996375,73746944.0,,,,,,
receiver_loso_01,1-19,N210,1829,DG_CORAL,4672,0.75258333073095385,0.75300911045551144,0.75278253424657537,0.16526503469922571,0.8906093451723253,0.887301229230491,64774.0,213.69301676099985,166500864.0,,,,,,
receiver_loso_01,1-19,N210,1829,DG_DANN,4672,0.71779862233208769,0.72412986917352773,0.72410102739726023,0.17252054664446681,0.8696231729647534,0.864923704308722,70754.0,21.750831256999845,166447616.0,,,,,,
receiver_loso_01,1-19,N210,1829,DG_GROUPDRO,4672,0.65108831775262921,0.64938088338441402,0.64940068493150682,0.21368255435603931,0.8472041071273817,0.8430350705746245,64774.0,65.44369859199969,166501376.0,,,,,,
receiver_loso_01,1-19,N210,1829,P0,4672,0.75951812423790388,0.75830467094602794,0.75813356164383561,0.15986355760912979,0.8790224028912353,0.8762684263520241,64774.0,22.734354608000103,166500864.0,,,,,,
receiver_loso_01,1-19,N210,1829,P0_WIDE,4672,0.63354819977191201,0.64044346585996925,0.6404109589041096,0.27609098526610898,0.8681264682416447,0.8654585888320411,74827.0,20.429466378000143,166664704.0,,,,,,
receiver_loso_01,1-19,N210,1829,P1,4672,0.6843018032060787,0.69382606184710216,0.69370719178082196,0.2519119982799029,0.8916192480934445,0.8895542024201984,73030.0,82.85404665999977,181449728.0,,,,,,
receiver_loso_01,1-19,N210,1829,P2,4672,0.67715651897081541,0.67929568112351768,0.67936643835616439,0.25756328070076978,0.8685001384599457,0.865306788778156,75143.0,85.18496280199997,185805312.0,,,,,,
receiver_loso_01,1-19,N210,1829,P2_MISMATCHED_RX,4672,0.65459035195265436,0.65973698556036842,0.65967465753424659,0.27220654002173911,0.8024162726590024,0.7931327438557321,75143.0,2.494101619000503,80650240.0,,,,,,
receiver_loso_01,1-19,N210,1829,P2_NULL,4672,0.6809080356868078,0.6880640879138733,0.68814212328767121,0.23240902507677669,0.8470755201643246,0.8421233282746202,75143.0,0.6271450610001921,80650240.0,,,,,,
receiver_loso_01,1-19,N210,1829,P2_SHUFFLED,4672,0.65741958086753971,0.66316169363691069,0.66331335616438358,0.26619208858616339,0.8413199871842418,0.8331944421762537,75143.0,3.4155460709998806,80650240.0,,,,,,
receiver_loso_01,1-19,N210,1829,RX_NORM,4672,0.74912278530292331,0.74787116525144315,0.74764554794520544,0.1781522379677794,0.8736712816179039,0.869626593974491,64774.0,0.3944171479997749,71660544.0,,,,,,
receiver_loso_01,1-19,N210,1829,SOURCE_NORM,4672,0.75159550059354086,0.75066711499123662,0.75042808219178081,0.1750131333820929,0.8800758748193123,0.8770153287641772,64774.0,25.608172490000012,166500864.0,,,,,,
receiver_loso_01,1-19,N210,1829,T3A,4672,0.78763328016737777,0.7892730163600078,0.7891695205479452,0.080992739870889105,0.8948865241625904,0.8930967872819365,64774.0,0.5493507969995335,73746944.0,,,,,,
receiver_loso_01,1-19,N210,2829,DG_CORAL,4672,0.68799049022410574,0.68691726256911834,0.68642979452054798,0.20706097980042629,0.8931630408704395,0.8913305838297306,64774.0,230.7574059300005,166500864.0,,,,,,
receiver_loso_01,1-19,N210,2829,DG_DANN,4672,0.71827620232011402,0.71649701366707141,0.71639554794520544,0.17083028399015529,0.8842324997728218,0.8791921430688842,70754.0,22.124062455000058,166447616.0,,,,,,
receiver_loso_01,1-19,N210,2829,DG_GROUPDRO,4672,0.68380382021959807,0.67912328477815409,0.67893835616438358,0.14682554463817649,0.8540348153355201,0.8504570371292225,64774.0,45.2427420490003,166501376.0,,,,,,
receiver_loso_01,1-19,N210,2829,P0,4672,0.67985680784715596,0.68672465020868012,0.68642979452054798,0.19128399295094481,0.8827131913371341,0.879605081272527,64774.0,17.71880816599969,166500864.0,,,,,,
receiver_loso_01,1-19,N210,2829,P0_WIDE,4672,0.74865479320450401,0.7523156754156517,0.75214041095890416,0.1813358271060741,0.8649042028905071,0.8621496531184984,74827.0,22.01759359300013,166664704.0,,,,,,
receiver_loso_01,1-19,N210,2829,P1,4672,0.71708740396164383,0.71973805138119229,0.71917808219178081,0.2068528203574353,0.891876426743471,0.8902818411455563,73030.0,73.49152311699982,181449728.0,,,,,,
receiver_loso_01,1-19,N210,2829,P2,4672,0.72728750003279519,0.73317436161193494,0.73266267123287676,0.22651658622445919,0.8768239229929858,0.8734570514806967,75143.0,91.51388264399976,185805312.0,,,,,,
receiver_loso_01,1-19,N210,2829,P2_MISMATCHED_RX,4672,0.70790831775534224,0.71327799547863979,0.71275684931506844,0.2384970797583052,0.8514658195244674,0.8427493691979152,75143.0,2.5616823150003256,80650240.0,,,,,,
receiver_loso_01,1-19,N210,2829,P2_NULL,4672,0.71096617185708266,0.72018391281060301,0.71960616438356162,0.22289648567874951,0.8726287083105664,0.868156645321324,75143.0,0.6373428119995879,80650240.0,,,,,,
receiver_loso_01,1-19,N210,2829,P2_SHUFFLED,4672,0.69413380556442494,0.69451506861319379,0.69413527397260277,0.24989613018649279,0.8655129491757859,0.8606250677349333,75143.0,3.3877675570001884,80650240.0,,,,,,
receiver_loso_01,1-19,N210,2829,RX_NORM,4672,0.72139513627634255,0.72684500433663535,0.72624143835616439,0.1645405551877944,0.8910850670256054,0.8881852441130335,64774.0,0.517750574999809,71660544.0,,,,,,
receiver_loso_01,1-19,N210,2829,SOURCE_NORM,4672,0.72298593855462323,0.72855503904378838,0.72795376712328763,0.1613418536120387,0.895413255688921,0.8928064846350154,64774.0,25.055055666000044,166500864.0,,,,,,
receiver_loso_01,1-19,N210,2829,T3A,4672,0.72501624048232605,0.72698348165680848,0.7266695205479452,0.055893314871554203,0.9041329044181056,0.9027156417324064,64774.0,0.7154044460003206,73746944.0,,,,,,
receiver_loso_01,1-19,N210,3829,DG_CORAL,4672,0.72508894178606198,0.73125918574009152,0.73116438356164382,0.17632040766718449,0.8594586072386784,0.8554638468381013,64774.0,215.7565105879994,166500864.0,,,,,,
receiver_loso_01,1-19,N210,3829,DG_DANN,4672,0.71872528978069494,0.72266325009258969,0.7228167808219178,0.19266245632802381,0.8583776207336636,0.8542755961889017,70754.0,25.69221521600048,166447616.0,,,,,,
receiver_loso_01,1-19,N210,3829,DG_GROUPDRO,4672,0.68977973116244107,0.68940164804159687,0.68964041095890416,0.176580985280851,0.8135555196887131,0.8049795449881104,64774.0,79.98602752199986,166501376.0,,,,,,
receiver_loso_01,1-19,N210,3829,P0,4672,0.70854679530541809,0.71101218704456948,0.7110445205479452,0.19422916682079841,0.8586228021721268,0.8540285227062948,64774.0,24.798973083999957,166500864.0,,,,,,
receiver_loso_01,1-19,N210,3829,P0_WIDE,4672,0.7040439947947098,0.70710888766802427,0.7069777397260274,0.23336980569380489,0.8565854639870683,0.8530064102192197,74827.0,26.49561102499956,166664704.0,,,,,,
receiver_loso_01,1-19,N210,3829,P1,4672,0.77401992993115076,0.77852801341148181,0.77846746575342463,0.1716018687576463,0.8772803493383137,0.8747889713893781,73030.0,81.61347242200009,181449728.0,,,,,,
receiver_loso_01,1-19,N210,3829,P2,4672,0.71757941458900099,0.71861508597487023,0.71875,0.21981843579432939,0.8845893904654448,0.8832416134727347,75143.0,80.6623242529995,185805312.0,,,,,,
receiver_loso_01,1-19,N210,3829,P2_MISMATCHED_RX,4672,0.7252527053509189,0.72338515700253947,0.72345890410958902,0.21224972901687231,0.8696740549890025,0.8647649048133265,75143.0,2.4993387079994136,80650240.0,,,,,,
receiver_loso_01,1-19,N210,3829,P2_NULL,4672,0.71268708979866358,0.71065431196239359,0.7108304794520548,0.20730058943584859,0.8862271647096107,0.8857838760878455,75143.0,0.5903891110001496,80650240.0,,,,,,
receiver_loso_01,1-19,N210,3829,P2_SHUFFLED,4672,0.7103588451818541,0.7083155774415667,0.70847602739726023,0.22198746021046009,0.8667607959453356,0.8629972580447492,75143.0,3.3566973650004,80650240.0,,,,,,
receiver_loso_01,1-19,N210,3829,RX_NORM,4672,0.70201882720284148,0.70259356700932563,0.70269691780821919,0.2210764693070765,0.8562431735470423,0.8482730658567593,64774.0,0.4038819950001198,71660544.0,,,,,,
receiver_loso_01,1-19,N210,3829,SOURCE_NORM,4672,0.7013199675261349,0.70195639071981353,0.70205479452054798,0.2214962323578967,0.8596865051055457,0.8518260219190993,64774.0,29.08205058799922,166500864.0,,,,,,
receiver_loso_01,1-19,N210,3829,T3A,4672,0.71582792132639028,0.71709453442741611,0.71703767123287676,0.086926124980418004,0.8825454260619717,0.880119290919962,64774.0,0.559270763999848,73746944.0,,,,,,
receiver_loso_01,1-19,N210,4829,DG_CORAL,4672,0.73280855142423196,0.73958973072880274,0.74036815068493156,0.14373881242250741,0.8874992948713954,0.8854218449236403,64774.0,197.0713723050003,166500864.0,,,,,,
receiver_loso_01,1-19,N210,4829,DG_DANN,4672,0.79187539232757731,0.79474385121962232,0.79452054794520544,0.1136039536293238,0.8907158869287519,0.8862605476372657,70754.0,23.34667377200003,166447616.0,,,,,,
receiver_loso_01,1-19,N210,4829,DG_GROUPDRO,4672,0.70171030306775972,0.69640760724108974,0.69648972602739723,0.13450218034168221,0.8504164460894338,0.8449029227253625,64774.0,46.14087826099967,166501376.0,,,,,,
receiver_loso_01,1-19,N210,4829,P0,4672,0.74055876693318812,0.74268136286883879,0.74336472602739723,0.14302437573875471,0.8883903773387775,0.8861527521622774,64774.0,16.35476121099964,166500864.0,,,,,,
receiver_loso_01,1-19,N210,4829,P0_WIDE,4672,0.79159156139576625,0.79325489635800828,0.79259417808219179,0.1503456793215176,0.8970204785000226,0.8963438181733417,74827.0,26.12332995000088,166664704.0,,,,,,
receiver_loso_01,1-19,N210,4829,P1,4672,0.71318422561168049,0.70697470570280885,0.70676369863013699,0.23771928930782699,0.8852892749782956,0.8837561386087973,73030.0,84.73335609800051,178401792.0,,,,,,
receiver_loso_01,1-19,N210,4829,P2,4672,0.76767847790853605,0.76621791833144703,0.7658390410958904,0.1747123258099062,0.8854983461999791,0.8835883799276031,75143.0,90.37114489500073,182013952.0,,,,,,
receiver_loso_01,1-19,N210,4829,P2_MISMATCHED_RX,4672,0.74014421345778436,0.73836856635232861,0.73779965753424659,0.2059952105038276,0.874111584399348,0.8703797504689158,75143.0,2.599306307000006,80650240.0,,,,,,
receiver_loso_01,1-19,N210,4829,P2_NULL,4672,0.74969280929670656,0.75064734639798447,0.75107020547945202,0.1825729144660577,0.8704974897535603,0.8655347556448213,75143.0,0.4547313069997472,80650240.0,,,,,,
receiver_loso_01,1-19,N210,4829,P2_SHUFFLED,4672,0.75649850655224882,0.75115535423502566,0.75085616438356162,0.18656269991642799,0.8764057988567822,0.873175541473269,75143.0,3.304416986000433,80650240.0,,,,,,
receiver_loso_01,1-19,N210,4829,RX_NORM,4672,0.74298053736620362,0.73992262457514324,0.73994006849315064,0.1588631802213008,0.8861976520247584,0.882629048778329,64774.0,0.4164143220004916,71660544.0,,,,,,
receiver_loso_01,1-19,N210,4829,SOURCE_NORM,4672,0.74955589042152659,0.74635115248737682,0.74636130136986301,0.1530328667212329,0.8934987146367721,0.8908702635619186,64774.0,25.32086614199943,166500864.0,,,,,,
receiver_loso_01,1-19,N210,4829,T3A,4672,0.76404207378232469,0.7753415195448069,0.77589897260273977,0.099788921314278897,0.8999528883654699,0.8992035830971878,64774.0,0.5799400559999413,73746944.0,,,,,,
receiver_loso_02,1-20,N210,829,DG_CORAL,4672,0.81837571001672149,0.83685296340965454,0.83775684931506844,0.059858571170280601,0.824986839606462,0.8145931101681114,64774.0,214.24624747800044,166500864.0,,,,,,
receiver_loso_02,1-20,N210,829,DG_DANN,4672,0.84945341986937251,0.85825515503026673,0.85894691780821919,0.0240575418973418,0.8025989105429195,0.78915803809255,70754.0,18.007883100000072,166447616.0,,,,,,
receiver_loso_02,1-20,N210,829,DG_GROUPDRO,4672,0.80808253809273234,0.81668282717352791,0.81742294520547942,0.0247376831631137,0.7870801918497015,0.7772588007938737,64774.0,59.06863484299993,166501376.0,,,,,,
receiver_loso_02,1-20,N210,829,P0,4672,0.82685100925235633,0.84127774654213849,0.84203767123287676,0.044313721288607902,0.8256585476984236,0.8156966720955202,64774.0,21.57727763799994,166500864.0,,,,,,
receiver_loso_02,1-20,N210,829,P0_WIDE,4672,0.87134555246765766,0.87995232478888041,0.88056506849315064,0.045452074989778497,0.8518134106608821,0.8456114678809267,74827.0,23.05456875399977,166664704.0,,,,,,
receiver_loso_02,1-20,N210,829,P1,4672,0.86987586750738277,0.87850800616912872,0.8790667808219178,0.047010989263270998,0.8710064684319706,0.8647908642513333,73030.0,74.59415422500024,178401792.0,,,,,,
receiver_loso_02,1-20,N210,829,P2,4672,0.84543118110010396,0.85580836180425912,0.85659246575342463,0.049131775880870303,0.8675920310454149,0.858748696740499,75143.0,63.22849968800074,182013952.0,,,,,,
receiver_loso_02,1-20,N210,829,P2_MISMATCHED_RX,4672,0.81502464800440766,0.83574787495840841,0.83668664383561642,0.070829834010809195,0.8447348496485212,0.834210118426065,75143.0,2.6198439250001684,80650240.0,,,,,,
receiver_loso_02,1-20,N210,829,P2_NULL,4672,0.7498790757780015,0.77752671486950697,0.77868150684931503,0.089525043524240303,0.8415140633200178,0.8264197932840517,75143.0,0.6515876889998253,80650240.0,,,,,,
receiver_loso_02,1-20,N210,829,P2_SHUFFLED,4672,0.81599765569588245,0.83511578347011783,0.8360445205479452,0.071809857685042305,0.8396940107783121,0.8287019261252566,75143.0,3.4656906720001643,80650240.0,,,,,,
receiver_loso_02,1-20,N210,829,RX_NORM,4672,0.78416209186716179,0.80497178861053398,0.80565068493150682,0.1128403476171501,0.810258414351566,0.79795445303677,64774.0,0.5174517659997946,71660544.0,,,,,,
receiver_loso_02,1-20,N210,829,SOURCE_NORM,4672,0.79573121480161291,0.81498961976001372,0.81571061643835618,0.095866142768948698,0.8140631804793331,0.8029578288934617,64774.0,29.13533787199958,166500864.0,,,,,,
receiver_loso_02,1-20,N210,829,T3A,4672,0.84739626092513476,0.85407412764393842,0.85466609589041098,0.13292038102302539,0.8553487094696629,0.8526954022032509,64774.0,0.8032815220003613,73746944.0,,,,,,
receiver_loso_02,1-20,N210,1829,DG_CORAL,4672,0.79513599712012606,0.81328593363448409,0.81335616438356162,0.078119425415635393,0.8497770719652649,0.8372729937914275,64774.0,200.97521225200035,166500864.0,,,,,,
receiver_loso_02,1-20,N210,1829,DG_DANN,4672,0.82462683432854422,0.83589813145356529,0.8360445205479452,0.067134594908366804,0.839870106007146,0.8304402443279448,70754.0,23.4445416489998,166447616.0,,,,,,
receiver_loso_02,1-20,N210,1829,DG_GROUPDRO,4672,0.73934199873444884,0.76983106511248123,0.77054794520547942,0.0871282702675472,0.842329007669301,0.8352153289960059,64774.0,63.463402773999405,166501376.0,,,,,,
receiver_loso_02,1-20,N210,1829,P0,4672,0.80339002871815379,0.82814534817603802,0.8283390410958904,0.049647537484280198,0.8645051466034092,0.8522968465338843,64774.0,17.96774970200022,166500864.0,,,,,,
receiver_loso_02,1-20,N210,1829,P0_WIDE,4672,0.85310983622869507,0.86163277750936007,0.86172945205479456,0.065027560566692399,0.875155800518852,0.8627642112522045,74827.0,22.70995285799927,166664704.0,,,,,,
receiver_loso_02,1-20,N210,1829,P1,4672,0.88735911623659447,0.88963202696967147,0.88998287671232879,0.041234592415953703,0.8705664447650814,0.8630801452007729,73030.0,82.1061591609996,181449728.0,,,,,,
receiver_loso_02,1-20,N210,1829,P2,4672,0.82131429879117712,0.83352092337130967,0.83369006849315064,0.10144350014958679,0.8684055594040171,0.8589522547366797,75143.0,90.46308252899962,185805312.0,,,,,,
receiver_loso_02,1-20,N210,1829,P2_MISMATCHED_RX,4672,0.7195102496229363,0.76319647602598228,0.76369863013698636,0.1624662245764103,0.84214742379165,0.8282217732810243,75143.0,2.7172963090006306,80650240.0,,,,,,
receiver_loso_02,1-20,N210,1829,P2_NULL,4672,0.73585640410060782,0.77144306921804595,0.77161815068493156,0.1569661696199072,0.8402600939307788,0.8284647285348733,75143.0,0.6453363520004132,80650240.0,,,,,,
receiver_loso_02,1-20,N210,1829,P2_SHUFFLED,4672,0.78522629564731838,0.80762992984180038,0.80779109589041098,0.1307061824577618,0.8420610040602599,0.8314624093852685,75143.0,3.538111539000056,80650240.0,,,,,,
receiver_loso_02,1-20,N210,1829,RX_NORM,4672,0.77602862900797998,0.8029742288524554,0.80308219178082196,0.1127126536025881,0.8549714002307539,0.8458488821420077,64774.0,0.6149970810001832,71660544.0,,,,,,
receiver_loso_02,1-20,N210,1829,SOURCE_NORM,4672,0.78314045735448501,0.80790672068690361,0.80800513698630139,0.10740284097687119,0.8570004580618952,0.8489374450568848,64774.0,24.6347566430004,166500864.0,,,,,,
receiver_loso_02,1-20,N210,1829,T3A,4672,0.8616991653478373,0.87122139780110952,0.87136130136986301,0.19715874903988451,0.8880620676835552,0.880500443181294,64774.0,0.5485202039999422,73746944.0,,,,,,
receiver_loso_02,1-20,N210,2829,DG_CORAL,4672,0.79648655065886909,0.80738550374288975,0.80736301369863017,0.071944010941541306,0.8226957258380784,0.8127836002715467,64774.0,127.47094889599975,166500864.0,,,,,,
receiver_loso_02,1-20,N210,2829,DG_DANN,4672,0.7763941716740671,0.78335028035516574,0.78360445205479456,0.096640022184495605,0.8254570974684642,0.8134199503557179,70754.0,17.927421135999793,166447616.0,,,,,,
receiver_loso_02,1-20,N210,2829,DG_GROUPDRO,4672,0.75328771353025326,0.78588844186992091,0.78617294520547942,0.069927779989546704,0.8284619431142475,0.8203029535838765,64774.0,71.66357691800022,166501376.0,,,,,,
receiver_loso_02,1-20,N210,2829,P0,4672,0.80660877466996661,0.81569582555054321,0.81571061643835618,0.065314030395948297,0.8202406780806802,0.810034605648008,64774.0,15.575006632999248,166500864.0,,,,,,
receiver_loso_02,1-20,N210,2829,P0_WIDE,4672,0.8844530599165461,0.88826609046583049,0.88848458904109584,0.019932790302148298,0.8493634217434773,0.8407266881062455,74827.0,26.75579968999955,166664704.0,,,,,,
receiver_loso_02,1-20,N210,2829,P1,4672,0.87587906337219268,0.88204851860322719,0.88227739726027399,0.050859584335926598,0.8594041815724717,0.8518469110461496,73030.0,82.86123987199971,181449728.0,,,,,,
receiver_loso_02,1-20,N210,2829,P2,4672,0.88505748247159355,0.88659618637823356,0.8867722602739726,0.047769355861954799,0.8568877002716783,0.8461381264366513,75143.0,91.73394684200048,185805312.0,,,,,,
receiver_loso_02,1-20,N210,2829,P2_MISMATCHED_RX,4672,0.79700556702841441,0.80835516534886509,0.8086472602739726,0.1150609152327763,0.8274375310134264,0.8168254234592247,75143.0,2.602503961000366,80650240.0,,,,,,
receiver_loso_02,1-20,N210,2829,P2_NULL,4672,0.83545207396604548,0.83819254250052833,0.83839897260273977,0.063938841134411797,0.8290448110432361,0.818078727603297,75143.0,0.4473835110002255,80650240.0,,,,,,
receiver_loso_02,1-20,N210,2829,P2_SHUFFLED,4672,0.83827865613756269,0.84457555639446236,0.84482020547945202,0.082310375374780004,0.8444101430721096,0.833249635591088,75143.0,3.2871741380004096,80650240.0,,,,,,
receiver_loso_02,1-20,N210,2829,RX_NORM,4672,0.79491693665456198,0.80815592247228263,0.8084332191780822,0.077133211045691805,0.8207726662615172,0.8101867387542567,64774.0,0.4154141009994418,71660544.0,,,,,,
receiver_loso_02,1-20,N210,2829,SOURCE_NORM,4672,0.80090857667941895,0.8134957119808085,0.81378424657534243,0.071031132776749495,0.8311283583283768,0.8203369582782726,64774.0,19.115663174000478,166500864.0,,,,,,
receiver_loso_02,1-20,N210,2829,T3A,4672,0.85153667231017793,0.85445650046420019,0.85466609589041098,0.14902197147643009,0.8518041677384612,0.8480673859591099,64774.0,0.5871971289998328,73746944.0,,,,,,
receiver_loso_02,1-20,N210,3829,DG_CORAL,4672,0.7539686859991811,0.78142932594813341,0.7810359589041096,0.1215124918811329,0.8569080823817768,0.8477780981053079,64774.0,216.9595264919999,166500864.0,,,,,,
receiver_loso_02,1-20,N210,3829,DG_DANN,4672,0.7888854494498162,0.80341572653276694,0.80308219178082196,0.088346738802039401,0.8397647970991118,0.8285780251344538,70754.0,24.76154237300034,166447616.0,,,,,,
receiver_loso_02,1-20,N210,3829,DG_GROUPDRO,4672,0.66132250945671578,0.69783990388842199,0.69713184931506844,0.14606322982820541,0.8275996388981165,0.8178475114544758,64774.0,70.22918662600023,166501376.0,,,,,,
receiver_loso_02,1-20,N210,3829,P0,4672,0.74216616930845258,0.77456410499728168,0.77418664383561642,0.1286893886265229,0.8586595933254544,0.8491802861441378,64774.0,21.969912729000495,166500864.0,,,,,,
receiver_loso_02,1-20,N210,3829,P0_WIDE,4672,0.7150247477922379,0.74612391070447392,0.74550513698630139,0.1549047941743868,0.8246845451008898,0.8126448293819183,74827.0,18.804006338999898,166664704.0,,,,,,
receiver_loso_02,1-20,N210,3829,P1,4672,0.83818419456229376,0.84863298498466777,0.84824486301369861,0.085894538982681901,0.8570443148509179,0.8505036553534207,73030.0,81.98872982000012,181449728.0,,,,,,
receiver_loso_02,1-20,N210,3829,P2,4672,0.88205564350383092,0.88494170500567693,0.88463184931506844,0.061945519563167899,0.8947094808356586,0.8862853058071151,75143.0,94.6318362510001,185805312.0,,,,,,
receiver_loso_02,1-20,N210,3829,P2_MISMATCHED_RX,4672,0.87316473418341822,0.87928205934736103,0.8790667808219178,0.062200309638546301,0.8614416313224611,0.8531067867288379,75143.0,2.595213889000661,80650240.0,,,,,,
receiver_loso_02,1-20,N210,3829,P2_NULL,4672,0.85481602093506737,0.86331024700702341,0.86301369863013699,0.059949225417580701,0.8864144134440274,0.876206514943568,75143.0,0.4779576269993413,80650240.0,,,,,,
receiver_loso_02,1-20,N210,3829,P2_SHUFFLED,4672,0.85568514790722905,0.86539946734964912,0.86515410958904104,0.077252878424749802,0.8722645603184757,0.8624915428853742,75143.0,3.368860023000707,80650240.0,,,,,,
receiver_loso_02,1-20,N210,3829,RX_NORM,4672,0.67676887724346602,0.72774523476219544,0.72731164383561642,0.1554964288801261,0.8463710051819554,0.8343713875579503,64774.0,0.416770730999815,71660544.0,,,,,,
receiver_loso_02,1-20,N210,3829,SOURCE_NORM,4672,0.68208270990787734,0.72860620514049579,0.72816780821917804,0.1556278877598169,0.8496340822829049,0.8380998254696888,64774.0,23.43667495200043,166500864.0,,,,,,
receiver_loso_02,1-20,N210,3829,T3A,4672,0.76620067715931794,0.79260243777795403,0.79216609589041098,0.075775894186497703,0.8852603480890832,0.8781302477013053,64774.0,0.5811630070002138,73746944.0,,,,,,
receiver_loso_02,1-20,N210,4829,DG_CORAL,4672,0.8638497108577069,0.86740381548141654,0.86686643835616439,0.034061015707963702,0.8646005774770619,0.856230711339199,64774.0,216.7003909269997,166500864.0,,,,,,
receiver_loso_02,1-20,N210,4829,DG_DANN,4672,0.84950798787520121,0.85196041530194144,0.8516695205479452,0.056539654482972497,0.8503324606116526,0.8403482229628909,70754.0,29.174708819000443,166447616.0,,,,,,
receiver_loso_02,1-20,N210,4829,DG_GROUPDRO,4672,0.74469881154286632,0.76666903559435451,0.765625,0.067550857369596595,0.8321834352084884,0.8245258127788068,64774.0,53.11952211600146,166501376.0,,,,,,
receiver_loso_02,1-20,N210,4829,P0,4672,0.83722907731591922,0.84167368008190324,0.84096746575342463,0.077778213529860293,0.8552802707071029,0.8473164804467536,64774.0,23.08147821499915,166500864.0,,,,,,
receiver_loso_02,1-20,N210,4829,P0_WIDE,4672,0.84516675400259234,0.84764774687463673,0.84738869863013699,0.059841515805750901,0.8446984285106556,0.8325543341877188,74827.0,15.620462575000602,166664704.0,,,,,,
receiver_loso_02,1-20,N210,4829,P1,4672,0.85964265351901725,0.86461621489293972,0.86408390410958902,0.066785144224150494,0.8806794683902459,0.8767447160108842,73030.0,84.0773242560008,181449728.0,,,,,,
receiver_loso_02,1-20,N210,4829,P2,4672,0.85020854142045177,0.85603342836623586,0.85573630136986301,0.089279631165506898,0.8645813717851155,0.8571619776485617,75143.0,88.55649509599971,185805312.0,,,,,,
receiver_loso_02,1-20,N210,4829,P2_MISMATCHED_RX,4672,0.85238417769857344,0.86009904760338918,0.8595890410958904,0.081836744517802304,0.8519381889793528,0.8444490507695682,75143.0,2.598110351998912,80650240.0,,,,,,
receiver_loso_02,1-20,N210,4829,P2_NULL,4672,0.83786002003748672,0.84528300739722939,0.84460616438356162,0.0878550802255431,0.8515757525265796,0.8396329464616222,75143.0,0.6165583699985291,80650240.0,,,,,,
receiver_loso_02,1-20,N210,4829,P2_SHUFFLED,4672,0.83732459076978438,0.84845314150133755,0.8478167808219178,0.095500432937214594,0.8550883042472708,0.8455150571066251,75143.0,3.4653418559992133,80650240.0,,,,,,
receiver_loso_02,1-20,N210,4829,RX_NORM,4672,0.86039094000232785,0.86643250493161605,0.86579623287671237,0.047503327816877799,0.8635696906741487,0.8568064168687499,64774.0,0.4091489849997742,71660544.0,,,,,,
receiver_loso_02,1-20,N210,4829,SOURCE_NORM,4672,0.86999391505958645,0.87447245112899952,0.87392979452054798,0.040058243458401602,0.8678410492037961,0.8616368273986459,64774.0,29.39838453899938,166500864.0,,,,,,
receiver_loso_02,1-20,N210,4829,T3A,4672,0.87364148571646261,0.87480728630092408,0.87435787671232879,0.10060545477429279,0.8854351777322261,0.8823593143739378,64774.0,0.756628451999859,73746944.0,,,,,,
receiver_loso_03,13-14,B210,829,DG_CORAL,4528,0.76392453842743979,0.78124183617564935,0.77650176678445226,0.098712898382765701,0.8508405251895121,0.8464414494150091,64774.0,225.96115731399917,166500864.0,,,,,,
receiver_loso_03,13-14,B210,829,DG_DANN,4528,0.7349801124626173,0.75240172784387527,0.74757067137809186,0.10491863379169369,0.8624582268485312,0.8617004968159062,70754.0,24.47415161699973,166447616.0,,,,,,
receiver_loso_03,13-14,B210,829,DG_GROUPDRO,4528,0.68480500039372538,0.71730294507490111,0.71113074204946991,0.1310885636655896,0.8199469385150472,0.8182843884527359,64774.0,67.26134903000093,166501376.0,,,,,,
receiver_loso_03,13-14,B210,829,P0,4528,0.74434650798739455,0.76698264526676319,0.76192579505300351,0.096222153802273905,0.8650879209038301,0.8628499109417623,64774.0,23.20681891300046,166500864.0,,,,,,
receiver_loso_03,13-14,B210,829,P0_WIDE,4528,0.76482263956965235,0.77930963438267298,0.77451413427561833,0.10757246893886541,0.8529114748155195,0.8491507620743328,74827.0,23.39322105500105,166664704.0,,,,,,
receiver_loso_03,13-14,B210,829,P1,4528,0.78625860720244767,0.79717561588191066,0.79284452296819785,0.099492369660640304,0.8719264651219545,0.8709739190990465,73030.0,82.09011861100043,178401792.0,,,,,,
receiver_loso_03,13-14,B210,829,P2,4528,0.73152288189071901,0.75243431098484781,0.74712897526501765,0.1324202083347385,0.8365200896776696,0.8318876856851435,75143.0,92.1563832390002,182013952.0,,,,,,
receiver_loso_03,13-14,B210,829,P2_MISMATCHED_RX,4528,0.69003688166814425,0.7236381218959389,0.71709363957597172,0.16529711884160131,0.8266892586024323,0.8201496612807487,75143.0,2.615341359998638,80650240.0,,,,,,
receiver_loso_03,13-14,B210,829,P2_NULL,4528,0.66922910363307808,0.70397983982785617,0.69743816254416957,0.15673054645147319,0.8137607789668543,0.8063104414578471,75143.0,0.6172140859998763,80650240.0,,,,,,
receiver_loso_03,13-14,B210,829,P2_SHUFFLED,4528,0.69665050938092676,0.73083784250493922,0.72438162544169615,0.16039242063625961,0.8333842166323095,0.8282095059138862,75143.0,3.4799946430011914,80650240.0,,,,,,
receiver_loso_03,13-14,B210,829,RX_NORM,4528,0.66591082120901113,0.69422877799956451,0.6872791519434629,0.16531712197873069,0.8458579247284556,0.8438115187648608,64774.0,0.4164351029994577,71660544.0,,,,,,
receiver_loso_03,13-14,B210,829,SOURCE_NORM,4528,0.69579414078384894,0.72571710219489605,0.71952296819787986,0.14041526563623549,0.8470659159689503,0.8449180972624118,64774.0,21.487103925001065,166500864.0,,,,,,
receiver_loso_03,13-14,B210,829,T3A,4528,0.80851109446511671,0.82024810261426273,0.81669611307420498,0.16219418604163841,0.8725019728162803,0.8712182730801127,64774.0,0.594644397000593,73746944.0,,,,,,
receiver_loso_03,13-14,B210,1829,DG_CORAL,4528,0.68251258843731344,0.71900298509724891,0.71356007067137805,0.14706654708121669,0.8742506056617425,0.8739084394151341,64774.0,204.8041820950002,166500864.0,,,,,,
receiver_loso_03,13-14,B210,1829,DG_DANN,4528,0.71271126246004946,0.73462528950289263,0.72968197879858654,0.108481669963038,0.8833705347983143,0.8828724938563474,70754.0,20.141167112999028,166447616.0,,,,,,
receiver_loso_03,13-14,B210,1829,DG_GROUPDRO,4528,0.60783075909788098,0.66188190219976839,0.65481448763250882,0.17394471672682801,0.8457223571512746,0.8446023800039444,64774.0,68.35349407399917,166501376.0,,,,,,
receiver_loso_03,13-14,B210,1829,P0,4528,0.71690808089567204,0.74501544330736891,0.74050353356890464,0.1185207114268633,0.8775173212468825,0.8766549025168316,64774.0,25.475492843999746,166500864.0,,,,,,
receiver_loso_03,13-14,B210,1829,P0_WIDE,4528,0.60749629322728971,0.666521149148113,0.66055653710247353,0.21121128191085459,0.8443863304360294,0.8442547314072844,74827.0,22.602085676999195,166664704.0,,,,,,
receiver_loso_03,13-14,B210,1829,P1,4528,0.76572312327577496,0.78207132227957954,0.7782685512367491,0.099263728119090594,0.8468063513567875,0.8420765410540199,73030.0,88.26932704000137,178401792.0,,,,,,
receiver_loso_03,13-14,B210,1829,P2,4528,0.72565649988523695,0.74199935110603732,0.73785335689045939,0.1310065224003244,0.8579794125358964,0.8566434720491958,75143.0,88.83889201900092,182013952.0,,,,,,
receiver_loso_03,13-14,B210,1829,P2_MISMATCHED_RX,4528,0.68823779029282184,0.71417649592658738,0.70936395759717319,0.1657141262645645,0.8416371657788573,0.8401650468165537,75143.0,2.5894017439986783,80650240.0,,,,,,
receiver_loso_03,13-14,B210,1829,P2_NULL,4528,0.63693183726147928,0.6841983695107553,0.67844522968197885,0.1677929896848151,0.8512610094628766,0.8498230838685021,75143.0,0.6528523979995953,80650240.0,,,,,,
receiver_loso_03,13-14,B210,1829,P2_SHUFFLED,4528,0.65139309605606865,0.6913227849380571,0.68573321554770317,0.19331072972488481,0.8430944018985055,0.8412195973792848,75143.0,3.482439233999685,80650240.0,,,,,,
receiver_loso_03,13-14,B210,1829,RX_NORM,4528,0.63086105970437323,0.67151480016843557,0.66453180212014129,0.1881486824828828,0.8703680383724505,0.8695329544461091,64774.0,0.4155146699995384,71660544.0,,,,,,
receiver_loso_03,13-14,B210,1829,SOURCE_NORM,4528,0.67035913088561061,0.69848565923648132,0.69235865724381629,0.15849741101396589,0.8767991317280165,0.8761317014056867,64774.0,20.561753820999,166500864.0,,,,,,
receiver_loso_03,13-14,B210,1829,T3A,4528,0.77156394290904462,0.78660091043174718,0.7837897526501767,0.0739601734472774,0.8956195202888386,0.8962063237427401,64774.0,0.5688001729995449,73746944.0,,,,,,
receiver_loso_03,13-14,B210,2829,DG_CORAL,4528,0.84502062953206813,0.84995977235090603,0.84827738515901063,0.025490093252262799,0.8711635354987705,0.8702597696756736,64774.0,222.87696788700123,166500864.0,,,,,,
receiver_loso_03,13-14,B210,2829,DG_DANN,4528,0.82341577512592945,0.83013255870781799,0.82840106007067138,0.042384269959934898,0.8764864381827348,0.8759826917321556,70754.0,23.80604205199961,166447616.0,,,,,,
receiver_loso_03,13-14,B210,2829,DG_GROUPDRO,4528,0.66590623840586172,0.71223473136964721,0.70627208480565373,0.1181346764162762,0.8355637538496933,0.8341698044593046,64774.0,43.86493121700005,166501376.0,,,,,,
receiver_loso_03,13-14,B210,2829,P0,4528,0.8211654557149739,0.82833040212995979,0.82575088339222613,0.060560207952195702,0.877126968694156,0.8766992847406735,64774.0,22.251168368000435,166500864.0,,,,,,
receiver_loso_03,13-14,B210,2829,P0_WIDE,4528,0.70900799940103398,0.73971297994389362,0.73476148409893993,0.1410611170301273,0.8584213243151821,0.8555042030833376,74827.0,22.48217269000088,166664704.0,,,,,,
receiver_loso_03,13-14,B210,2829,P1,4528,0.78089475045597079,0.79253278736461619,0.78975265017667839,0.095585535402169505,0.8627356313083436,0.8616446568863155,73030.0,83.67147152899997,178401792.0,,,,,,
receiver_loso_03,13-14,B210,2829,P2,4528,0.79949449270024953,0.80968820589069368,0.80675795053003529,0.067842487008853897,0.8725142915141108,0.8716520132036848,75143.0,92.8581501059998,182013952.0,,,,,,
receiver_loso_03,13-14,B210,2829,P2_MISMATCHED_RX,4528,0.74534682424015264,0.76534992999845208,0.7612632508833922,0.1231301149202004,0.8605503365854842,0.8589072451627588,75143.0,2.6386095010002464,80650240.0,,,,,,
receiver_loso_03,13-14,B210,2829,P2_NULL,4528,0.73812806433590683,0.76470756502978166,0.76060070671378088,0.098393105217272001,0.8636095660181068,0.8629493730397867,75143.0,0.6486112370002957,80650240.0,,,,,,
receiver_loso_03,13-14,B210,2829,P2_SHUFFLED,4528,0.73363104871073803,0.75757100116481679,0.75309187279151946,0.1253178863861851,0.8639998465157662,0.8627961340452349,75143.0,3.491400970999166,80650240.0,,,,,,
receiver_loso_03,13-14,B210,2829,RX_NORM,4528,0.80158944795073783,0.81336256423424469,0.81029151943462896,0.068239433315743794,0.8716506279034993,0.8707630067815456,64774.0,0.5173761390014988,71660544.0,,,,,,
receiver_loso_03,13-14,B210,2829,SOURCE_NORM,4528,0.8054145012533066,0.81890381544888236,0.81603356890459366,0.064469483381551895,0.8773095473508713,0.8767417240293089,64774.0,24.219240955000718,166500864.0,,,,,,
receiver_loso_03,13-14,B210,2829,T3A,4528,0.89780372243369744,0.89797106174679353,0.8973056537102474,0.1678078076950284,0.8869415822949445,0.8869101082020681,64774.0,0.7769561300010537,73746944.0,,,,,,
receiver_loso_03,13-14,B210,3829,DG_CORAL,4528,0.60593695899268862,0.65782938661496304,0.65172261484098937,0.21238067068238561,0.8589883726930099,0.8567110488406157,64774.0,226.4045035070012,166500864.0,,,,,,
receiver_loso_03,13-14,B210,3829,DG_DANN,4528,0.57272782813608403,0.64090078872769729,0.63493816254416957,0.21828779230032491,0.8472969534627782,0.8460346475579493,70754.0,31.84633248700084,166447616.0,,,,,,
receiver_loso_03,13-14,B210,3829,DG_GROUPDRO,4528,0.56405502571650146,0.62466947103083947,0.61771201413427557,0.20820398352605821,0.8265048297550011,0.821830571072105,64774.0,100.50578505399972,166501376.0,,,,,,
receiver_loso_03,13-14,B210,3829,P0,4528,0.61154619891328665,0.66250303273216493,0.65658127208480566,0.21913079274390479,0.8597928244796046,0.8581401215352621,64774.0,26.590223043998776,166500864.0,,,,,,
receiver_loso_03,13-14,B210,3829,P0_WIDE,4528,0.60335548337253952,0.66334039099019837,0.65746466431095407,0.1939571360159047,0.8015433591827034,0.7991836286009256,74827.0,23.6174416010017,166664704.0,,,,,,
receiver_loso_03,13-14,B210,3829,P1,4528,0.62841157200591946,0.68748518268513348,0.68175795053003529,0.1807558130170136,0.8507153525880384,0.8495386801167562,73030.0,102.92004356000145,178401792.0,,,,,,
receiver_loso_03,13-14,B210,3829,P2,4528,0.65675544061345503,0.69351766578244334,0.68882508833922262,0.18075560851108161,0.8523230583039317,0.8526656510944592,75143.0,109.33180254699982,182013952.0,,,,,,
receiver_loso_03,13-14,B210,3829,P2_MISMATCHED_RX,4528,0.59262714655652826,0.66322115296115702,0.65702296819787986,0.22653513470855499,0.8213259723320542,0.8227462749953748,75143.0,2.861978375000035,80650240.0,,,,,,
receiver_loso_03,13-14,B210,3829,P2_NULL,4528,0.60206724965981329,0.656924401086323,0.65150176678445226,0.19735249555126719,0.8352307579116652,0.8359580466327441,75143.0,0.6473482729998068,80650240.0,,,,,,
receiver_loso_03,13-14,B210,3829,P2_SHUFFLED,4528,0.59152393052813601,0.66071651069088366,0.65437279151943462,0.22675195848404731,0.8372143043614969,0.837852423058331,75143.0,3.837364786999387,80650240.0,,,,,,
receiver_loso_03,13-14,B210,3829,RX_NORM,4528,0.58672324359741901,0.63600780390001976,0.62963780918727918,0.22665518076017549,0.8532950824172496,0.8526379832225474,64774.0,0.5302120280011877,71660544.0,,,,,,
receiver_loso_03,13-14,B210,3829,SOURCE_NORM,4528,0.58861835808573315,0.63927534232547889,0.63295053003533563,0.22331049513111259,0.8562357805300015,0.8555471115107344,64774.0,31.31413135799994,166500864.0,,,,,,
receiver_loso_03,13-14,B210,3829,T3A,4528,0.66342719861266308,0.69803051199060551,0.69324204946996471,0.080703212441909394,0.8701223734933987,0.8697269888700548,64774.0,0.5907790820001537,73746944.0,,,,,,
receiver_loso_03,13-14,B210,4829,DG_CORAL,4528,0.66770946234755169,0.70872218690017019,0.70295936395759717,0.1628876145231429,0.8666465161922666,0.8655761059853307,64774.0,265.7744848000002,166500864.0,,,,,,
receiver_loso_03,13-14,B210,4829,DG_DANN,4528,0.74962974569864949,0.76897613104337281,0.76501766784452296,0.087895357606162502,0.8643454424436774,0.8638786124498169,70754.0,39.09203436899952,166447616.0,,,,,,
receiver_loso_03,13-14,B210,4829,DG_GROUPDRO,4528,0.63557132759798241,0.6793968811287846,0.67314487632508835,0.1447330570414451,0.8243926442237844,0.823142443372049,64774.0,99.49846632100162,166501376.0,,,,,,
receiver_loso_03,13-14,B210,4829,P0,4528,0.710390572543944,0.74216641090059454,0.73763250883392228,0.11057081128809559,0.8715978112114479,0.8702928930436974,64774.0,39.5164737390005,166500864.0,,,,,,
receiver_loso_03,13-14,B210,4829,P0_WIDE,4528,0.69177174828478538,0.73509988961314809,0.73012367491166075,0.15369715713714849,0.8657378184782556,0.864902088415599,74827.0,30.54181576900009,166664704.0,,,,,,
receiver_loso_03,13-14,B210,4829,P1,4528,0.7304894873902098,0.7549511916595294,0.75110424028268552,0.1157697417539653,0.847505387396799,0.8451331221108513,73030.0,100.44999712299978,178401792.0,,,,,,
receiver_loso_03,13-14,B210,4829,P2,4528,0.69235974874490325,0.72123767217401424,0.71554770318021199,0.1400016127121321,0.8538641312372075,0.8506981071272036,75143.0,104.4453342380002,182013952.0,,,,,,
receiver_loso_03,13-14,B210,4829,P2_MISMATCHED_RX,4528,0.66243306110258127,0.70223606906927627,0.69611307420494695,0.1692303609260927,0.839282831679604,0.8345537863496277,75143.0,2.8413648750010907,80650240.0,,,,,,
receiver_loso_03,13-14,B210,4829,P2_NULL,4528,0.66575984719751802,0.70716501800790199,0.70119257950530034,0.1494869790220956,0.8485817302537927,0.8438185052144794,75143.0,0.4688805880014115,80650240.0,,,,,,
receiver_loso_03,13-14,B210,4829,P2_SHUFFLED,4528,0.63112806771702623,0.6840677128898216,0.67734098939929333,0.19339948526646139,0.8407935030650463,0.8349835686479982,75143.0,3.9023322070006543,80650240.0,,,,,,
receiver_loso_03,13-14,B210,4829,RX_NORM,4528,0.6262086199828264,0.68721470542582785,0.68109540636042398,0.17037207817546879,0.8580628389564618,0.8561727533512484,64774.0,0.4014885950000462,71660544.0,,,,,,
receiver_loso_03,13-14,B210,4829,SOURCE_NORM,4528,0.71887797608819337,0.74691669555194329,0.74249116607773846,0.1118270268486055,0.8571508126984958,0.8554928755109756,64774.0,38.0429729589996,166500864.0,,,,,,
receiver_loso_03,13-14,B210,4829,T3A,4528,0.76855325920539286,0.78898375118191921,0.78555653710247353,0.15962845300301221,0.894253440069634,0.8947424171487387,64774.0,0.6384233549997589,73746944.0,,,,,,
receiver_loso_04,13-7,B210,829,DG_CORAL,4672,0.81916204643233892,0.81979371991722461,0.81977739726027399,0.065476599780919201,0.8206405848125078,0.8174637890070365,64774.0,302.28777923300004,166500864.0,,,,,,
receiver_loso_04,13-7,B210,829,DG_DANN,4672,0.80106517088533258,0.8025233757523792,0.80244006849315064,0.079984133753746994,0.8146416156391241,0.8125656694553108,70754.0,33.639690114001496,166447616.0,,,,,,
receiver_loso_04,13-7,B210,829,DG_GROUPDRO,4672,0.80585492351727972,0.80660487859682595,0.80650684931506844,0.060258885682879397,0.7705660333473809,0.7667885706864727,64774.0,131.3230324190008,166501376.0,,,,,,
receiver_loso_04,13-7,B210,829,P0,4672,0.83234356306621649,0.83252801522884201,0.83240582191780821,0.069896219126012599,0.8153331721856539,0.8119921706347261,64774.0,27.99276136300068,166500864.0,,,,,,
receiver_loso_04,13-7,B210,829,P0_WIDE,4672,0.79820112431001411,0.80215754400899375,0.80201198630136983,0.098216122804107506,0.8293312014039724,0.8281108820402299,74827.0,25.57915572999991,166664704.0,,,,,,
receiver_loso_04,13-7,B210,829,P1,4672,0.82643431794984412,0.82679152213657536,0.82662671232876717,0.079209215390457596,0.8507649104900233,0.8484258688019591,73030.0,92.42106864000016,181449728.0,,,,,,
receiver_loso_04,13-7,B210,829,P2,4672,0.82429535328356274,0.8227222731676066,0.82277397260273977,0.071320914717595302,0.8216654548046857,0.8193191220302638,75143.0,99.27039832400078,185805312.0,,,,,,
receiver_loso_04,13-7,B210,829,P2_MISMATCHED_RX,4672,0.82745796570694274,0.82705656394887495,0.82705479452054798,0.074808774917858506,0.8172768034392766,0.8133945529610299,75143.0,2.8753030249990843,80650240.0,,,,,,
receiver_loso_04,13-7,B210,829,P2_NULL,4672,0.8195366350568688,0.82022187890555787,0.8202054794520548,0.055321207793097703,0.8173028348629755,0.8144575853388699,75143.0,0.5517364080005791,80650240.0,,,,,,
receiver_loso_04,13-7,B210,829,P2_SHUFFLED,4672,0.8233419494540638,0.82343581760076479,0.82341609589041098,0.078834063086454506,0.8207098095765034,0.8180187437105751,75143.0,3.5524576119987614,80650240.0,,,,,,
receiver_loso_04,13-7,B210,829,RX_NORM,4672,0.8222136197824722,0.8239157674393085,0.82384417808219179,0.095696532661860706,0.8153351043206616,0.812983761183388,64774.0,0.4634677140002168,71660544.0,,,,,,
receiver_loso_04,13-7,B210,829,SOURCE_NORM,4672,0.82023936289054233,0.82257885901117289,0.82255993150684936,0.053860909707384899,0.8207164951443954,0.8185429115907606,64774.0,39.458370319000096,166500864.0,,,,,,
receiver_loso_04,13-7,B210,829,T3A,4672,0.82981472819760826,0.82916932344556871,0.82898116438356162,0.047989166099322897,0.8368620536555434,0.8354694522762648,64774.0,0.6607830399989325,73746944.0,,,,,,
receiver_loso_04,13-7,B210,1829,DG_CORAL,4672,0.84224010177089748,0.8418213507589497,0.84203767123287676,0.052274651933869702,0.8322188711904827,0.8317517268500428,64774.0,330.819965364999,166500864.0,,,,,,
receiver_loso_04,13-7,B210,1829,DG_DANN,4672,0.81463247661634142,0.81436433727056634,0.81464041095890416,0.088318319449022603,0.82397035048771,0.823756975135082,70754.0,38.46350318900113,166447616.0,,,,,,
receiver_loso_04,13-7,B210,1829,DG_GROUPDRO,4672,0.81100132032867822,0.81038771516579999,0.81057363013698636,0.029623110421410099,0.7949740394608864,0.7932171112814119,64774.0,100.33152146199971,166501376.0,,,,,,
receiver_loso_04,13-7,B210,1829,P0,4672,0.8488997086426503,0.84807117389936171,0.84824486301369861,0.044000127627067703,0.827493137065877,0.8266878669665365,64774.0,30.08215182799904,166500864.0,,,,,,
receiver_loso_04,13-7,B210,1829,P0_WIDE,4672,0.83926077138892474,0.83870809409743574,0.83882705479452058,0.058959191671432203,0.8268977037184887,0.8256480391783648,74827.0,41.58839793200059,166664704.0,,,,,,
receiver_loso_04,13-7,B210,1829,P1,4672,0.78850498655177603,0.79060942182959815,0.79088184931506844,0.098801506530136293,0.8065632749276018,0.804114314303732,73030.0,102.09042691099968,181449728.0,,,,,,
receiver_loso_04,13-7,B210,1829,P2,4672,0.81287285880882931,0.81382702576434485,0.81421232876712324,0.089217439223693198,0.8263895502457465,0.825624245276105,75143.0,102.24950280199846,185805312.0,,,,,,
receiver_loso_04,13-7,B210,1829,P2_MISMATCHED_RX,4672,0.81254332024595721,0.81323266133091332,0.81357020547945202,0.087465084585271802,0.7812964748583237,0.7751944050077703,75143.0,2.759995963999245,80650240.0,,,,,,
receiver_loso_04,13-7,B210,1829,P2_NULL,4672,0.81515097427364369,0.81446516147243642,0.81485445205479456,0.068397907868716606,0.8098880122952469,0.8069151514468423,75143.0,0.5183358140002383,80650240.0,,,,,,
receiver_loso_04,13-7,B210,1829,P2_SHUFFLED,4672,0.81424064468415125,0.81466451102478565,0.81485445205479456,0.088097615668243895,0.8131765428083394,0.8105332860079669,75143.0,3.690763002001404,80650240.0,,,,,,
receiver_loso_04,13-7,B210,1829,RX_NORM,4672,0.81958141866762679,0.81961126965165698,0.81977739726027399,0.058010638136518702,0.8086261639905664,0.808308773341685,64774.0,0.4744915430001128,71660544.0,,,,,,
receiver_loso_04,13-7,B210,1829,SOURCE_NORM,4672,0.82023937666041613,0.82066707144383588,0.82084760273972601,0.055363946785665502,0.8188809993085983,0.8185491431624855,64774.0,31.69068653999966,166500864.0,,,,,,
receiver_loso_04,13-7,B210,1829,T3A,4672,0.82576766401364665,0.82700659244843766,0.82726883561643838,0.062480239261400998,0.8410573410281,0.8405699508304569,64774.0,0.6928783909988852,73746944.0,,,,,,
receiver_loso_04,13-7,B210,2829,DG_CORAL,4672,0.83730370853376723,0.83580522677901714,0.8358304794520548,0.054303074118438703,0.8493114529828314,0.8468871219904387,64774.0,318.8204510260002,166500864.0,,,,,,
receiver_loso_04,13-7,B210,2829,DG_DANN,4672,0.7994796563838058,0.80199935892104712,0.80201198630136983,0.080021348826536096,0.8397228361984966,0.838038542378436,70754.0,31.77627073199983,166447616.0,,,,,,
receiver_loso_04,13-7,B210,2829,DG_GROUPDRO,4672,0.81182368385963233,0.80931912680023677,0.80950342465753422,0.047875801420273,0.8118612623362348,0.810201839110492,64774.0,83.9250015710004,166501376.0,,,,,,
receiver_loso_04,13-7,B210,2829,P0,4672,0.81059608910788261,0.81172202236051272,0.81185787671232879,0.070074909028584306,0.8409653350524517,0.8381284281380932,64774.0,31.071164946000863,166500864.0,,,,,,
receiver_loso_04,13-7,B210,2829,P0_WIDE,4672,0.83424472531724148,0.83389909023291808,0.83411815068493156,0.046725277600758799,0.8411800966202202,0.8386765190915559,74827.0,39.77901546400062,166664704.0,,,,,,
receiver_loso_04,13-7,B210,2829,P1,4672,0.80016183054411405,0.79926345819293898,0.79944349315068497,0.082501293396041397,0.8041425693080985,0.8019235034952906,73030.0,92.3056271559999,178401792.0,,,,,,
receiver_loso_04,13-7,B210,2829,P2,4672,0.81887050316912646,0.81915756359186576,0.81934931506849318,0.085036685460642497,0.824321878671308,0.8224217236646466,75143.0,96.78636611799992,182013952.0,,,,,,
receiver_loso_04,13-7,B210,2829,P2_MISMATCHED_RX,4672,0.79447483130430463,0.7954713628472555,0.79559075342465757,0.1095625778328473,0.8171792132325427,0.8154930273545359,75143.0,2.7832999139991443,80650240.0,,,,,,
receiver_loso_04,13-7,B210,2829,P2_NULL,4672,0.82229645227316361,0.82293421347038265,0.82320205479452058,0.0523022837834815,0.8083475252849021,0.8033663247226146,75143.0,0.5362660029986728,80650240.0,,,,,,
receiver_loso_04,13-7,B210,2829,P2_SHUFFLED,4672,0.81036631601153264,0.81153718382663931,0.81164383561643838,0.084717773781349398,0.8082638140478395,0.8040754028275892,75143.0,3.611145966000549,80650240.0,,,,,,
receiver_loso_04,13-7,B210,2829,RX_NORM,4672,0.82070770581737051,0.82027196401135427,0.8202054794520548,0.098410248424704694,0.8256987361778109,0.822842923657773,64774.0,0.5068647989992314,71660544.0,,,,,,
receiver_loso_04,13-7,B210,2829,SOURCE_NORM,4672,0.82710840243486994,0.82533852928621176,0.82534246575342463,0.070735103265726795,0.8424659327928959,0.8404869988549065,64774.0,42.87344177399973,166500864.0,,,,,,
receiver_loso_04,13-7,B210,2829,T3A,4672,0.81686667363388421,0.81632212685919703,0.8165667808219178,0.080609593668008503,0.8613754989743879,0.8588155971465796,64774.0,0.6647983250004472,73746944.0,,,,,,
receiver_loso_04,13-7,B210,3829,DG_CORAL,4672,0.80067820537408896,0.8019975143715109,0.80201198630136983,0.049997988431267897,0.7695322036431019,0.7629809774087106,64774.0,326.77924770900063,166500864.0,,,,,,
receiver_loso_04,13-7,B210,3829,DG_DANN,4672,0.75864300564723719,0.76292709429200434,0.76284246575342463,0.086455023955961996,0.7621028765365628,0.7556407003210975,70754.0,43.1999377839984,166447616.0,,,,,,
receiver_loso_04,13-7,B210,3829,DG_GROUPDRO,4672,0.79262480949658221,0.79264809276011394,0.79259417808219179,0.075476445232147998,0.7149596093021781,0.7037934962660618,64774.0,135.80305576200044,166501376.0,,,,,,
receiver_loso_04,13-7,B210,3829,P0,4672,0.78839677222939253,0.79072944302104597,0.79066780821917804,0.084550485161630606,0.7576546750389355,0.7520357823519451,64774.0,40.19685135200052,166500864.0,,,,,,
receiver_loso_04,13-7,B210,3829,P0_WIDE,4672,0.79226225469173095,0.79282310512204379,0.7928082191780822,0.069213264892898294,0.7604343544890978,0.7527769230685858,74827.0,38.84935726699951,166664704.0,,,,,,
receiver_loso_04,13-7,B210,3829,P1,4672,0.75260861900935294,0.75850871951116661,0.75856164383561642,0.1046813933038446,0.7791196511023903,0.7745741638403555,73030.0,84.06834053000057,181449728.0,,,,,,
receiver_loso_04,13-7,B210,3829,P2,4672,0.81853436595651574,0.8189386152864766,0.81913527397260277,0.083727501906862803,0.8076782208983989,0.804360097996176,75143.0,108.66845622099936,185805312.0,,,,,,
receiver_loso_04,13-7,B210,3829,P2_MISMATCHED_RX,4672,0.83505459277397875,0.83335240100170616,0.83347602739726023,0.077663107775151702,0.8064622490753717,0.803354798756612,75143.0,2.7470978180008387,80650240.0,,,,,,
receiver_loso_04,13-7,B210,3829,P2_NULL,4672,0.82148341225431487,0.82045676762552844,0.82063356164383561,0.044847231339152901,0.8048737759817834,0.800267888084082,75143.0,0.5138217669991718,80650240.0,,,,,,
receiver_loso_04,13-7,B210,3829,P2_SHUFFLED,4672,0.82363122482957085,0.82259600472191219,0.82277397260273977,0.093981713247931906,0.7942193095346685,0.7895172046251004,75143.0,3.495924121998541,80650240.0,,,,,,
receiver_loso_04,13-7,B210,3829,RX_NORM,4672,0.75769514636654822,0.7618467525379623,0.76198630136986301,0.082963698473439998,0.7527741193490806,0.7472271138345695,64774.0,0.4401471270011825,71660544.0,,,,,,
receiver_loso_04,13-7,B210,3829,SOURCE_NORM,4672,0.7651718655078743,0.76936824391323633,0.7694777397260274,0.076808349720572294,0.751646983527925,0.7458340726175976,64774.0,29.08008164000057,166500864.0,,,,,,
receiver_loso_04,13-7,B210,3829,T3A,4672,0.79002628297382038,0.79365483100469048,0.79366438356164382,0.051619204836068203,0.7851251457322598,0.7854849736404349,64774.0,0.6810784869994677,73746944.0,,,,,,
receiver_loso_04,13-7,B210,4829,DG_CORAL,4672,0.83942463198690287,0.8368739060536825,0.83711472602739723,0.058374271020037997,0.8363833517367371,0.8348566102902956,64774.0,322.79230009799903,166500864.0,,,,,,
receiver_loso_04,13-7,B210,4829,DG_DANN,4672,0.83610754263034315,0.8349780314013574,0.83518835616438358,0.046476178477224697,0.8389117912619706,0.8368875876181313,70754.0,34.75139098999898,166447616.0,,,,,,
receiver_loso_04,13-7,B210,4829,DG_GROUPDRO,4672,0.76667672462470715,0.7640353942696182,0.76455479452054798,0.061366260546093697,0.7949849535328646,0.790724787616968,64774.0,87.34866058199987,166501376.0,,,,,,
receiver_loso_04,13-7,B210,4829,P0,4672,0.8443108403681191,0.84232586632312678,0.84246575342465757,0.062094373296793098,0.8530487372127805,0.8510907424187092,64774.0,39.93108181299976,166500864.0,,,,,,
receiver_loso_04,13-7,B210,4829,P0_WIDE,4672,0.84947798973993516,0.84727516078645504,0.84738869863013699,0.047545676636318202,0.831647336612062,0.8272588071618169,74827.0,39.99396753699875,166664704.0,,,,,,
receiver_loso_04,13-7,B210,4829,P1,4672,0.82799074925204497,0.82560962584924535,0.82598458904109584,0.076072860349684093,0.8219700769027726,0.8182496573160424,73030.0,95.5571656079992,181449728.0,,,,,,
receiver_loso_04,13-7,B210,4829,P2,4672,0.78323601037223878,0.78310216473828076,0.78339041095890416,0.092351867128418696,0.8008626590281089,0.7977245221838984,75143.0,105.30542859700108,185805312.0,,,,,,
receiver_loso_04,13-7,B210,4829,P2_MISMATCHED_RX,4672,0.77103098897685174,0.77013026450712507,0.77033390410958902,0.098386436381874803,0.8021646635924897,0.7981519317241865,75143.0,2.697270630000276,80650240.0,,,,,,
receiver_loso_04,13-7,B210,4829,P2_NULL,4672,0.78021749805075169,0.78065988030677202,0.78060787671232879,0.049763532935909599,0.7945538293933172,0.7903473230311014,75143.0,0.5355797609990987,80650240.0,,,,,,
receiver_loso_04,13-7,B210,4829,P2_SHUFFLED,4672,0.76888179960433645,0.7711065873992603,0.77119006849315064,0.092404930820458905,0.7943346077041055,0.789185365218628,75143.0,3.53990911999972,80650240.0,,,,,,
receiver_loso_04,13-7,B210,4829,RX_NORM,4672,0.84448353306452295,0.84179481370976028,0.84182363013698636,0.073933019487774101,0.8381892971284962,0.8360811709305914,64774.0,0.4730618840003444,71660544.0,,,,,,
receiver_loso_04,13-7,B210,4829,SOURCE_NORM,4672,0.85461705569834834,0.85221885314680501,0.85231164383561642,0.053706057031626203,0.8393179845586866,0.8375502956518299,64774.0,31.597686989000067,166500864.0,,,,,,
receiver_loso_04,13-7,B210,4829,T3A,4672,0.82146226032716718,0.81818909522357153,0.81849315068493156,0.079535635599662396,0.8692374821911285,0.8682482720819332,64774.0,0.6672283150001022,73746944.0,,,,,,
receiver_loso_05,14-7,N210,829,DG_CORAL,4672,0.87638130488866839,0.87645079389147584,0.87628424657534243,0.057631658925993798,0.7999696760048663,0.788506118614614,64774.0,326.31606530499994,166500864.0,,,,,,
receiver_loso_05,14-7,N210,829,DG_DANN,4672,0.86290370427582153,0.86551497622361817,0.86536815068493156,0.056606008518129899,0.7856701527280953,0.7750886986850848,70754.0,33.092515319000086,166447616.0,,,,,,
receiver_loso_05,14-7,N210,829,DG_GROUPDRO,4672,0.84705881743571254,0.85140520871552983,0.85124143835616439,0.032984446912799802,0.7490079576009063,0.7410442291166056,64774.0,123.50939269800074,166501376.0,,,,,,
receiver_loso_05,14-7,N210,829,P0,4672,0.86494014231124738,0.86618620419434278,0.86601027397260277,0.064960964158024298,0.8012368506392608,0.7908732496451357,64774.0,35.8019036379992,166500864.0,,,,,,
receiver_loso_05,14-7,N210,829,P0_WIDE,4672,0.88547450100587077,0.88604146714183807,0.88591609589041098,0.063276985749500206,0.8046223613897245,0.7963700885339596,74827.0,36.36498773400126,166664704.0,,,,,,
receiver_loso_05,14-7,N210,829,P1,4672,0.86367370766512297,0.86803069201564964,0.86793664383561642,0.073192393502909403,0.8036924710110372,0.7982651717327914,73030.0,95.63048543900004,181449728.0,,,,,,
receiver_loso_05,14-7,N210,829,P2,4672,0.8817416235998653,0.88273812702509735,0.8827054794520548,0.051648614979157702,0.774332291396202,0.7712025207339762,75143.0,81.75080205099948,185805312.0,,,,,,
receiver_loso_05,14-7,N210,829,P2_MISMATCHED_RX,4672,0.86043875507179945,0.863270123615686,0.8632277397260274,0.068849261996833805,0.7580881029319686,0.7522884366975312,75143.0,3.1618258809994586,80650240.0,,,,,,
receiver_loso_05,14-7,N210,829,P2_NULL,4672,0.86202251735040425,0.86453347269181047,0.86451198630136983,0.044316731042496497,0.764721449621368,0.7614575802690774,75143.0,0.5716608170005202,80650240.0,,,,,,
receiver_loso_05,14-7,N210,829,P2_SHUFFLED,4672,0.86552647400143645,0.86776662138045824,0.86772260273972601,0.064364561587827204,0.7684790333465785,0.7651941979541385,75143.0,4.2899258920006105,80650240.0,,,,,,
receiver_loso_05,14-7,N210,829,RX_NORM,4672,0.93477473963258317,0.93479381681179718,0.93471746575342463,0.011679070274511301,0.8047585055492187,0.7970118799718972,64774.0,0.4920554529999208,71660544.0,,,,,,
receiver_loso_05,14-7,N210,829,SOURCE_NORM,4672,0.93716115832960156,0.93714588992767001,0.93707191780821919,0.0105124801040103,0.8024739732252452,0.7940073053112492,64774.0,31.43041027400068,166500864.0,,,,,,
receiver_loso_05,14-7,N210,829,T3A,4672,0.93269837009973555,0.93265125583905439,0.93257705479452058,0.13511515217386691,0.8188517137516961,0.8107056588477527,64774.0,0.723880145998919,73746944.0,,,,,,
receiver_loso_05,14-7,N210,1829,DG_CORAL,4672,0.87437792816191717,0.87440661422565036,0.87414383561643838,0.042184252866020698,0.8107795010009635,0.8060638331320744,64774.0,311.6217282170019,166500864.0,,,,,,
receiver_loso_05,14-7,N210,1829,DG_DANN,4672,0.80712981600264866,0.80813670373301461,0.80779109589041098,0.067590014466837295,0.7836090022190608,0.7779588058068313,70754.0,23.439988801001164,166447616.0,,,,,,
receiver_loso_05,14-7,N210,1829,DG_GROUPDRO,4672,0.83549088473146682,0.83901499188699946,0.83861301369863017,0.041180719379080397,0.7574054565641481,0.7507942975984568,64774.0,111.74168314300186,166501376.0,,,,,,
receiver_loso_05,14-7,N210,1829,P0,4672,0.86439400701670976,0.86457142872752446,0.86429794520547942,0.049607189471055101,0.7877570978326588,0.7837831118561941,64774.0,31.00371092899877,166500864.0,,,,,,
receiver_loso_05,14-7,N210,1829,P0_WIDE,4672,0.836539484397267,0.84138237197262999,0.84096746575342463,0.1009533070506247,0.8050256801906185,0.8027654583895368,74827.0,38.12423170200054,166664704.0,,,,,,
receiver_loso_05,14-7,N210,1829,P1,4672,0.81882167942212269,0.82471322935250579,0.8242722602739726,0.1005328336207527,0.7835379618065658,0.7816848803705178,73030.0,67.86431235700002,181449728.0,,,,,,
receiver_loso_05,14-7,N210,1829,P2,4672,0.78825228093077693,0.79203988816510673,0.79173801369863017,0.13090131963182189,0.7680425640558709,0.7678124816011573,75143.0,82.47928394799965,185805312.0,,,,,,
receiver_loso_05,14-7,N210,1829,P2_MISMATCHED_RX,4672,0.76840069690972224,0.77567018646176911,0.77525684931506844,0.1455301282646721,0.7459751973291574,0.7429420231251388,75143.0,3.0808013419991767,80650240.0,,,,,,
receiver_loso_05,14-7,N210,1829,P2_NULL,4672,0.78326715248211742,0.78865224254688393,0.78831335616438358,0.096075398228705297,0.7610344781010047,0.7587404587955205,75143.0,0.5799955050024437,80650240.0,,,,,,
receiver_loso_05,14-7,N210,1829,P2_SHUFFLED,4672,0.78684079022313791,0.79140600849831744,0.79109589041095896,0.13211140493951631,0.7572306654132307,0.755918837176984,75143.0,3.890707472000941,80650240.0,,,,,,
receiver_loso_05,14-7,N210,1829,RX_NORM,4672,0.85678138855924768,0.85947484049700984,0.8591609589041096,0.077881343075877907,0.7887887563666963,0.7855894511983771,64774.0,0.4043290139998134,71660544.0,,,,,,
receiver_loso_05,14-7,N210,1829,SOURCE_NORM,4672,0.86381210406808095,0.86632129256557622,0.86601027397260277,0.070404520322096598,0.7994311183713066,0.7960266379216151,64774.0,42.59930181899836,166500864.0,,,,,,
receiver_loso_05,14-7,N210,1829,T3A,4672,0.90095738937605863,0.90090617927484062,0.90089897260273977,0.12540355496976061,0.8053829349336894,0.8028491491431518,64774.0,0.5916017900017323,73746944.0,,,,,,
receiver_loso_05,14-7,N210,2829,DG_CORAL,4672,0.89299519061619304,0.89846215186782163,0.89811643835616439,0.036064215801809303,0.8136611437552398,0.8060834911697335,64774.0,331.7654228320025,166500864.0,,,,,,
receiver_loso_05,14-7,N210,2829,DG_DANN,4672,0.89740275599607833,0.89839856515937289,0.89811643835616439,0.048902292110740202,0.8131989933546291,0.805819861435353,70754.0,37.30063646200142,166447616.0,,,,,,
receiver_loso_05,14-7,N210,2829,DG_GROUPDRO,4672,0.76321411569950381,0.78958555696665422,0.7889554794520548,0.0807415158424067,0.764546483869473,0.7553677684131074,64774.0,86.01460283300185,166501376.0,,,,,,
receiver_loso_05,14-7,N210,2829,P0,4672,0.8768797808782004,0.8841810766000755,0.88377568493150682,0.066235295592564802,0.8123798002145616,0.8059179718205366,64774.0,28.69015407900224,166500864.0,,,,,,
receiver_loso_05,14-7,N210,2829,P0_WIDE,4672,0.88897552067853691,0.89096357118434355,0.890625,0.044050127631436002,0.7853987366017564,0.7787866563968872,74827.0,28.85739455699877,166664704.0,,,,,,
receiver_loso_05,14-7,N210,2829,P1,4672,0.84321093995414298,0.84622703469277472,0.84589041095890416,0.1061979710979208,0.7784464867487482,0.7748816275712751,73030.0,96.586832959998,178401792.0,,,,,,
receiver_loso_05,14-7,N210,2829,P2,4672,0.86108772050412374,0.86228022473165433,0.86194349315068497,0.0742088567325207,0.784661255969925,0.7812834122242389,75143.0,73.79668416899949,182013952.0,,,,,,
receiver_loso_05,14-7,N210,2829,P2_MISMATCHED_RX,4672,0.84107779541604877,0.84413662498512754,0.84375,0.089966531377285705,0.7799642101456529,0.775053706337566,75143.0,2.953043097997579,80650240.0,,,,,,
receiver_loso_05,14-7,N210,2829,P2_NULL,4672,0.85923069623922499,0.86057844338549006,0.86023116438356162,0.062365152866719897,0.7751978591402321,0.7708444998887022,75143.0,0.5148285799987207,80650240.0,,,,,,
receiver_loso_05,14-7,N210,2829,P2_SHUFFLED,4672,0.84311668414961349,0.84563676431915447,0.84524828767123283,0.0904662509525372,0.7677808026837979,0.7632291738127851,75143.0,3.7611758510029176,80650240.0,,,,,,
receiver_loso_05,14-7,N210,2829,RX_NORM,4672,0.92494725678572298,0.92640086810850664,0.92615582191780821,0.024296874244225299,0.8025536541406119,0.7930968515791835,64774.0,0.5368669039999077,71660544.0,,,,,,
receiver_loso_05,14-7,N210,2829,SOURCE_NORM,4672,0.92811396806903002,0.92938548619706163,0.92915239726027399,0.020114240447084701,0.8093709394389008,0.8009640470956914,64774.0,42.22544671400101,166500864.0,,,,,,
receiver_loso_05,14-7,N210,2829,T3A,4672,0.91695210447020958,0.91937304811076836,0.91909246575342463,0.061590452560491497,0.8401521751623018,0.8388175041779861,64774.0,0.7213027910001983,73746944.0,,,,,,
receiver_loso_05,14-7,N210,3829,DG_CORAL,4672,0.81727349214097877,0.81752829011979389,0.81678082191780821,0.075509318016622501,0.7320451860505243,0.7267301270202674,64774.0,198.1588180059989,166500864.0,,,,,,
receiver_loso_05,14-7,N210,3829,DG_DANN,4672,0.84660925554318245,0.84955585805045819,0.84910102739726023,0.069345371580797496,0.7399399239248193,0.7316028956362044,70754.0,34.07093374800024,166447616.0,,,,,,
receiver_loso_05,14-7,N210,3829,DG_GROUPDRO,4672,0.8447783087755002,0.84534948296851109,0.84482020547945202,0.058216806290645698,0.7261093554676235,0.7195381701339946,64774.0,140.48905531799755,166501376.0,,,,,,
receiver_loso_05,14-7,N210,3829,P0,4672,0.84311298664246836,0.84493509594420579,0.84439212328767121,0.081135114846266301,0.7582141950948054,0.75317397558825,64774.0,27.385444579998875,166500864.0,,,,,,
receiver_loso_05,14-7,N210,3829,P0_WIDE,4672,0.80614400546556764,0.80845969601799395,0.80779109589041098,0.1466153870489805,0.7196982139487295,0.7124402166598905,74827.0,29.66686282700175,166664704.0,,,,,,
receiver_loso_05,14-7,N210,3829,P1,4672,0.85043670829000062,0.85015764951957429,0.84952910958904104,0.10584608791396009,0.7640381154640306,0.7622308502846704,73030.0,102.09789864499908,181449728.0,,,,,,
receiver_loso_05,14-7,N210,3829,P2,4672,0.83433680060475746,0.83596846897118049,0.83561643835616439,0.1108293762264696,0.7857461477295106,0.783177716555976,75143.0,79.06962946299973,185805312.0,,,,,,
receiver_loso_05,14-7,N210,3829,P2_MISMATCHED_RX,4672,0.8202742158102132,0.82171922173882839,0.82148972602739723,0.12054170641971571,0.7803481633901895,0.7758598450661913,75143.0,2.7212319930004014,80650240.0,,,,,,
receiver_loso_05,14-7,N210,3829,P2_NULL,4672,0.79748046919065363,0.80116318704005252,0.8007277397260274,0.11659923833731101,0.7861417971056147,0.7805396229922389,75143.0,0.568273485001555,80650240.0,,,,,,
receiver_loso_05,14-7,N210,3829,P2_SHUFFLED,4672,0.81240885018014863,0.81549931131355324,0.81506849315068497,0.12847971262997149,0.7717238617695158,0.7671024045217768,75143.0,3.632246713998029,80650240.0,,,,,,
receiver_loso_05,14-7,N210,3829,RX_NORM,4672,0.85461740476605164,0.85665683924455804,0.85616438356164382,0.058604231901619903,0.7552705819690697,0.7488360584990771,64774.0,0.4561685869994107,71660544.0,,,,,,
receiver_loso_05,14-7,N210,3829,SOURCE_NORM,4672,0.85435556643905597,0.85644480209660834,0.85595034246575341,0.060339719025188497,0.7559569202943898,0.7491203381749516,64774.0,36.6284862859975,166500864.0,,,,,,
receiver_loso_05,14-7,N210,3829,T3A,4672,0.8921486156851639,0.89216398774288719,0.89190924657534243,0.13259115341527719,0.7852668546330298,0.7850052527870285,64774.0,0.6592609299987089,73746944.0,,,,,,
receiver_loso_05,14-7,N210,4829,DG_CORAL,4672,0.92283304514919284,0.92263087543271438,0.92251712328767121,0.0139510563689552,0.7901747236075872,0.782558659869031,64774.0,312.5220163729973,166500864.0,,,,,,
receiver_loso_05,14-7,N210,4829,DG_DANN,4672,0.89545622639032085,0.8956100973496306,0.89554794520547942,0.0242954472028841,0.7974506731863213,0.790954164318807,70754.0,34.95632122800089,166447616.0,,,,,,
receiver_loso_05,14-7,N210,4829,DG_GROUPDRO,4672,0.823703212653769,0.82536799011409989,0.82512842465753422,0.031573004038264497,0.7545300906599665,0.7496403967487142,64774.0,81.88628181599779,166501376.0,,,,,,
receiver_loso_05,14-7,N210,4829,P0,4672,0.91460630166924239,0.91383245953306702,0.91374143835616439,0.032193751182815297,0.796181431496798,0.7905444930773577,64774.0,29.19449996899857,166500864.0,,,,,,
receiver_loso_05,14-7,N210,4829,P0_WIDE,4672,0.90694681991427795,0.90709870207718357,0.90689212328767121,0.052304428453518903,0.7862541939276836,0.7789033034223217,74827.0,30.79881390599985,166664704.0,,,,,,
receiver_loso_05,14-7,N210,4829,P1,4672,0.87879584424035517,0.87737056351993659,0.87735445205479456,0.082507921000049403,0.764023811991635,0.7566796766254789,73030.0,102.97535659400091,181449728.0,,,,,,
receiver_loso_05,14-7,N210,4829,P2,4672,0.90645533397299938,0.90898376377899703,0.90881849315068497,0.060606782031181701,0.7834230390514656,0.7800399032123603,75143.0,100.63258748000226,185805312.0,,,,,,
receiver_loso_05,14-7,N210,4829,P2_MISMATCHED_RX,4672,0.88257592882869063,0.88747421860307718,0.88720034246575341,0.0789014332583301,0.7666636088211822,0.757794262760943,75143.0,2.937989848000143,80650240.0,,,,,,
receiver_loso_05,14-7,N210,4829,P2_NULL,4672,0.87630798229621953,0.88276182190309582,0.88249143835616439,0.077237002978943398,0.7614406489441324,0.756128645697387,75143.0,0.5869886299988138,80650240.0,,,,,,
receiver_loso_05,14-7,N210,4829,P2_SHUFFLED,4672,0.89026720408990412,0.89447402649794971,0.89426369863013699,0.074231643178691603,0.7678928252832321,0.7629180927152467,75143.0,3.949186988000292,80650240.0,,,,,,
receiver_loso_05,14-7,N210,4829,RX_NORM,4672,0.87967243965732955,0.87981099983897781,0.87970890410958902,0.045247746089294702,0.7798416178733696,0.7730234342579193,64774.0,0.5213767300010659,71660544.0,,,,,,
receiver_loso_05,14-7,N210,4829,SOURCE_NORM,4672,0.87572383348891769,0.87627727383304788,0.87607020547945202,0.047894918717035703,0.7809278450756735,0.7734583586858729,64774.0,30.121554739002026,166500864.0,,,,,,
receiver_loso_05,14-7,N210,4829,T3A,4672,0.94778132712052165,0.94771669658297464,0.94777397260273977,0.12504645156010669,0.8136146448549341,0.8138918036781725,64774.0,0.5652476969989948,73746944.0,,,,,,
receiver_loso_06,18-19,B210,829,DG_CORAL,4672,0.81566024898773992,0.81671124955151209,0.81678082191780821,0.0866482987049456,0.8499168465175816,0.8479952118514446,64774.0,332.5102515340004,166500864.0,,,,,,
receiver_loso_06,18-19,B210,829,DG_DANN,4672,0.78031808258200186,0.7832797936108814,0.78317636986301364,0.090690980247566305,0.8186126583762697,0.8163512243032057,70754.0,27.09329650600193,166447616.0,,,,,,
receiver_loso_06,18-19,B210,829,DG_GROUPDRO,4672,0.77416103925908608,0.7769155743608217,0.77696917808219179,0.067408663000630795,0.7798408274201988,0.7771626956104719,64774.0,96.26517123699888,166501376.0,,,,,,
receiver_loso_06,18-19,B210,829,P0,4672,0.80424310563328483,0.80629690866256987,0.80629280821917804,0.096163396347211993,0.8387888784033676,0.8367171961184473,64774.0,29.803922695999063,166500864.0,,,,,,
receiver_loso_06,18-19,B210,829,P0_WIDE,4672,0.81330104694888972,0.81504754220973119,0.81549657534246578,0.081997996789390501,0.8389042784504287,0.837525592105957,74827.0,25.16437992099964,166664704.0,,,,,,
receiver_loso_06,18-19,B210,829,P1,4672,0.81921856678915594,0.81990139566254616,0.81999143835616439,0.0826518952061919,0.8528570291187597,0.8523878166349759,73030.0,76.24350020299971,181449728.0,,,,,,
receiver_loso_06,18-19,B210,829,P2,4672,0.81370538175427998,0.81499354068494412,0.81528253424657537,0.098776063983877199,0.8428068883838553,0.8409652667209162,75143.0,94.6210381000019,185805312.0,,,,,,
receiver_loso_06,18-19,B210,829,P2_MISMATCHED_RX,4672,0.79444621199732623,0.79638913613483153,0.7966609589041096,0.11162233290785591,0.8338095519936521,0.8333015625465782,75143.0,3.045799539002473,80650240.0,,,,,,
receiver_loso_06,18-19,B210,829,P2_NULL,4672,0.79145302912509408,0.79508037010963373,0.79559075342465757,0.096784988182201298,0.830362271237829,0.8282335767096299,75143.0,0.4550584419994266,80650240.0,,,,,,
receiver_loso_06,18-19,B210,829,P2_SHUFFLED,4672,0.80364636787190058,0.80522091881716651,0.80543664383561642,0.10898848276661879,0.8330939230052183,0.8308807036254732,75143.0,3.958473106999009,80650240.0,,,,,,
receiver_loso_06,18-19,B210,829,RX_NORM,4672,0.79282802346949011,0.79655900415243985,0.79644691780821919,0.1147015024780307,0.8450568302317515,0.8441522240263213,64774.0,0.4303676160016039,71660544.0,,,,,,
receiver_loso_06,18-19,B210,829,SOURCE_NORM,4672,0.7960851294753466,0.79877103207369105,0.79858732876712324,0.10478663716899,0.8552916007205414,0.8547361403875092,64774.0,39.44992981799805,166500864.0,,,,,,
receiver_loso_06,18-19,B210,829,T3A,4672,0.83525166831356634,0.83599944508045132,0.83625856164383561,0.1166605275947192,0.8570826351379782,0.8562058187383204,64774.0,0.733336342000257,73746944.0,,,,,,
receiver_loso_06,18-19,B210,1829,DG_CORAL,4672,0.80775064141122466,0.80696740339132089,0.80714897260273977,0.091815337388814394,0.8441830871499375,0.8426189522645741,64774.0,302.3722716810007,166500864.0,,,,,,
receiver_loso_06,18-19,B210,1829,DG_DANN,4672,0.82224822434069367,0.82242257024539323,0.82255993150684936,0.069653520513683106,0.8592911255444217,0.858619685405007,70754.0,36.7658593979977,166447616.0,,,,,,
receiver_loso_06,18-19,B210,1829,DG_GROUPDRO,4672,0.82849151894139983,0.82867313454302372,0.82898116438356162,0.0421820259876294,0.8331583717871931,0.8329402826135303,64774.0,127.14241634100108,166501376.0,,,,,,
receiver_loso_06,18-19,B210,1829,P0,4672,0.82681365243324223,0.82711397270032894,0.82726883561643838,0.068240021661638298,0.8582550029444692,0.8576882918801849,64774.0,26.997471727998345,166500864.0,,,,,,
receiver_loso_06,18-19,B210,1829,P0_WIDE,4672,0.81794410201487899,0.81860780424406965,0.81892123287671237,0.090696710018338997,0.8606438280131873,0.8605938808221195,74827.0,30.47577841400198,166664704.0,,,,,,
receiver_loso_06,18-19,B210,1829,P1,4672,0.84497704337475554,0.8448260499453476,0.84503424657534243,0.088834491864561105,0.8332316906495519,0.8329965222564839,73030.0,99.36094588999912,181449728.0,,,,,,
receiver_loso_06,18-19,B210,1829,P2,4672,0.82708352417228115,0.82726061779377502,0.82748287671232879,0.093766794374136,0.8329613385376745,0.8321633462854569,75143.0,101.88433622500088,185805312.0,,,,,,
receiver_loso_06,18-19,B210,1829,P2_MISMATCHED_RX,4672,0.79832224987864819,0.80066937579681596,0.8007277397260274,0.098252472480478303,0.8090140137905398,0.805795894106425,75143.0,3.0124576999987767,80650240.0,,,,,,
receiver_loso_06,18-19,B210,1829,P2_NULL,4672,0.80886563801202893,0.810738519969048,0.81121575342465757,0.081228695283580094,0.8159939746021792,0.8125768191758942,75143.0,0.5583434460022545,80650240.0,,,,,,
receiver_loso_06,18-19,B210,1829,P2_SHUFFLED,4672,0.81784412627083825,0.81849165470693253,0.81870719178082196,0.094255642238238804,0.8090717378206608,0.805568211550204,75143.0,3.782504644997971,80650240.0,,,,,,
receiver_loso_06,18-19,B210,1829,RX_NORM,4672,0.83100131005828526,0.8318828687056351,0.8321917808219178,0.071468879070056404,0.8530918578715049,0.8519314384547995,64774.0,0.4443589420006901,71660544.0,,,,,,
receiver_loso_06,18-19,B210,1829,SOURCE_NORM,4672,0.8308406817428885,0.83188995346570327,0.8321917808219178,0.069311407681758697,0.8543053965092461,0.8531390571611611,64774.0,35.45064686999831,166500864.0,,,,,,
receiver_loso_06,18-19,B210,1829,T3A,4672,0.8425252372568629,0.84212597226556862,0.84246575342465757,0.080205901812966093,0.8730507357761356,0.8730344554599205,64774.0,0.6126871129999927,73746944.0,,,,,,
receiver_loso_06,18-19,B210,2829,DG_CORAL,4672,0.8421878510966222,0.84292215630141587,0.84310787671232879,0.065014377038619606,0.8732199754805553,0.8727534365796509,64774.0,325.60181940999973,166500864.0,,,,,,
receiver_loso_06,18-19,B210,2829,DG_DANN,4672,0.84989024978244265,0.85050957825165785,0.85081335616438358,0.054903083359695098,0.8542601343315493,0.8539077302080776,70754.0,30.75725974600209,166447616.0,,,,,,
receiver_loso_06,18-19,B210,2829,DG_GROUPDRO,4672,0.83451942368037535,0.83376108405771954,0.83411815068493156,0.036722918822468302,0.8202604484791761,0.8186052618858694,64774.0,102.47005315600109,166501376.0,,,,,,
receiver_loso_06,18-19,B210,2829,P0,4672,0.83435871261070715,0.83575347222652974,0.8360445205479452,0.069186293433917898,0.8546594953164105,0.8542988504938319,64774.0,25.35348615300245,166500864.0,,,,,,
receiver_loso_06,18-19,B210,2829,P0_WIDE,4672,0.84532448707609475,0.84537439104391898,0.84546232876712324,0.063612870451011896,0.8841847754649628,0.8841939592485651,74827.0,29.019061795999733,166664704.0,,,,,,
receiver_loso_06,18-19,B210,2829,P1,4672,0.81669547452666835,0.81791387008050298,0.81806506849315064,0.0978278385488036,0.8327536742678006,0.8317525848830538,73030.0,101.8679187020025,178401792.0,,,,,,
receiver_loso_06,18-19,B210,2829,P2,4672,0.8316912643106763,0.83213575325776812,0.83240582191780821,0.078944403930146095,0.8522447444286051,0.8513711828289662,75143.0,90.46246907599924,182013952.0,,,,,,
receiver_loso_06,18-19,B210,2829,P2_MISMATCHED_RX,4672,0.82421648697555072,0.8260371102766878,0.82641267123287676,0.084380246520246505,0.8367732853582627,0.8361525181243867,75143.0,2.8320619959995383,80650240.0,,,,,,
receiver_loso_06,18-19,B210,2829,P2_NULL,4672,0.82098728844184887,0.82212397329342002,0.82255993150684936,0.062026158456805397,0.8518766864735499,0.8507301774085674,75143.0,0.5410569060004491,80650240.0,,,,,,
receiver_loso_06,18-19,B210,2829,P2_SHUFFLED,4672,0.83024284510642854,0.83106999377626145,0.83133561643835618,0.078755822469646103,0.8449684825696316,0.8444556401778077,75143.0,3.5996172510022006,80650240.0,,,,,,
receiver_loso_06,18-19,B210,2829,RX_NORM,4672,0.83976023357663376,0.84163781541902372,0.84203767123287676,0.069131652119709799,0.862787011926384,0.8624029447469023,64774.0,0.447303812001337,71660544.0,,,,,,
receiver_loso_06,18-19,B210,2829,SOURCE_NORM,4672,0.84875479179453084,0.84946369926662468,0.84974315068493156,0.059084385888625503,0.8677689623235599,0.8675524712034234,64774.0,37.48901333100002,166500864.0,,,,,,
receiver_loso_06,18-19,B210,2829,T3A,4672,0.85111079327724648,0.85155114072913296,0.85188356164383561,0.093546241930086302,0.8676702630186924,0.8677941206392763,64774.0,0.5854861740008346,73746944.0,,,,,,
receiver_loso_06,18-19,B210,3829,DG_CORAL,4672,0.80753720432283282,0.80838280152089703,0.8084332191780822,0.083493990759837294,0.8174471035834423,0.8158733776953184,64774.0,331.9407876580008,166500864.0,,,,,,
receiver_loso_06,18-19,B210,3829,DG_DANN,4672,0.7955351135953338,0.79777159529407793,0.79773116438356162,0.089111213065198994,0.8169371316951235,0.8148696251280249,70754.0,38.88019605000227,166447616.0,,,,,,
receiver_loso_06,18-19,B210,3829,DG_GROUPDRO,4672,0.74071462610133676,0.74890977437800854,0.74892979452054798,0.089048443524779294,0.7916654161423601,0.7895877646760013,64774.0,107.30867841099824,166501376.0,,,,,,
receiver_loso_06,18-19,B210,3829,P0,4672,0.80908254553901049,0.80992847625007769,0.80993150684931503,0.081800126540793494,0.8292034275131243,0.8270585048561264,64774.0,32.57894608599963,166500864.0,,,,,,
receiver_loso_06,18-19,B210,3829,P0_WIDE,4672,0.77473727380466373,0.77849979514018541,0.77868150684931503,0.1091016567828874,0.82985823909674,0.8282474485707736,74827.0,34.33764086199881,166664704.0,,,,,,
receiver_loso_06,18-19,B210,3829,P1,4672,0.82249405316710167,0.82250563828600798,0.82255993150684936,0.082325441711773598,0.8384107833608199,0.8383036521691203,73030.0,95.74773916799676,181449728.0,,,,,,
receiver_loso_06,18-19,B210,3829,P2,4672,0.84361662909474877,0.84287092390026286,0.84289383561643838,0.069569468428061804,0.8698991707522956,0.8661924607997263,75143.0,104.71980144500048,185805312.0,,,,,,
receiver_loso_06,18-19,B210,3829,P2_MISMATCHED_RX,4672,0.82832667363254708,0.82891165605267547,0.82898116438356162,0.072283206466100605,0.846692348278702,0.8417268317404626,75143.0,3.029953438999655,80650240.0,,,,,,
receiver_loso_06,18-19,B210,3829,P2_NULL,4672,0.82780222362371569,0.82900941773309966,0.82919520547945202,0.034241009344129901,0.860009259497078,0.8575591809462287,75143.0,0.5546846860015648,80650240.0,,,,,,
receiver_loso_06,18-19,B210,3829,P2_SHUFFLED,4672,0.81885578561371763,0.8196654230026863,0.81977739726027399,0.083285272076776898,0.8599403389771697,0.856128642855241,75143.0,3.90726440599974,80650240.0,,,,,,
receiver_loso_06,18-19,B210,3829,RX_NORM,4672,0.79870530165385167,0.79683704860719351,0.796875,0.1069797126014959,0.809855953873825,0.8077840729648925,64774.0,0.4799932700007048,71660544.0,,,,,,
receiver_loso_06,18-19,B210,3829,SOURCE_NORM,4672,0.79746195362516048,0.79554809468808096,0.79559075342465757,0.10893600194217409,0.8129885354232131,0.8110844405540226,64774.0,32.58376714100086,166500864.0,,,,,,
receiver_loso_06,18-19,B210,3829,T3A,4672,0.82285465575506811,0.8238084730461438,0.82384417808219179,0.096634451073454003,0.84351494076741,0.8426949657995881,64774.0,0.7323638939997181,73746944.0,,,,,,
receiver_loso_06,18-19,B210,4829,DG_CORAL,4672,0.81340162173762964,0.81324372723587723,0.81335616438356162,0.071597587977446697,0.8796496581710166,0.8780808561619303,64774.0,299.1357702969981,166500864.0,,,,,,
receiver_loso_06,18-19,B210,4829,DG_DANN,4672,0.7994587421847531,0.8009807652433355,0.80115582191780821,0.071800435835827195,0.8696117237272186,0.8684975398662452,70754.0,30.32160362799914,166447616.0,,,,,,
receiver_loso_06,18-19,B210,4829,DG_GROUPDRO,4672,0.79481809567076367,0.79637875369004585,0.7966609589041096,0.058623234661653201,0.8532891772007747,0.8524394195687289,64774.0,112.14199608099808,166501376.0,,,,,,
receiver_loso_06,18-19,B210,4829,P0,4672,0.78342558444933719,0.78575755226895216,0.78595890410958902,0.066681688979956993,0.8674797562473682,0.866988485824871,64774.0,23.055507862001832,166500864.0,,,,,,
receiver_loso_06,18-19,B210,4829,P0_WIDE,4672,0.81638239075255281,0.81672954313060375,0.81678082191780821,0.093034876433953806,0.8795424816959558,0.8791815355794074,74827.0,38.334275527999125,166664704.0,,,,,,
receiver_loso_06,18-19,B210,4829,P1,4672,0.78453434384226872,0.78467145360767698,0.78488869863013699,0.097965265496646706,0.847596772056537,0.8471297458472259,73030.0,58.7020843470018,178401792.0,,,,,,
receiver_loso_06,18-19,B210,4829,P2,4672,0.8005419106134215,0.80298301762481683,0.80308219178082196,0.11358399426385959,0.8350958605462794,0.8326607059842625,75143.0,95.81511156299894,185805312.0,,,,,,
receiver_loso_06,18-19,B210,4829,P2_MISMATCHED_RX,4672,0.78583518206259662,0.78891292324351669,0.7889554794520548,0.1259145665856409,0.8055900759912372,0.8026694694411808,75143.0,2.8748527290008496,80650240.0,,,,,,
receiver_loso_06,18-19,B210,4829,P2_NULL,4672,0.79176770155333953,0.79321226984264648,0.79323630136986301,0.11320485133511871,0.817385264786945,0.8134907151699103,75143.0,0.474347936000413,80650240.0,,,,,,
receiver_loso_06,18-19,B210,4829,P2_SHUFFLED,4672,0.78535748597656785,0.78847930416564183,0.78852739726027399,0.1258070609111287,0.8186489942375815,0.8153690577706146,75143.0,3.790295888997207,80650240.0,,,,,,
receiver_loso_06,18-19,B210,4829,RX_NORM,4672,0.81831238513178073,0.8195902346357351,0.81977739726027399,0.056810728066970802,0.8868003657998429,0.88630547910024,64774.0,0.4289072719984688,71660544.0,,,,,,
receiver_loso_06,18-19,B210,4829,SOURCE_NORM,4672,0.83194151332305666,0.83248685510752696,0.83261986301369861,0.045075031313152103,0.8863006826282928,0.8852320993345435,64774.0,39.78981683299935,166500864.0,,,,,,
receiver_loso_06,18-19,B210,4829,T3A,4672,0.80289748655906601,0.80456664273564849,0.8047945205479452,0.1284412905344203,0.8895983178111885,0.8896795467916759,64774.0,0.7668568110020715,73746944.0,,,,,,
receiver_loso_07,18-2,B210,829,DG_CORAL,4672,0.76874269584277055,0.79077192374025429,0.79152397260273977,0.1015431173145771,0.8113414724747607,0.7950000910881494,64774.0,275.02339946400025,166500864.0,,,,,,
receiver_loso_07,18-2,B210,829,DG_DANN,4672,0.77658852904672671,0.79484529031470574,0.79559075342465757,0.11171441573062781,0.8207907879438716,0.8002307524771423,70754.0,36.53220841300208,166447616.0,,,,,,
receiver_loso_07,18-2,B210,829,DG_GROUPDRO,4672,0.69293428919395028,0.72935365743187663,0.73009417808219179,0.14695580538413289,0.7919141530157554,0.777596573373034,64774.0,119.06527763899794,166501376.0,,,,,,
receiver_loso_07,18-2,B210,829,P0,4672,0.74506644973659064,0.77407278014561121,0.77482876712328763,0.1189641026869314,0.8129122520943465,0.7957086695461033,64774.0,23.81960567799979,166500864.0,,,,,,
receiver_loso_07,18-2,B210,829,P0_WIDE,4672,0.76543502264537411,0.79745333626704762,0.79815924657534243,0.1147808921013078,0.8194451658239054,0.8066545111728439,74827.0,28.286799181001697,166664704.0,,,,,,
receiver_loso_07,18-2,B210,829,P1,4672,0.78806658288223852,0.80553701712468084,0.80607876712328763,0.098443952816449104,0.787333428758874,0.7749085329440731,73030.0,82.44153042199832,181449728.0,,,,,,
receiver_loso_07,18-2,B210,829,P2,4672,0.77826379245833399,0.79935572915655417,0.80008561643835618,0.108429953414462,0.8125100743280327,0.8065224066589591,75143.0,97.23541542900055,185805312.0,,,,,,
receiver_loso_07,18-2,B210,829,P2_MISMATCHED_RX,4672,0.74189118215108929,0.78190126286089023,0.78274828767123283,0.13311558499715401,0.7873035725937744,0.776972855698077,75143.0,2.7860628190028365,80650240.0,,,,,,
receiver_loso_07,18-2,B210,829,P2_NULL,4672,0.7486198352789456,0.77085808106289966,0.77161815068493156,0.11198094709176711,0.737440271157801,0.724435094688474,75143.0,0.481414202000451,80650240.0,,,,,,
receiver_loso_07,18-2,B210,829,P2_SHUFFLED,4672,0.73398523428885898,0.77697926787617533,0.77782534246575341,0.14177215111454669,0.7940954635779144,0.7859975063607726,75143.0,3.733797670000058,80650240.0,,,,,,
receiver_loso_07,18-2,B210,829,RX_NORM,4672,0.75188698077197846,0.77943080965299483,0.78017979452054798,0.1261256712182641,0.8130614833760013,0.7976256547431461,64774.0,0.4787801889979164,71660544.0,,,,,,
receiver_loso_07,18-2,B210,829,SOURCE_NORM,4672,0.75879170211234792,0.78500786623512619,0.78574486301369861,0.1216870378001197,0.8275260583111873,0.8121392020972727,64774.0,40.97470715700183,166500864.0,,,,,,
receiver_loso_07,18-2,B210,829,T3A,4672,0.75671410342420675,0.78814613138464884,0.7889554794520548,0.065510244000294801,0.84006964801705,0.8320723371161746,64774.0,0.619670436000888,73746944.0,,,,,,
receiver_loso_07,18-2,B210,1829,DG_CORAL,4672,0.80898579223283973,0.82660861718023038,0.8283390410958904,0.066295636530761398,0.8123077211279446,0.8039794725278244,64774.0,297.23377841099864,166500864.0,,,,,,
receiver_loso_07,18-2,B210,1829,DG_DANN,4672,0.78255314707042023,0.80325667153708302,0.8045804794520548,0.065640552836942298,0.8230914207985339,0.8163880375657397,70754.0,41.262869898000645,166447616.0,,,,,,
receiver_loso_07,18-2,B210,1829,DG_GROUPDRO,4672,0.74151367840167082,0.78055196290056361,0.78274828767123283,0.038543889232056303,0.7974098284102661,0.790469569774992,64774.0,90.2684419569996,166501376.0,,,,,,
receiver_loso_07,18-2,B210,1829,P0,4672,0.79783524522892535,0.81303076462573953,0.81464041095890416,0.091380682346500305,0.8172961646675123,0.8061717985714753,64774.0,28.809736555998825,166500864.0,,,,,,
receiver_loso_07,18-2,B210,1829,P0_WIDE,4672,0.81973408184961738,0.83279343451882371,0.83411815068493156,0.070619338817179994,0.8097747516424093,0.8035398928157776,74827.0,31.255727245003072,166664704.0,,,,,,
receiver_loso_07,18-2,B210,1829,P1,4672,0.77035095685123445,0.81145528111039444,0.81357020547945202,0.10870328675062479,0.8114738856449409,0.8091121149237358,73030.0,99.63804120599887,178401792.0,,,,,,
receiver_loso_07,18-2,B210,1829,P2,4672,0.82079709961044323,0.83535713058714034,0.83668664383561642,0.080156428991395898,0.7960704282258555,0.7920518719836863,75143.0,85.36612841500028,182013952.0,,,,,,
receiver_loso_07,18-2,B210,1829,P2_MISMATCHED_RX,4672,0.82300177538815877,0.83484811758249522,0.8360445205479452,0.076356696140352703,0.7637246980031192,0.7546528804197937,75143.0,2.800927936001244,80650240.0,,,,,,
receiver_loso_07,18-2,B210,1829,P2_NULL,4672,0.80077618881031221,0.81998406611585439,0.82148972602739723,0.067406401063685506,0.7787224090330186,0.7711918770170269,75143.0,0.4626454450008168,80650240.0,,,,,,
receiver_loso_07,18-2,B210,1829,P2_SHUFFLED,4672,0.8170243650665725,0.83236261928959587,0.83369006849315064,0.087468049511287893,0.7795107920773235,0.7729448741441917,75143.0,3.617308043001685,80650240.0,,,,,,
receiver_loso_07,18-2,B210,1829,RX_NORM,4672,0.81118179766086873,0.82413344850662684,0.82555650684931503,0.071802991531687205,0.8082802102787215,0.7979140790587606,64774.0,0.4207105850000516,71660544.0,,,,,,
receiver_loso_07,18-2,B210,1829,SOURCE_NORM,4672,0.80412097143943262,0.8185286701990041,0.81999143835616439,0.075532588737774395,0.8159379469120943,0.8072303122448871,64774.0,42.60906564600009,166500864.0,,,,,,
receiver_loso_07,18-2,B210,1829,T3A,4672,0.79242275740308132,0.80871053335405574,0.81035958904109584,0.039892297722909503,0.855239242627289,0.8493276758071228,64774.0,0.5699994739989052,73746944.0,,,,,,
receiver_loso_07,18-2,B210,2829,DG_CORAL,4672,0.76840488272941976,0.79855513773355202,0.79922945205479456,0.1036911331601951,0.830426940523224,0.8170823295095927,64774.0,330.15886040499754,166500864.0,,,,,,
receiver_loso_07,18-2,B210,2829,DG_DANN,4672,0.73752475177295806,0.7796635067810781,0.78039383561643838,0.1208244659427604,0.8326418248636845,0.8232641291810491,70754.0,36.17728683899986,166447616.0,,,,,,
receiver_loso_07,18-2,B210,2829,DG_GROUPDRO,4672,0.69175545641268121,0.73743954289051061,0.7382277397260274,0.1104748221305645,0.8096449027872429,0.7999627719067561,64774.0,118.50100311399729,166501376.0,,,,,,
receiver_loso_07,18-2,B210,2829,P0,4672,0.76778376220361233,0.79836427492732753,0.79901541095890416,0.1108990638478569,0.8261296802141627,0.8134331983172051,64774.0,30.730794724997395,166500864.0,,,,,,
receiver_loso_07,18-2,B210,2829,P0_WIDE,4672,0.76184505506649358,0.77920607460821334,0.77975171232876717,0.1146195676777358,0.8219246380697903,0.8111882654817975,74827.0,41.34854533199905,166664704.0,,,,,,
receiver_loso_07,18-2,B210,2829,P1,4672,0.7883235295028248,0.80735455535076195,0.80800513698630139,0.1105831461282421,0.8146660967328015,0.8024616690125322,73030.0,95.6742182229973,181449728.0,,,,,,
receiver_loso_07,18-2,B210,2829,P2,4672,0.79380774409973942,0.81824128637987181,0.81892123287671237,0.098893686213645401,0.8132747699512729,0.8074444006575341,75143.0,100.28882526300004,185805312.0,,,,,,
receiver_loso_07,18-2,B210,2829,P2_MISMATCHED_RX,4672,0.75962198166020689,0.8009953720563755,0.80179794520547942,0.121569369600652,0.7986252734037237,0.7903218706269631,75143.0,2.681308622999495,80650240.0,,,,,,
receiver_loso_07,18-2,B210,2829,P2_NULL,4672,0.70276769725126309,0.74545883565150239,0.7461472602739726,0.14533368349458051,0.7905331203367659,0.7806951991016673,75143.0,0.5058674659994722,80650240.0,,,,,,
receiver_loso_07,18-2,B210,2829,P2_SHUFFLED,4672,0.74813546133264985,0.7953872605421165,0.79623287671232879,0.128874381209966,0.8001511643678572,0.791393914638435,75143.0,3.4304276050024782,80650240.0,,,,,,
receiver_loso_07,18-2,B210,2829,RX_NORM,4672,0.76940959459729019,0.79282842741848725,0.79345034246575341,0.089129377118222497,0.8155655307936273,0.8015760450678179,64774.0,0.4553858389990637,71660544.0,,,,,,
receiver_loso_07,18-2,B210,2829,SOURCE_NORM,4672,0.76911435384728211,0.792616644208609,0.79323630136986301,0.089877345765086103,0.8169007040309855,0.8022327875790243,64774.0,35.44959820099757,166500864.0,,,,,,
receiver_loso_07,18-2,B210,2829,T3A,4672,0.79995002953173966,0.81650209424914821,0.81699486301369861,0.0752062645759944,0.8475316924982362,0.8382041264890785,64774.0,0.5476445919994148,73746944.0,,,,,,
receiver_loso_07,18-2,B210,3829,DG_CORAL,4672,0.79133679308832994,0.80931677926972834,0.81014554794520544,0.079987962660060696,0.777043753922838,0.7712900424122595,64774.0,328.0209096940016,166500864.0,,,,,,
receiver_loso_07,18-2,B210,3829,DG_DANN,4672,0.79480260404477165,0.80271380875786724,0.80308219178082196,0.075317234056044902,0.7839544553320298,0.7749852690383007,70754.0,41.6551614179989,166447616.0,,,,,,
receiver_loso_07,18-2,B210,3829,DG_GROUPDRO,4672,0.72290853979169567,0.74306023035244018,0.74400684931506844,0.090060949826306802,0.7938079637611462,0.7869696029108711,64774.0,118.24622989399722,166501376.0,,,,,,
receiver_loso_07,18-2,B210,3829,P0,4672,0.75006635674434941,0.78311727370697437,0.78424657534246578,0.077378387473625701,0.7646755227019583,0.7517271512363152,64774.0,26.65841304899732,166500864.0,,,,,,
receiver_loso_07,18-2,B210,3829,P0_WIDE,4672,0.82600679489279705,0.84343720540282108,0.84439212328767121,0.065138708299331993,0.7926298292717178,0.7871914995214221,74827.0,34.67651511599979,166664704.0,,,,,,
receiver_loso_07,18-2,B210,3829,P1,4672,0.77454146194344287,0.80366840181062937,0.8047945205479452,0.085427279501183701,0.8207247308191502,0.815969667323996,73030.0,83.55353552799716,181449728.0,,,,,,
receiver_loso_07,18-2,B210,3829,P2,4672,0.81564890887263963,0.82707130191825862,0.8279109589041096,0.0905891182220043,0.8149324607595707,0.8063152783405686,75143.0,103.62330193100206,185805312.0,,,,,,
receiver_loso_07,18-2,B210,3829,P2_MISMATCHED_RX,4672,0.76160174867265873,0.78732126859990137,0.78852739726027399,0.144910575104367,0.7858921133352409,0.7739804352236143,75143.0,2.7135593989987683,80650240.0,,,,,,
receiver_loso_07,18-2,B210,3829,P2_NULL,4672,0.78971695900348882,0.80154420138343019,0.80244006849315064,0.082046584848135803,0.7836081774145773,0.7726788069987154,75143.0,0.5211487550004676,80650240.0,,,,,,
receiver_loso_07,18-2,B210,3829,P2_SHUFFLED,4672,0.78532054042308552,0.8035285707186649,0.8045804794520548,0.1168273005328357,0.8024959532618166,0.7944310274886753,75143.0,3.563543619999109,80650240.0,,,,,,
receiver_loso_07,18-2,B210,3829,RX_NORM,4672,0.7576080810974376,0.79105980509077523,0.79216609589041098,0.093247723280873204,0.791535159201195,0.7823043780520074,64774.0,0.4674952890018176,71660544.0,,,,,,
receiver_loso_07,18-2,B210,3829,SOURCE_NORM,4672,0.75532102862853734,0.78850015229635628,0.78959760273972601,0.095270111129861501,0.790150586980574,0.7810652158132102,64774.0,31.415835230000084,166500864.0,,,,,,
receiver_loso_07,18-2,B210,3829,T3A,4672,0.80517109807955567,0.82876383000908982,0.82983732876712324,0.1662481883859695,0.796337290853648,0.7813568472399242,64774.0,0.696482762999949,73746944.0,,,,,,
receiver_loso_07,18-2,B210,4829,DG_CORAL,4672,0.72900052387472813,0.76405865171052889,0.76391267123287676,0.1125039759902156,0.7972470838348306,0.782345258495035,64774.0,323.689847251997,166500864.0,,,,,,
receiver_loso_07,18-2,B210,4829,DG_DANN,4672,0.70791312363789416,0.74121646256641827,0.74101027397260277,0.13838937965362039,0.7973656535326371,0.7876524036407645,70754.0,41.28345252699728,166447616.0,,,,,,
receiver_loso_07,18-2,B210,4829,DG_GROUPDRO,4672,0.69196084448102158,0.71734524023748891,0.71746575342465757,0.079683698471380404,0.7678808945261787,0.7539493992972067,64774.0,87.98130322200086,166501376.0,,,,,,
receiver_loso_07,18-2,B210,4829,P0,4672,0.74384592734901667,0.77326167673103885,0.77311643835616439,0.10422356283828001,0.800717991311581,0.7892269036677501,64774.0,36.51845737999975,166500864.0,,,,,,
receiver_loso_07,18-2,B210,4829,P0_WIDE,4672,0.765882555678289,0.79352837700929546,0.79345034246575341,0.1029402338453147,0.811235415724287,0.8036221426816033,74827.0,36.57926021800085,166664704.0,,,,,,
receiver_loso_07,18-2,B210,4829,P1,4672,0.77789533307206604,0.79564768252826834,0.79559075342465757,0.1017744228792415,0.7840864566076529,0.7757371409959458,73030.0,92.6005488619994,181449728.0,,,,,,
receiver_loso_07,18-2,B210,4829,P2,4672,0.80175222254406198,0.82347603563298177,0.82341609589041098,0.1046082964358365,0.7999940836585022,0.7890739721641742,75143.0,106.77413975300078,185805312.0,,,,,,
receiver_loso_07,18-2,B210,4829,P2_MISMATCHED_RX,4672,0.78259772235509562,0.80895064605461087,0.80886130136986301,0.1030985709464764,0.7671780092880546,0.7559354259191009,75143.0,2.7134744780014444,80650240.0,,,,,,
receiver_loso_07,18-2,B210,4829,P2_NULL,4672,0.76695628062537047,0.80233291328163558,0.80222602739726023,0.10677265072215909,0.7585447327341241,0.7477619937766761,75143.0,0.5322185049990367,80650240.0,,,,,,
receiver_loso_07,18-2,B210,4829,P2_SHUFFLED,4672,0.74702990282356474,0.78927734950535988,0.7891695205479452,0.13369028550598211,0.7626577922227549,0.7478654022908932,75143.0,3.479784243998438,80650240.0,,,,,,
receiver_loso_07,18-2,B210,4829,RX_NORM,4672,0.72691619161758136,0.75316588770985071,0.75299657534246578,0.1177994508921385,0.7941419587535367,0.7793328147795907,64774.0,0.4759890470013488,71660544.0,,,,,,
receiver_loso_07,18-2,B210,4829,SOURCE_NORM,4672,0.73210567760741929,0.75701590219817427,0.75684931506849318,0.1140871652631625,0.7963403693441459,0.7822854243653842,64774.0,31.60875429400039,166500864.0,,,,,,
receiver_loso_07,18-2,B210,4829,T3A,4672,0.79038772622266773,0.81060082900651764,0.81057363013698636,0.15427556096206169,0.8266019385113781,0.8194738812748138,64774.0,0.6827277960001084,73746944.0,,,,,,
receiver_loso_08,19-1,N210,829,DG_CORAL,4672,0.73380482472630559,0.75557759957814297,0.75620719178082196,0.1122456557717021,0.8375833892044641,0.8377627260952462,64774.0,278.84685602099853,166500864.0,,,,,,
receiver_loso_08,19-1,N210,829,DG_DANN,4672,0.77513354993525263,0.79414285730408052,0.79473458904109584,0.088673234225110406,0.8478460223040352,0.847874275541228,70754.0,41.137783668997145,166447616.0,,,,,,
receiver_loso_08,19-1,N210,829,DG_GROUPDRO,4672,0.71471046001944583,0.73859889500423781,0.73929794520547942,0.11040211836041949,0.7992996721010472,0.7988733294424625,64774.0,99.7717705560026,166501376.0,,,,,,
receiver_loso_08,19-1,N210,829,P0,4672,0.78386927473350843,0.79086204959189288,0.79130993150684936,0.087374944252612594,0.8361313768458615,0.837243582728351,64774.0,35.58352121899952,166500864.0,,,,,,
receiver_loso_08,19-1,N210,829,P0_WIDE,4672,0.78550924481450124,0.79320553059873167,0.79366438356164382,0.1061528959783585,0.8524243373571742,0.8529608697418225,74827.0,33.02959720400031,166664704.0,,,,,,
receiver_loso_08,19-1,N210,829,P1,4672,0.78129089225945447,0.78530124226674003,0.78574486301369861,0.1079521986706921,0.8602884078560478,0.8598402050838662,73030.0,62.22664488199735,178401792.0,,,,,,
receiver_loso_08,19-1,N210,829,P2,4672,0.78055659588637083,0.77450569245914458,0.77482876712328763,0.12912659775082991,0.8503190218317882,0.8501347346428924,75143.0,76.39656950599965,182013952.0,,,,,,
receiver_loso_08,19-1,N210,829,P2_MISMATCHED_RX,4672,0.7754508823159626,0.77076146977105686,0.77119006849315064,0.14232316909179291,0.8484972409216461,0.8483116298617985,75143.0,2.746555059999082,80650240.0,,,,,,
receiver_loso_08,19-1,N210,829,P2_NULL,4672,0.76756787878034627,0.76141433488613153,0.7617722602739726,0.11425533908266219,0.8429533071556272,0.8429124449353154,75143.0,0.5122289909995743,80650240.0,,,,,,
receiver_loso_08,19-1,N210,829,P2_SHUFFLED,4672,0.76212200711352684,0.75921757976565418,0.75963184931506844,0.1524148137270383,0.8477274664957658,0.8475223982003356,75143.0,3.619827776998136,80650240.0,,,,,,
receiver_loso_08,19-1,N210,829,RX_NORM,4672,0.73540874290944436,0.7591948686523976,0.75984589041095896,0.10923699500064731,0.820620939643904,0.8215248364068147,64774.0,0.533873936998134,71660544.0,,,,,,
receiver_loso_08,19-1,N210,829,SOURCE_NORM,4672,0.7322513462324115,0.75661801058734002,0.75727739726027399,0.1122681786727211,0.8367208640736225,0.8373582815155292,64774.0,35.998827915998845,166500864.0,,,,,,
receiver_loso_08,19-1,N210,829,T3A,4672,0.81472036602437736,0.82062640069281778,0.82106164383561642,0.1413271608826232,0.846772125457438,0.8481875173404334,64774.0,0.5855652399986866,73746944.0,,,,,,
receiver_loso_08,19-1,N210,1829,DG_CORAL,4672,0.77833168365926231,0.77470741165517676,0.77525684931506844,0.085561779576468502,0.8570346790406557,0.8570450627727184,64774.0,216.6426960030003,166500864.0,,,,,,
receiver_loso_08,19-1,N210,1829,DG_DANN,4672,0.77982738245819361,0.78100223259926549,0.78189212328767121,0.090729736863342,0.8438182683961566,0.8444857998299083,70754.0,31.2746767619974,166447616.0,,,,,,
receiver_loso_08,19-1,N210,1829,DG_GROUPDRO,4672,0.69042859841556437,0.70264906407742433,0.70376712328767121,0.105886354305692,0.8122402438864658,0.8119833405794618,64774.0,74.51050070400015,166501376.0,,,,,,
receiver_loso_08,19-1,N210,1829,P0,4672,0.76966216970019208,0.7713615971201091,0.77226027397260277,0.1085298533155902,0.8611337610495786,0.8611923098359614,64774.0,22.27864452400172,166500864.0,,,,,,
receiver_loso_08,19-1,N210,1829,P0_WIDE,4672,0.76114586221916269,0.75975750043283385,0.76048801369863017,0.13317524517363269,0.8498721401938066,0.8482565231014118,74827.0,18.830811471001653,166664704.0,,,,,,
receiver_loso_08,19-1,N210,1829,P1,4672,0.74827918607698407,0.74561969476483814,0.74657534246575341,0.18177097556117469,0.8747007707917994,0.8745667598923538,73030.0,98.50029351799822,181449728.0,,,,,,
receiver_loso_08,19-1,N210,1829,P2,4672,0.66733189971538875,0.66533233745923959,0.66588184931506844,0.2202283412071378,0.8546818160642653,0.8538944523813544,75143.0,77.00805154399859,185805312.0,,,,,,
receiver_loso_08,19-1,N210,1829,P2_MISMATCHED_RX,4672,0.66847236746908834,0.66364209354535142,0.6641695205479452,0.22708482792830631,0.8184680091461916,0.8182589527819485,75143.0,2.796098179998808,80650240.0,,,,,,
receiver_loso_08,19-1,N210,1829,P2_NULL,4672,0.6738262859313785,0.65776099348598682,0.65817636986301364,0.1905308576900358,0.85011612357278,0.8495002772951071,75143.0,0.4870802740006184,80650240.0,,,,,,
receiver_loso_08,19-1,N210,1829,P2_SHUFFLED,4672,0.65088173189089982,0.6492146584617533,0.64982876712328763,0.23122451622804549,0.8364364394466461,0.8348991218082967,75143.0,3.899125620999257,80650240.0,,,,,,
receiver_loso_08,19-1,N210,1829,RX_NORM,4672,0.8020941659386347,0.79725267439057868,0.79773116438356162,0.078710004598004299,0.8636484169966643,0.8637519883937612,64774.0,0.4965137779981887,71660544.0,,,,,,
receiver_loso_08,19-1,N210,1829,SOURCE_NORM,4672,0.80681190327038921,0.80240032729989641,0.80286815068493156,0.076523394630073696,0.8664948755829931,0.8667384382013404,64774.0,33.84750640800121,166500864.0,,,,,,
receiver_loso_08,19-1,N210,1829,T3A,4672,0.80817663446777033,0.81029516405980317,0.81100171232876717,0.1049203803022838,0.8636698133766686,0.864465711165545,64774.0,0.7107240549994458,73746944.0,,,,,,
receiver_loso_08,19-1,N210,2829,DG_CORAL,4672,0.74658220075987758,0.7580285292651735,0.75749143835616439,0.13325360980624809,0.8496712538850444,0.85047365725878,64774.0,230.85353286900136,166500864.0,,,,,,
receiver_loso_08,19-1,N210,2829,DG_DANN,4672,0.74793713508087223,0.76765642014132995,0.76733732876712324,0.1229342916686955,0.8401643648255884,0.8411802481783321,70754.0,35.93893649000165,166447616.0,,,,,,
receiver_loso_08,19-1,N210,2829,DG_GROUPDRO,4672,0.666538680304403,0.67764185451594738,0.67701198630136983,0.1566429665720421,0.8268680990816369,0.8267995440171608,64774.0,84.70887596000102,166501376.0,,,,,,
receiver_loso_08,19-1,N210,2829,P0,4672,0.74591496566444337,0.75685935890592704,0.75642123287671237,0.14673028789996481,0.8663082388109083,0.8672219356014669,64774.0,29.78067264999845,166500864.0,,,,,,
receiver_loso_08,19-1,N210,2829,P0_WIDE,4672,0.73215203680043917,0.7232048402246688,0.72238869863013699,0.1884493384293395,0.8504674502422512,0.8506665945077926,74827.0,28.17519147100029,166664704.0,,,,,,
receiver_loso_08,19-1,N210,2829,P1,4672,0.79422303151885087,0.79165153843520242,0.79130993150684936,0.14285321672102561,0.8510961274107561,0.8513663414401306,73030.0,102.38445363199936,181449728.0,,,,,,
receiver_loso_08,19-1,N210,2829,P2,4672,0.79514971925011191,0.79631977821977096,0.79623287671232879,0.14558725229349651,0.8669189202256179,0.8669794977261015,75143.0,113.38106994500048,185805312.0,,,,,,
receiver_loso_08,19-1,N210,2829,P2_MISMATCHED_RX,4672,0.77737393393576548,0.7829876688420625,0.78296232876712324,0.1594428182834734,0.8273620725490772,0.8252502515699174,75143.0,2.7295943559984157,80650240.0,,,,,,
receiver_loso_08,19-1,N210,2829,P2_NULL,4672,0.7828365345544207,0.7925401709609422,0.79238013698630139,0.13539321513285171,0.8469708091398943,0.8454997934884206,75143.0,0.4977255909980158,80650240.0,,,,,,
receiver_loso_08,19-1,N210,2829,P2_SHUFFLED,4672,0.78555724749222045,0.78841656571929419,0.78831335616438358,0.15014315417597759,0.8537481764287179,0.8529736211599835,75143.0,3.950463999997737,80650240.0,,,,,,
receiver_loso_08,19-1,N210,2829,RX_NORM,4672,0.74840238308082352,0.75804103035907378,0.75749143835616439,0.13444981831827599,0.8487169312860723,0.849784109768606,64774.0,0.4366842960007489,71660544.0,,,,,,
receiver_loso_08,19-1,N210,2829,SOURCE_NORM,4672,0.75349261174283677,0.76338356730886703,0.76284246575342463,0.12894280901025629,0.8559971744181919,0.8570169184554269,64774.0,36.16326304800168,166500864.0,,,,,,
receiver_loso_08,19-1,N210,2829,T3A,4672,0.80353797597774301,0.80995227746867193,0.80971746575342463,0.080640202034137201,0.8728032419660187,0.873451597622377,64774.0,0.5685446879979281,73746944.0,,,,,,
receiver_loso_08,19-1,N210,3829,DG_CORAL,4672,0.72918345828929765,0.72628451538599614,0.72602739726027399,0.18932099214257439,0.8612215678606964,0.8608977020613091,64774.0,275.187853565003,166500864.0,,,,,,
receiver_loso_08,19-1,N210,3829,DG_DANN,4672,0.76118426999863475,0.7574032533352747,0.75727739726027399,0.1158346537666471,0.8479944649928695,0.8471872626631587,70754.0,38.67329576699922,166447616.0,,,,,,
receiver_loso_08,19-1,N210,3829,DG_GROUPDRO,4672,0.67869365760881994,0.67484101379272154,0.67487157534246578,0.14050962679623949,0.8246673851827856,0.8239706199551157,64774.0,105.48344133199862,166501376.0,,,,,,
receiver_loso_08,19-1,N210,3829,P0,4672,0.75256390086250879,0.74372467373786755,0.74357876712328763,0.1622170558428927,0.8614061845837803,0.8611546973085318,64774.0,28.83288586600247,166500864.0,,,,,,
receiver_loso_08,19-1,N210,3829,P0_WIDE,4672,0.80309095583572387,0.80380931227855845,0.80351027397260277,0.1214264325274486,0.8447967215705598,0.8441947462514671,74827.0,30.710047370997927,166664704.0,,,,,,
receiver_loso_08,19-1,N210,3829,P1,4672,0.74273778215699415,0.74540463146538272,0.74507705479452058,0.16190149855468261,0.8464330188900756,0.846255258963665,73030.0,64.15650317100153,178401792.0,,,,,,
receiver_loso_08,19-1,N210,3829,P2,4672,0.77243053402561035,0.7653397218188781,0.76519691780821919,0.1672247188446456,0.8711800117565166,0.8713611067654742,75143.0,109.95505168599992,182013952.0,,,,,,
receiver_loso_08,19-1,N210,3829,P2_MISMATCHED_RX,4672,0.75762723543870958,0.74749181898304851,0.74743150684931503,0.18311548821168799,0.8436508761181073,0.8429784293099564,75143.0,2.890229515000101,80650240.0,,,,,,
receiver_loso_08,19-1,N210,3829,P2_NULL,4672,0.77365045204704919,0.76282633759419349,0.76284246575342463,0.15719611930010249,0.8734531300070031,0.8736085688799533,75143.0,0.4583673960005399,80650240.0,,,,,,
receiver_loso_08,19-1,N210,3829,P2_SHUFFLED,4672,0.75875955670566064,0.75575582741612768,0.75556506849315064,0.1779917535206226,0.8441995472818364,0.8435984768388886,75143.0,3.795283640996786,80650240.0,,,,,,
receiver_loso_08,19-1,N210,3829,RX_NORM,4672,0.72452437417717519,0.72371988207245763,0.72345890410958902,0.1367721021979128,0.8373257790076606,0.8370384402991528,64774.0,0.5469967850003741,71660544.0,,,,,,
receiver_loso_08,19-1,N210,3829,SOURCE_NORM,4672,0.72099232778513811,0.72181798272238096,0.72153253424657537,0.14132630974947391,0.8363069189189036,0.8358861479577803,64774.0,27.079896186998667,166500864.0,,,,,,
receiver_loso_08,19-1,N210,3829,T3A,4672,0.77439540824673925,0.76691972914174755,0.76669520547945202,0.0429154468655637,0.8794792307725422,0.8796895230649661,64774.0,0.7092715459984902,73746944.0,,,,,,
receiver_loso_08,19-1,N210,4829,DG_CORAL,4672,0.81112789619961478,0.81871620003762624,0.81870719178082196,0.084591033259304602,0.8890800430314437,0.8893492737770171,64774.0,272.45316635900235,166500864.0,,,,,,
receiver_loso_08,19-1,N210,4829,DG_DANN,4672,0.80071257139610152,0.8094603707779392,0.80950342465753422,0.098781022807736193,0.8764742966110942,0.8769137437021445,70754.0,38.05546475099982,166447616.0,,,,,,
receiver_loso_08,19-1,N210,4829,DG_GROUPDRO,4672,0.72552329442119412,0.72110262844158612,0.72131849315068497,0.1084137794319284,0.8579027796964582,0.8579513954470265,64774.0,86.4258854740001,166501376.0,,,,,,
receiver_loso_08,19-1,N210,4829,P0,4672,0.78443238795932679,0.78667200251281066,0.78681506849315064,0.1281775143571606,0.8729585730023585,0.8726570963882524,64774.0,28.91129723799895,166500864.0,,,,,,
receiver_loso_08,19-1,N210,4829,P0_WIDE,4672,0.78022422916047962,0.78732408453447311,0.78724315068493156,0.135269216309646,0.8706176414173535,0.8713876440969051,74827.0,28.94472558000052,166664704.0,,,,,,
receiver_loso_08,19-1,N210,4829,P1,4672,0.7397812094933528,0.74412053751117868,0.74422089041095896,0.1889090640661753,0.8632950152431893,0.8627861057065583,73030.0,91.71876541600068,178401792.0,,,,,,
receiver_loso_08,19-1,N210,4829,P2,4672,0.77810911520644999,0.77049879683880163,0.77054794520547942,0.17707072646191269,0.8650501244374897,0.8651700163218453,75143.0,97.88163229900238,182013952.0,,,,,,
receiver_loso_08,19-1,N210,4829,P2_MISMATCHED_RX,4672,0.74891601989631729,0.74663105267418839,0.74657534246575341,0.20361230671023059,0.8491922283771896,0.8497282620171936,75143.0,3.028197920997627,80650240.0,,,,,,
receiver_loso_08,19-1,N210,4829,P2_NULL,4672,0.73860748239527008,0.73467179190796017,0.7345890410958904,0.20945978045387009,0.8586609349538156,0.8579543541661443,75143.0,0.4672057169991603,80650240.0,,,,,,
receiver_loso_08,19-1,N210,4829,P2_SHUFFLED,4672,0.72118487118420227,0.71871703730000058,0.7185359589041096,0.23096977058823581,0.8522794833243895,0.8516274190706598,75143.0,3.872772021000856,80650240.0,,,,,,
receiver_loso_08,19-1,N210,4829,RX_NORM,4672,0.80212235323718872,0.80813244090701897,0.80821917808219179,0.1091642399726767,0.8743058777481468,0.8743880259477385,64774.0,0.5551745379998465,71660544.0,,,,,,
receiver_loso_08,19-1,N210,4829,SOURCE_NORM,4672,0.80664451164578166,0.81134473261682982,0.81142979452054798,0.10869670074037591,0.8793135414850038,0.87952914581751,64774.0,36.38752036299775,166500864.0,,,,,,
receiver_loso_08,19-1,N210,4829,T3A,4672,0.80344575076995561,0.8049761014065927,0.80522260273972601,0.0446838937087417,0.8866104768539973,0.887140801365936,64774.0,0.6681462269989424,73746944.0,,,,,,
receiver_loso_09,19-19,N210,829,DG_CORAL,4672,0.86769424981307608,0.87014826393417655,0.87029109589041098,0.045429971056339599,0.8389180213329673,0.8356897107127672,64774.0,319.7963779999991,166500864.0,,,,,,
receiver_loso_09,19-19,N210,829,DG_DANN,4672,0.87127003567559225,0.87602415559588653,0.87607020547945202,0.024719221893799999,0.8399240790539403,0.837261774242949,70754.0,37.1261710660001,166447616.0,,,,,,
receiver_loso_09,19-19,N210,829,DG_GROUPDRO,4672,0.81361872194116114,0.81804466837379686,0.81742294520547942,0.037935598326004898,0.8013980443987235,0.7946655636893856,64774.0,137.2852662180012,166501376.0,,,,,,
receiver_loso_09,19-19,N210,829,P0,4672,0.86572185913103983,0.87003733341801659,0.87029109589041098,0.056994476680937302,0.84154392183991,0.8392786806077184,64774.0,29.31074479399831,166500864.0,,,,,,
receiver_loso_09,19-19,N210,829,P0_WIDE,4672,0.89299838436209,0.89845108902574955,0.89897260273972601,0.042696598151775102,0.83134747802936,0.8283910678518805,74827.0,30.773718038999505,166664704.0,,,,,,
receiver_loso_09,19-19,N210,829,P1,4672,0.912458632144308,0.91640738274022382,0.91673801369863017,0.038662101811895201,0.8499925668889076,0.8489598876865331,73030.0,95.2786356680008,181449728.0,,,,,,
receiver_loso_09,19-19,N210,829,P2,4672,0.82750381652085292,0.83528281192761167,0.8358304794520548,0.1143991405093302,0.8367424059034035,0.8355144617359566,75143.0,106.18046941799912,185805312.0,,,,,,
receiver_loso_09,19-19,N210,829,P2_MISMATCHED_RX,4672,0.84348476689261931,0.84880330328743903,0.84910102739726023,0.098954470630428906,0.8069550704555128,0.8034609096330015,75143.0,2.7686287670003367,80650240.0,,,,,,
receiver_loso_09,19-19,N210,829,P2_NULL,4672,0.8377710289717456,0.8428629581949828,0.84310787671232879,0.080663949611584004,0.8359938525927908,0.8315793893400776,75143.0,0.5270242190017598,80650240.0,,,,,,
receiver_loso_09,19-19,N210,829,P2_SHUFFLED,4672,0.84302798139859625,0.85167574692382886,0.85209760273972601,0.093157521997616705,0.8174040594441071,0.8135890497010739,75143.0,3.5131185179998283,80650240.0,,,,,,
receiver_loso_09,19-19,N210,829,RX_NORM,4672,0.84500881144061613,0.85016651401528687,0.84995719178082196,0.049749405850490397,0.8294274440647197,0.8245212865981077,64774.0,0.4560186880007677,71660544.0,,,,,,
receiver_loso_09,19-19,N210,829,SOURCE_NORM,4672,0.84838381864043333,0.85337776213890881,0.85316780821917804,0.047917300688536599,0.8341744920362976,0.8293541632286038,64774.0,42.07221096500143,166500864.0,,,,,,
receiver_loso_09,19-19,N210,829,T3A,4672,0.91508644864494215,0.91531457851574405,0.91545376712328763,0.1366118559843465,0.8640166333796931,0.8624083150839441,64774.0,0.6708917240030132,73746944.0,,,,,,
receiver_loso_09,19-19,N210,1829,DG_CORAL,4672,0.81869683490837675,0.8483903402333417,0.84803082191780821,0.060549558191368799,0.8205211719155249,0.8148716327067969,64774.0,222.620692859,166500864.0,,,,,,
receiver_loso_09,19-19,N210,1829,DG_DANN,4672,0.85449600738965603,0.86818737840864657,0.86793664383561642,0.046398706421613201,0.8225680065553878,0.8189994279965044,70754.0,39.939664109999285,166447616.0,,,,,,
receiver_loso_09,19-19,N210,1829,DG_GROUPDRO,4672,0.80852904351812305,0.81890622952152092,0.81892123287671237,0.094184552651051801,0.7922101333857419,0.7859896376900445,64774.0,138.6155140310002,166501376.0,,,,,,
receiver_loso_09,19-19,N210,1829,P0,4672,0.86418340367990165,0.87495140322180565,0.8747859589041096,0.051335395141568499,0.8347193385163459,0.8316576843489228,64774.0,40.30743506500221,166500864.0,,,,,,
receiver_loso_09,19-19,N210,1829,P0_WIDE,4672,0.81027510200009567,0.83283379645235878,0.83261986301369861,0.109283185194004,0.8222158865876484,0.818088667390243,74827.0,38.44013106499915,166664704.0,,,,,,
receiver_loso_09,19-19,N210,1829,P1,4672,0.81103073568467943,0.8412650843676861,0.84096746575342463,0.1144463779302696,0.8324320367977777,0.828332070491736,73030.0,90.12531442999898,181449728.0,,,,,,
receiver_loso_09,19-19,N210,1829,P2,4672,0.81153600316358998,0.83869525423023938,0.83839897260273977,0.098156194132433705,0.8333054770657676,0.8313667132083867,75143.0,87.81556704700051,182013952.0,,,,,,
receiver_loso_09,19-19,N210,1829,P2_MISMATCHED_RX,4672,0.76720275069111155,0.80832022609479026,0.80800513698630139,0.12621251783933329,0.801507859243527,0.801586717305296,75143.0,2.7640191540012893,80650240.0,,,,,,
receiver_loso_09,19-19,N210,1829,P2_NULL,4672,0.78861104393792336,0.81489522068523745,0.81464041095890416,0.089336355832367098,0.8133683135300176,0.8085927139764647,75143.0,0.5210726100012835,80650240.0,,,,,,
receiver_loso_09,19-19,N210,1829,P2_SHUFFLED,4672,0.787878646252829,0.82026654723394321,0.81999143835616439,0.1169015240077286,0.8082639740905262,0.8033831655975315,75143.0,3.5605756110016955,80650240.0,,,,,,
receiver_loso_09,19-19,N210,1829,RX_NORM,4672,0.87505617203178032,0.88553677639015238,0.88527397260273977,0.049015174900526003,0.8300800639923658,0.8260174323530269,64774.0,0.4686721870020847,71660544.0,,,,,,
receiver_loso_09,19-19,N210,1829,SOURCE_NORM,4672,0.8801524876611847,0.890674885917908,0.8904109589041096,0.042219513012989297,0.8399840948911196,0.8368179422357542,64774.0,32.429739145001804,166500864.0,,,,,,
receiver_loso_09,19-19,N210,1829,T3A,4672,0.92653328177705518,0.92906979074912355,0.92893835616438358,0.13764091533902159,0.866880606907828,0.865888986882407,64774.0,0.672059264001291,73746944.0,,,,,,
receiver_loso_09,19-19,N210,2829,DG_CORAL,4672,0.86412386754147319,0.8695555763122117,0.86922089041095896,0.030470605209240099,0.828540462919325,0.8268804092837553,64774.0,214.20410343099863,166500864.0,,,,,,
receiver_loso_09,19-19,N210,2829,DG_DANN,4672,0.87952525247029767,0.88497528466551778,0.88463184931506844,0.019647166742113899,0.8188352816602098,0.8159416426548818,70754.0,23.98884485599774,166447616.0,,,,,,
receiver_loso_09,19-19,N210,2829,DG_GROUPDRO,4672,0.8176915360340965,0.82320288884594905,0.82320205479452058,0.051303919659901998,0.8174705713144349,0.8159060296976087,64774.0,121.2540554340012,166501376.0,,,,,,
receiver_loso_09,19-19,N210,2829,P0,4672,0.868426300263481,0.87343266418779886,0.87307363013698636,0.028717026344105001,0.8297321089370454,0.8280005837197556,64774.0,25.69638671400025,166500864.0,,,,,,
receiver_loso_09,19-19,N210,2829,P0_WIDE,4672,0.92099646925781375,0.92561255607880644,0.92508561643835618,0.0233409588786531,0.8380764411936045,0.8339526755766884,74827.0,36.92169434300013,166664704.0,,,,,,
receiver_loso_09,19-19,N210,2829,P1,4672,0.86815636327122814,0.87893998581402466,0.87821061643835618,0.074958737805638706,0.8310743884538286,0.8257697521964054,73030.0,97.13787516699811,178401792.0,,,,,,
receiver_loso_09,19-19,N210,2829,P2,4672,0.8351556801963641,0.85684046656055968,0.85595034246575341,0.092499531990503897,0.8053773002449649,0.7993745339816658,75143.0,99.54081629400024,182013952.0,,,,,,
receiver_loso_09,19-19,N210,2829,P2_MISMATCHED_RX,4672,0.84997536679341446,0.86375982630839221,0.86301369863013699,0.079615320844499099,0.7984447738590967,0.7907678916180476,75143.0,3.1054153080003744,80650240.0,,,,,,
receiver_loso_09,19-19,N210,2829,P2_NULL,4672,0.83525474176437997,0.85769546134574126,0.85680650684931503,0.064507463430245895,0.7952759571050062,0.7828890809802221,75143.0,0.4781346850031696,80650240.0,,,,,,
receiver_loso_09,19-19,N210,2829,P2_SHUFFLED,4672,0.80984230932172174,0.84308787653037065,0.84203767123287676,0.1067203758093082,0.7842346090530006,0.7721175788291093,75143.0,3.759259905000363,80650240.0,,,,,,
receiver_loso_09,19-19,N210,2829,RX_NORM,4672,0.92118533349255438,0.92241997873807502,0.92230308219178081,0.0135899363085627,0.8474146533711527,0.84515468819384,64774.0,0.4696356909989845,71660544.0,,,,,,
receiver_loso_09,19-19,N210,2829,SOURCE_NORM,4672,0.93086574475852202,0.9323462939736632,0.93214897260273977,0.010213365842116099,0.8546639575702364,0.8525942381611805,64774.0,34.1701358499995,166500864.0,,,,,,
receiver_loso_09,19-19,N210,2829,T3A,4672,0.92372675554864758,0.92511839620079817,0.92487157534246578,0.19490345354408839,0.8453065167937709,0.8419807602294367,64774.0,0.5671931020006014,73746944.0,,,,,,
receiver_loso_09,19-19,N210,3829,DG_CORAL,4672,0.75713449949982436,0.8013500306093343,0.80115582191780821,0.13261635297245969,0.7804697043885555,0.7732738107960664,64774.0,324.9055585069982,166500864.0,,,,,,
receiver_loso_09,19-19,N210,3829,DG_DANN,4672,0.71689528958147308,0.7512840491215087,0.75107020547945202,0.162107466031121,0.7605436197313288,0.7495700601371765,70754.0,45.40965239600337,166447616.0,,,,,,
receiver_loso_09,19-19,N210,3829,DG_GROUPDRO,4672,0.72853866469844386,0.7622532870463431,0.76198630136986301,0.1340188179356491,0.7465321777125508,0.7363877491345515,64774.0,149.47507965800105,166501376.0,,,,,,
receiver_loso_09,19-19,N210,3829,P0,4672,0.79144422460105035,0.81633893626402498,0.81613869863013699,0.1110209296074734,0.7725177944334026,0.7643372924449833,64774.0,30.42344533299911,166500864.0,,,,,,
receiver_loso_09,19-19,N210,3829,P0_WIDE,4672,0.75779076126280864,0.78965039226600531,0.78938356164383561,0.15273053158865599,0.7721054169251279,0.7580922166940957,74827.0,29.586981129999916,166664704.0,,,,,,
receiver_loso_09,19-19,N210,3829,P1,4672,0.74821533690143305,0.7729024380176277,0.77268835616438358,0.1242168850762998,0.777726912349659,0.768111270068176,73030.0,57.00220442299906,181449728.0,,,,,,
receiver_loso_09,19-19,N210,3829,P2,4672,0.82928110638353747,0.85240107383893227,0.85231164383561642,0.10750858464648259,0.8104679974433546,0.8050171567950702,75143.0,105.3527852490006,185805312.0,,,,,,
receiver_loso_09,19-19,N210,3829,P2_MISMATCHED_RX,4672,0.80582724405023354,0.83125274630406309,0.83112157534246578,0.12545332169058179,0.8089050850789796,0.8063477376683617,75143.0,2.795170702003816,80650240.0,,,,,,
receiver_loso_09,19-19,N210,3829,P2_NULL,4672,0.80969895186004581,0.83784362034756821,0.83775684931506844,0.1074763862129097,0.7954866304812059,0.788864134566707,75143.0,0.5117437459994107,80650240.0,,,,,,
receiver_loso_09,19-19,N210,3829,P2_SHUFFLED,4672,0.82261205647452573,0.84619428738772895,0.84610445205479456,0.11309384314139211,0.7908336566652784,0.7856273417644825,75143.0,3.6249861649994273,80650240.0,,,,,,
receiver_loso_09,19-19,N210,3829,RX_NORM,4672,0.75994149207788342,0.80433851682544522,0.80415239726027399,0.13433465816412271,0.7722942629056254,0.7643529611888614,64774.0,0.4804318069946021,71660544.0,,,,,,
receiver_loso_09,19-19,N210,3829,SOURCE_NORM,4672,0.75794013719251729,0.80199627061831436,0.80179794520547942,0.13510362918118701,0.7729565971392974,0.764896752489911,64774.0,45.87461619000169,166500864.0,,,,,,
receiver_loso_09,19-19,N210,3829,T3A,4672,0.84949527928422208,0.85503942302532021,0.85488013698630139,0.087400039026437101,0.8041084379619866,0.7983023675818397,64774.0,0.6637977370046428,73746944.0,,,,,,
receiver_loso_09,19-19,N210,4829,DG_CORAL,4672,0.87186022001130425,0.88241306662686148,0.8827054794520548,0.065244482492083894,0.83833666379904,0.8347870587748952,64774.0,336.8489197769959,166500864.0,,,,,,
receiver_loso_09,19-19,N210,4829,DG_DANN,4672,0.88429771833073989,0.89224569804763132,0.89255136986301364,0.057740413475373398,0.8427578927261218,0.84035403365715,70754.0,41.5183187540024,166447616.0,,,,,,
receiver_loso_09,19-19,N210,4829,DG_GROUPDRO,4672,0.86489531193300417,0.86888168237594565,0.86900684931506844,0.043432439980416002,0.8218625177350775,0.8135005057044723,64774.0,122.47334237999894,166501376.0,,,,,,
receiver_loso_09,19-19,N210,4829,P0,4672,0.90478103945771482,0.91216083320223884,0.91245719178082196,0.045769526910240999,0.8536862274271989,0.8510731751429527,64774.0,27.89990281999781,166500864.0,,,,,,
receiver_loso_09,19-19,N210,4829,P0_WIDE,4672,0.87008970701465305,0.88150461382230505,0.88184931506849318,0.063786327909065701,0.8308578007328387,0.8269550523603547,74827.0,42.53413079400343,166664704.0,,,,,,
receiver_loso_09,19-19,N210,4829,P1,4672,0.81162174744501581,0.84450703570496499,0.84503424657534243,0.089333555527184402,0.8150220372012154,0.8081104692306083,73030.0,76.7023774029949,178401792.0,,,,,,
receiver_loso_09,19-19,N210,4829,P2,4672,0.79888337140403687,0.82195740962730313,0.82234589041095896,0.1184157017261198,0.8300490636461714,0.8264457947881557,75143.0,95.20366129300236,182013952.0,,,,,,
receiver_loso_09,19-19,N210,4829,P2_MISMATCHED_RX,4672,0.78002539934267501,0.8116590372561947,0.81207191780821919,0.1266356913360116,0.8083195020924441,0.8030026079921236,75143.0,2.9428561669992632,80650240.0,,,,,,
receiver_loso_09,19-19,N210,4829,P2_NULL,4672,0.81005540347906935,0.82490393106516013,0.82512842465753422,0.092258676567612496,0.8247222578472394,0.8195162123318521,75143.0,0.463622616000066,80650240.0,,,,,,
receiver_loso_09,19-19,N210,4829,P2_SHUFFLED,4672,0.79719368349191699,0.81839533799960018,0.81870719178082196,0.1215091286137802,0.8049631378367867,0.7958790349831181,75143.0,3.746473820996471,80650240.0,,,,,,
receiver_loso_09,19-19,N210,4829,RX_NORM,4672,0.89398296458990023,0.9022895073688596,0.90261130136986301,0.058928334562439601,0.8410315659205981,0.8374137975946084,64774.0,0.5428749739949126,71660544.0,,,,,,
receiver_loso_09,19-19,N210,4829,SOURCE_NORM,4672,0.89627359977250309,0.90421620301922156,0.90453767123287676,0.058554465014946801,0.8439310629271741,0.8413761745606331,64774.0,33.37832639899716,166500864.0,,,,,,
receiver_loso_09,19-19,N210,4829,T3A,4672,0.93755154886946557,0.93928399556736697,0.93942636986301364,0.072149169117799103,0.8734535162696875,0.8720079685481318,64774.0,0.6434284060014761,73746944.0,,,,,,
receiver_loso_10,19-2,N210,829,DG_CORAL,4672,0.78877048090441715,0.7914110581943673,0.79173801369863017,0.082244535547693898,0.8629482243901522,0.8556443166066953,64774.0,333.1703314240003,166500864.0,,,,,,
receiver_loso_10,19-2,N210,829,DG_DANN,4672,0.73970622701943067,0.74524390683782249,0.74529109589041098,0.1177284224596741,0.8560797294825361,0.8487570301683878,70754.0,42.65402530800202,166447616.0,,,,,,
receiver_loso_10,19-2,N210,829,DG_GROUPDRO,4672,0.68250711182846546,0.69281298355597742,0.69242294520547942,0.1136101841518323,0.8070996908802476,0.7975173628729907,64774.0,94.39539832199809,166501376.0,,,,,,
receiver_loso_10,19-2,N210,829,P0,4672,0.7731356159715731,0.77573520351030056,0.77589897260273977,0.1093529306913483,0.8676451887425823,0.8609084246955286,64774.0,31.14682050400006,166500864.0,,,,,,
receiver_loso_10,19-2,N210,829,P0_WIDE,4672,0.89383798496007982,0.89697098502817163,0.89704623287671237,0.028848738141663999,0.8869772190367633,0.8826885893161283,74827.0,41.43743493299553,166664704.0,,,,,,
receiver_loso_10,19-2,N210,829,P1,4672,0.85575028089432792,0.85680262852823974,0.85702054794520544,0.066919549728730904,0.887283246651517,0.8841663985214026,73030.0,99.89200279999932,181449728.0,,,,,,
receiver_loso_10,19-2,N210,829,P2,4672,0.69300737925335099,0.70297774860545659,0.7029109589041096,0.1719607192072507,0.8517708118720956,0.846444962972407,75143.0,104.90073691300496,185805312.0,,,,,,
receiver_loso_10,19-2,N210,829,P2_MISMATCHED_RX,4672,0.65189186293624424,0.64669818258384637,0.64619006849315064,0.2479677639665617,0.8082599366798054,0.7984355748383875,75143.0,2.746979725998244,80650240.0,,,,,,
receiver_loso_10,19-2,N210,829,P2_NULL,4672,0.58423658884115748,0.58341846818219489,0.58261986301369861,0.30505962634127431,0.8121645761135404,0.8028938859544211,75143.0,0.5165773970002192,80650240.0,,,,,,
receiver_loso_10,19-2,N210,829,P2_SHUFFLED,4672,0.67161096482389715,0.66969247619217676,0.66930650684931503,0.21922708585322509,0.8357500387374867,0.8282786647040754,75143.0,3.5507651289954083,80650240.0,,,,,,
receiver_loso_10,19-2,N210,829,RX_NORM,4672,0.7570397697912975,0.75869545633276514,0.75877568493150682,0.1212600068227476,0.8462474030565454,0.8375099857468196,64774.0,0.4579498490056721,71660544.0,,,,,,
receiver_loso_10,19-2,N210,829,SOURCE_NORM,4672,0.7529552244805332,0.75499326877407424,0.75513698630136983,0.1224120617014904,0.8599684976030958,0.8509366279135375,64774.0,40.33019934099866,166500864.0,,,,,,
receiver_loso_10,19-2,N210,829,T3A,4672,0.78432242549780751,0.79256213329158065,0.7930222602739726,0.1128634376011227,0.8913684108018499,0.8882417415162677,64774.0,0.6233560339969699,73746944.0,,,,,,
receiver_loso_10,19-2,N210,1829,DG_CORAL,4672,0.82546194507184423,0.82782726595145195,0.8279109589041096,0.074720008821826195,0.8543091268692647,0.8492556446497167,64774.0,333.5477684790021,166500864.0,,,,,,
receiver_loso_10,19-2,N210,1829,DG_DANN,4672,0.80923974898059337,0.8148560460841453,0.81485445205479456,0.062494097003228402,0.859986147505007,0.8552889910886653,70754.0,41.26769490400329,166447616.0,,,,,,
receiver_loso_10,19-2,N210,1829,DG_GROUPDRO,4672,0.70533710773898584,0.70345580726766466,0.70355308219178081,0.14556466376613059,0.830453939727679,0.8241363393382578,64774.0,136.8068465280012,166501376.0,,,,,,
receiver_loso_10,19-2,N210,1829,P0,4672,0.81999224306134533,0.82320095023076545,0.82341609589041098,0.084176634457472602,0.8536731952192151,0.8474625967508566,64774.0,40.43427011599852,166500864.0,,,,,,
receiver_loso_10,19-2,N210,1829,P0_WIDE,4672,0.82761938601855878,0.8334018465484494,0.83347602739726023,0.070699349237121095,0.8532562862405482,0.8470233964300536,74827.0,39.15869648900116,166664704.0,,,,,,
receiver_loso_10,19-2,N210,1829,P1,4672,0.79177310506889576,0.79454845968220866,0.79452054794520544,0.11227938865809001,0.8601384621355606,0.8558817140827438,73030.0,91.60487307999574,181449728.0,,,,,,
receiver_loso_10,19-2,N210,1829,P2,4672,0.83605469334339066,0.83912699929366552,0.83925513698630139,0.083434784765776204,0.8428884561467697,0.8398208347823543,75143.0,100.31068696400324,185805312.0,,,,,,
receiver_loso_10,19-2,N210,1829,P2_MISMATCHED_RX,4672,0.80544441957367452,0.80395314566320331,0.80393835616438358,0.10859564534222629,0.8132857325940317,0.8111410964765579,75143.0,2.770583555000485,80650240.0,,,,,,
receiver_loso_10,19-2,N210,1829,P2_NULL,4672,0.80595450216083953,0.80609794778622579,0.80629280821917804,0.092678380709090499,0.8110605970890515,0.805608170961372,75143.0,0.5489011239988031,80650240.0,,,,,,
receiver_loso_10,19-2,N210,1829,P2_SHUFFLED,4672,0.80243342514347604,0.80197422992028722,0.80201198630136983,0.10774457105116481,0.8174330121270565,0.8131042684268591,75143.0,3.543493228004081,80650240.0,,,,,,
receiver_loso_10,19-2,N210,1829,RX_NORM,4672,0.8128717986030991,0.81484911342237798,0.81485445205479456,0.0646453533028188,0.846732414461564,0.8403814965151696,64774.0,0.4667434729999513,71660544.0,,,,,,
receiver_loso_10,19-2,N210,1829,SOURCE_NORM,4672,0.82104224625229205,0.82273875542046859,0.82277397260273977,0.0578016186426457,0.8484745026444428,0.8420269405492528,64774.0,25.92133441800252,166500864.0,,,,,,
receiver_loso_10,19-2,N210,1829,T3A,4672,0.84561865771357747,0.84786091064076263,0.84803082191780821,0.1411854400656708,0.8796774605355946,0.8762004104684573,64774.0,0.6654312079990632,73746944.0,,,,,,
receiver_loso_10,19-2,N210,2829,DG_CORAL,4672,0.81600052164159453,0.82383613470476702,0.82320205479452058,0.075480391800862801,0.8601822575983995,0.853673724618826,64774.0,322.5477267550013,166500864.0,,,,,,
receiver_loso_10,19-2,N210,2829,DG_DANN,4672,0.85233073313858121,0.85532910479880464,0.85488013698630139,0.046579931339580702,0.8642511271627299,0.8595164388317492,70754.0,31.43828320499597,166447616.0,,,,,,
receiver_loso_10,19-2,N210,2829,DG_GROUPDRO,4672,0.75426950391969261,0.75866615796995251,0.7577054794520548,0.0719815996437244,0.8338096426230776,0.8264590822004485,64774.0,92.7132492189994,166501376.0,,,,,,
receiver_loso_10,19-2,N210,2829,P0,4672,0.81269314531740877,0.81772582645541414,0.81720890410958902,0.089930101706046803,0.8596501152898955,0.8528237355768459,64774.0,40.01708520800457,166500864.0,,,,,,
receiver_loso_10,19-2,N210,2829,P0_WIDE,4672,0.83457966932602135,0.83707724175302156,0.83690068493150682,0.088627998104752706,0.8474627916080572,0.8393398821773136,74827.0,37.98163029299758,166664704.0,,,,,,
receiver_loso_10,19-2,N210,2829,P1,4672,0.76335233199137698,0.7739890807144677,0.7735445205479452,0.13733597192913291,0.8477000592593056,0.8394592095738248,73030.0,88.78623505699943,178401792.0,,,,,,
receiver_loso_10,19-2,N210,2829,P2,4672,0.75958287038343875,0.76708884957447798,0.76648116438356162,0.13769817773941639,0.8609451396070776,0.8572257017496262,75143.0,91.79284185900178,182013952.0,,,,,,
receiver_loso_10,19-2,N210,2829,P2_MISMATCHED_RX,4672,0.7249197137329918,0.73572555075066004,0.73480308219178081,0.15965283060548441,0.8498644047540836,0.8453798202287728,75143.0,3.262951554999745,80650240.0,,,,,,
receiver_loso_10,19-2,N210,2829,P2_NULL,4672,0.75553352687413977,0.76682300959779448,0.76605308219178081,0.1033611016679708,0.8361299055208203,0.8279536167095461,75143.0,0.9048184190032772,80650240.0,,,,,,
receiver_loso_10,19-2,N210,2829,P2_SHUFFLED,4672,0.74089541502970369,0.74814984745977464,0.74743150684931503,0.14859825169208321,0.8370544059263184,0.829357055752765,75143.0,3.814447346994712,80650240.0,,,,,,
receiver_loso_10,19-2,N210,2829,RX_NORM,4672,0.79996689904374485,0.80458686238123056,0.80393835616438358,0.1095015583815027,0.8525127220644597,0.8455379779064326,64774.0,0.578140944999177,71660544.0,,,,,,
receiver_loso_10,19-2,N210,2829,SOURCE_NORM,4672,0.79823201590360215,0.80375716043719292,0.80308219178082196,0.1117358691033537,0.8505235254974935,0.8431927845467211,64774.0,32.97282565200294,166500864.0,,,,,,
receiver_loso_10,19-2,N210,2829,T3A,4672,0.8342169349423747,0.83861837780037896,0.83818493150684936,0.070803110290012503,0.8896853422320022,0.8872837595368512,64774.0,0.6700210619965219,73746944.0,,,,,,
receiver_loso_10,19-2,N210,3829,DG_CORAL,4672,0.80223579212995066,0.80468985987018771,0.8047945205479452,0.071419821522670596,0.8320778893738215,0.8243213374299488,64774.0,286.53091084599873,166500864.0,,,,,,
receiver_loso_10,19-2,N210,3829,DG_DANN,4672,0.80997562221888753,0.81262359107320981,0.81292808219178081,0.068439048440642095,0.8307500503129689,0.8209527552560149,70754.0,31.62933605700528,166447616.0,,,,,,
receiver_loso_10,19-2,N210,3829,DG_GROUPDRO,4672,0.76777699331208471,0.77078428049577408,0.77076198630136983,0.048427132401640802,0.7995964361008268,0.791885503112156,64774.0,107.66368382899964,166501376.0,,,,,,
receiver_loso_10,19-2,N210,3829,P0,4672,0.80174591936424766,0.80333585229143989,0.80351027397260277,0.070999591598567904,0.837905713270361,0.829525719050574,64774.0,34.21477310900082,166500864.0,,,,,,
receiver_loso_10,19-2,N210,3829,P0_WIDE,4672,0.8649797722768362,0.86513476586153271,0.86515410958904104,0.039792134024662099,0.8370208857714881,0.8301765584079527,74827.0,35.789066500001354,166664704.0,,,,,,
receiver_loso_10,19-2,N210,3829,P1,4672,0.86075515881170894,0.86185637478674704,0.86194349315068497,0.071701302888407703,0.8490184143685053,0.843751257653611,73030.0,89.857969218996,181449728.0,,,,,,
receiver_loso_10,19-2,N210,3829,P2,4672,0.85283515267030563,0.85434100379349742,0.85445205479452058,0.083749834926518205,0.8688151244873872,0.8637225513383915,75143.0,109.64479770600155,185805312.0,,,,,,
receiver_loso_10,19-2,N210,3829,P2_MISMATCHED_RX,4672,0.79698768309985446,0.80317095847057818,0.80329623287671237,0.1173658114028711,0.8464135694481242,0.8454440243766554,75143.0,2.7942201090045278,80650240.0,,,,,,
receiver_loso_10,19-2,N210,3829,P2_NULL,4672,0.82095148667960871,0.82132537687861573,0.82127568493150682,0.080323261578809702,0.8519289995465519,0.8428731358554714,75143.0,0.509566419001203,80650240.0,,,,,,
receiver_loso_10,19-2,N210,3829,P2_SHUFFLED,4672,0.78260780249179585,0.78908978979097066,0.7891695205479452,0.13242773838940849,0.8489711669618636,0.841088406127631,75143.0,4.5438320620014565,80650240.0,,,,,,
receiver_loso_10,19-2,N210,3829,RX_NORM,4672,0.81628730381374437,0.8191323488892075,0.81913527397260277,0.059790392489210697,0.8365296252940552,0.8275921866644539,64774.0,0.4816321300022537,71660544.0,,,,,,
receiver_loso_10,19-2,N210,3829,SOURCE_NORM,4672,0.8164189024870131,0.81934193122766541,0.81934931506849318,0.059761793684367397,0.8362700156147395,0.8276822425968504,64774.0,30.419710553003824,166500864.0,,,,,,
receiver_loso_10,19-2,N210,3829,T3A,4672,0.82586996992467787,0.82613151811136543,0.82619863013698636,0.18743028718506119,0.8641642308146257,0.8591452173946208,64774.0,0.6609256629963056,73746944.0,,,,,,
receiver_loso_10,19-2,N210,4829,DG_CORAL,4672,0.89532496968314945,0.89676278113469776,0.89661815068493156,0.029119712485587399,0.8808226413732333,0.8775621197111633,64774.0,316.90557522999734,166500864.0,,,,,,
receiver_loso_10,19-2,N210,4829,DG_DANN,4672,0.88191237755966911,0.88387387286630503,0.88377568493150682,0.0245197582096882,0.8721200071474448,0.8681285769266784,70754.0,30.906408703995112,166447616.0,,,,,,
receiver_loso_10,19-2,N210,4829,DG_GROUPDRO,4672,0.84937650917674234,0.84965466259874445,0.84952910958904104,0.0192350466824966,0.8416829570255046,0.8380497056402287,64774.0,133.42606309899566,166501376.0,,,,,,
receiver_loso_10,19-2,N210,4829,P0,4672,0.86951922106563595,0.87317955427577931,0.87307363013698636,0.0167845706901933,0.8710636165536606,0.866634974963877,64774.0,28.421993902004036,166500864.0,,,,,,
receiver_loso_10,19-2,N210,4829,P0_WIDE,4672,0.83629265549029708,0.83982862569587136,0.8396832191780822,0.091437545464667494,0.8598010205032858,0.8524648785627323,74827.0,37.11560139899666,166664704.0,,,,,,
receiver_loso_10,19-2,N210,4829,P1,4672,0.8674631673380816,0.86871295814985017,0.86857876712328763,0.0479456225811975,0.83867140760655,0.8348231638855687,73030.0,90.9970562929957,181449728.0,,,,,,
receiver_loso_10,19-2,N210,4829,P2,4672,0.86428002803530013,0.86474360179122156,0.86472602739726023,0.065751341248109704,0.8613150554735057,0.8557450630925455,75143.0,115.43733066400456,185805312.0,,,,,,
receiver_loso_10,19-2,N210,4829,P2_MISMATCHED_RX,4672,0.82989118143903073,0.83277506144456026,0.83240582191780821,0.092519868860557006,0.8334240719166076,0.8236839613175518,75143.0,3.1779001750037423,80650240.0,,,,,,
receiver_loso_10,19-2,N210,4829,P2_NULL,4672,0.83766049683774091,0.83876539233010838,0.83839897260273977,0.068761361300409399,0.8512980177592232,0.8443666493384899,75143.0,0.5478752679991885,80650240.0,,,,,,
receiver_loso_10,19-2,N210,4829,P2_SHUFFLED,4672,0.82614466253239216,0.82898817796361401,0.82855308219178081,0.095151387467623097,0.8458235076604413,0.8375250620479107,75143.0,3.8721889619992,80650240.0,,,,,,
receiver_loso_10,19-2,N210,4829,RX_NORM,4672,0.90314798749315117,0.90380356122566896,0.90368150684931503,0.0129970058365022,0.8723991219805841,0.8678086786676246,64774.0,0.5362773480010219,71660544.0,,,,,,
receiver_loso_10,19-2,N210,4829,SOURCE_NORM,4672,0.90072234249498739,0.90146597204926604,0.90132705479452058,0.013672310048841899,0.8770503156571018,0.8727778036358492,64774.0,31.361263496997708,166500864.0,,,,,,
receiver_loso_10,19-2,N210,4829,T3A,4672,0.92065989539264204,0.92210271306373637,0.9220890410958904,0.21271303338509001,0.8909204394766608,0.8880002751239031,64774.0,0.7096350860010716,73746944.0,,,,,,
receiver_loso_11,19-20,N210,829,DG_CORAL,4472,0.82137643154678663,0.83306308935153728,0.82669946332737032,0.053282416730532599,0.7129723704732601,0.6629823935919767,64774.0,225.7949564459996,166500864.0,,,,,,
receiver_loso_11,19-20,N210,829,DG_DANN,4472,0.85115133601708581,0.85453730042620535,0.84950805008944541,0.058457858570599798,0.7156615548630104,0.665910410164506,70754.0,35.46225668099942,166447616.0,,,,,,
receiver_loso_11,19-20,N210,829,DG_GROUPDRO,4472,0.77130743313652317,0.78171999253835767,0.77459749552772805,0.090679613576805401,0.7022588169516563,0.6616597114230083,64774.0,136.5523319269996,166501376.0,,,,,,
receiver_loso_11,19-20,N210,829,P0,4472,0.81594922155133076,0.82806602799170059,0.82155635062611809,0.058693936491161801,0.7113396768588937,0.662176777147688,64774.0,24.589534103994083,166500864.0,,,,,,
receiver_loso_11,19-20,N210,829,P0_WIDE,4472,0.79432182917939553,0.80088089640425242,0.79360465116279066,0.1223129382446967,0.7576744900385991,0.7077259404009243,74827.0,34.49926249800046,166664704.0,,,,,,
receiver_loso_11,19-20,N210,829,P1,4472,0.77846734121211414,0.78970506821290831,0.78175313059033991,0.13136428731871849,0.7261512146126484,0.6786507600053743,73030.0,62.94847204999678,178401792.0,,,,,,
receiver_loso_11,19-20,N210,829,P2,4472,0.77882975286816958,0.7895616419601329,0.78197674418604646,0.1627882458802731,0.7225142107332481,0.6910201540586506,75143.0,101.15327724999952,182013952.0,,,,,,
receiver_loso_11,19-20,N210,829,P2_MISMATCHED_RX,4472,0.757453697389606,0.77357044684963272,0.76542933810375668,0.178370882332165,0.7157144395470127,0.6841973795154681,75143.0,3.0379311930009862,80650240.0,,,,,,
receiver_loso_11,19-20,N210,829,P2_NULL,4472,0.76023911914022213,0.78030027225415699,0.77213774597495533,0.16027374940129629,0.7122484210115713,0.6707953224093227,75143.0,0.5259343500001705,80650240.0,,,,,,
receiver_loso_11,19-20,N210,829,P2_SHUFFLED,4472,0.75275196322194227,0.77400468889876739,0.76565295169946335,0.17798428084161491,0.7114108556886162,0.673212532096139,75143.0,3.927507692002109,80650240.0,,,,,,
receiver_loso_11,19-20,N210,829,RX_NORM,4472,0.85700252819427503,0.86294611529597864,0.85778175313059035,0.053060316215793997,0.7217681208599123,0.6809679277074977,64774.0,0.565515903996129,71660544.0,,,,,,
receiver_loso_11,19-20,N210,829,SOURCE_NORM,4472,0.86100976517773786,0.86658094322386559,0.86158318425760283,0.052259030237074101,0.7247398160131122,0.6815025048171512,64774.0,31.835723351003253,166500864.0,,,,,,
receiver_loso_11,19-20,N210,829,T3A,4472,0.79216376474517025,0.80759182500797,0.79986583184257598,0.067039295118002204,0.7272622794604459,0.7020829869451206,64774.0,0.7310042379976949,73746944.0,,,,,,
receiver_loso_11,19-20,N210,1829,DG_CORAL,4472,0.82750278203976746,0.83707463687635464,0.83094812164579601,0.084834802189378694,0.7459098392655288,0.7057578373471758,64774.0,334.3308909089974,166500864.0,,,,,,
receiver_loso_11,19-20,N210,1829,DG_DANN,4472,0.81735975761152668,0.82682357444765964,0.81999105545617168,0.074936544739229699,0.7300905318582247,0.6803886416682313,70754.0,28.192898143999628,166447616.0,,,,,,
receiver_loso_11,19-20,N210,1829,DG_GROUPDRO,4472,0.77095361267944484,0.78644602259901808,0.77772808586762077,0.10014675412666919,0.748769309770276,0.7021519708556823,64774.0,112.36755620799522,166501376.0,,,,,,
receiver_loso_11,19-20,N210,1829,P0,4472,0.82595834084705277,0.83430962763512628,0.82781753130590341,0.090640768262162802,0.7520016086391109,0.7028170844870189,64774.0,40.353762177001045,166500864.0,,,,,,
receiver_loso_11,19-20,N210,1829,P0_WIDE,4472,0.76569414310409012,0.789088037553486,0.78041144901610016,0.1443163491185748,0.7375030213704906,0.6838546683103931,74827.0,39.4613853539995,166664704.0,,,,,,
receiver_loso_11,19-20,N210,1829,P1,4472,0.7569253379287969,0.78165404144630912,0.77303220035778175,0.1588713914249259,0.7448556907194082,0.7070809171915116,73030.0,99.30464004299574,181449728.0,,,,,,
receiver_loso_11,19-20,N210,1829,P2,4472,0.79335719013340478,0.80648666034693151,0.79897137745974955,0.14988248762616321,0.7275447780400285,0.6830282103315559,75143.0,102.28935925200494,185805312.0,,,,,,
receiver_loso_11,19-20,N210,1829,P2_MISMATCHED_RX,4472,0.7567640213757888,0.78420655513853144,0.77549194991055459,0.17234781043260811,0.7230110156958299,0.6753327662124664,75143.0,2.7355764390013064,80650240.0,,,,,,
receiver_loso_11,19-20,N210,1829,P2_NULL,4472,0.78934293699840741,0.80075613213544816,0.79271019677996424,0.1351873312072164,0.7005858000278519,0.6523893766194672,75143.0,0.4669714699994074,80650240.0,,,,,,
receiver_loso_11,19-20,N210,1829,P2_SHUFFLED,4472,0.76280922465827106,0.78806487331599373,0.77951699463327373,0.17024809137413241,0.7199089676118353,0.6755275666838063,75143.0,3.4653626100043766,80650240.0,,,,,,
receiver_loso_11,19-20,N210,1829,RX_NORM,4472,0.82821990513171473,0.83825484880621115,0.83184257602862255,0.087370855063999706,0.7375386381999579,0.6911561945770982,64774.0,0.4332361990018398,71660544.0,,,,,,
receiver_loso_11,19-20,N210,1829,SOURCE_NORM,4472,0.83089695484844917,0.8401713594714364,0.83385509838998206,0.087075670424695495,0.7486842233003187,0.7032930008650377,64774.0,45.61417390799761,166500864.0,,,,,,
receiver_loso_11,19-20,N210,1829,T3A,4472,0.83874947938447697,0.84434107237727929,0.83810375670840787,0.046829427484163001,0.7633907664956244,0.7333940099944994,64774.0,0.7116332840014366,73746944.0,,,,,,
receiver_loso_11,19-20,N210,2829,DG_CORAL,4472,0.77327773219681017,0.79207185623276077,0.7844364937388193,0.1200167461230098,0.7520511330103243,0.7040380083193737,64774.0,347.5992037169999,166500864.0,,,,,,
receiver_loso_11,19-20,N210,2829,DG_DANN,4472,0.82044975958477717,0.82852238704092684,0.82200357781753131,0.085400679843476907,0.7401453297529424,0.7024411912267867,70754.0,27.17433995899773,166447616.0,,,,,,
receiver_loso_11,19-20,N210,2829,DG_GROUPDRO,4472,0.78075521250923841,0.79454776420131612,0.78689624329159213,0.077389041711584602,0.7248464902949573,0.68153384112798,64774.0,97.7086981780012,166501376.0,,,,,,
receiver_loso_11,19-20,N210,2829,P0,4472,0.84701987390138533,0.85133447306281218,0.84570661896243293,0.085049962688217406,0.7552320308890897,0.7083706821994128,64774.0,35.598936445996515,166500864.0,,,,,,
receiver_loso_11,19-20,N210,2829,P0_WIDE,4472,0.72942062707458177,0.74526021815076826,0.73635957066189628,0.2070974737059238,0.707854214039554,0.6642547727964899,74827.0,46.47930226899916,166664704.0,,,,,,
receiver_loso_11,19-20,N210,2829,P1,4472,0.72970704593583369,0.74552057565676721,0.73658318425760283,0.18609346769923379,0.692570029195212,0.643605122177051,73030.0,80.00571956299973,178401792.0,,,,,,
receiver_loso_11,19-20,N210,2829,P2,4472,0.77379619917007247,0.79060161805753448,0.78309481216457966,0.16404534485824199,0.722949042135932,0.6757808942208331,75143.0,96.45297726400167,182013952.0,,,,,,
receiver_loso_11,19-20,N210,2829,P2_MISMATCHED_RX,4472,0.7639793099770058,0.78381149510488601,0.77638640429338102,0.1645023390144269,0.7158152128242571,0.6677707947370829,75143.0,2.6725656780035933,80650240.0,,,,,,
receiver_loso_11,19-20,N210,2829,P2_NULL,4472,0.72193406567206564,0.75389047802135334,0.74463327370304111,0.1747102118722014,0.7060899563062479,0.6551055926424869,75143.0,0.524654836000991,80650240.0,,,,,,
receiver_loso_11,19-20,N210,2829,P2_SHUFFLED,4472,0.76992459686319314,0.78847308406054106,0.78108228980322003,0.16439596382311289,0.7021975259158418,0.6582212606473229,75143.0,3.526828461996047,80650240.0,,,,,,
receiver_loso_11,19-20,N210,2829,RX_NORM,4472,0.81141440186758895,0.8209363249891618,0.8146243291592129,0.101341854867547,0.7397941137816487,0.7013755175452013,64774.0,0.4860704930033535,71660544.0,,,,,,
receiver_loso_11,19-20,N210,2829,SOURCE_NORM,4472,0.82019394679754776,0.83075462097551922,0.8246869409660107,0.097632259716927905,0.7403627885367442,0.7012187822799519,64774.0,44.266931270001805,166500864.0,,,,,,
receiver_loso_11,19-20,N210,2829,T3A,4472,0.85595113631723441,0.86006731176186157,0.85465116279069764,0.0621696918842937,0.784385432947193,0.732320631287263,64774.0,0.5815282800031127,73746944.0,,,,,,
receiver_loso_11,19-20,N210,3829,DG_CORAL,4472,0.73732090996015121,0.76677970035816223,0.75648479427549198,0.15499703968626871,0.7225827923953388,0.6796910412170356,64774.0,339.3985013929996,166500864.0,,,,,,
receiver_loso_11,19-20,N210,3829,DG_DANN,4472,0.75141105930292529,0.78061211175513723,0.77079606440071557,0.12876580506963031,0.7220008293664666,0.6800740467684413,70754.0,44.952249636997294,166447616.0,,,,,,
receiver_loso_11,19-20,N210,3829,DG_GROUPDRO,4472,0.71741749901451424,0.74492019886724548,0.73389982110912344,0.1664544812775148,0.6960639048633425,0.6500301018144635,64774.0,140.194416999002,166501376.0,,,,,,
receiver_loso_11,19-20,N210,3829,P0,4472,0.72867786594083928,0.75304872171904436,0.74217352415026838,0.17566182095164259,0.7125079336364305,0.6659271735204806,64774.0,30.77083001499705,166500864.0,,,,,,
receiver_loso_11,19-20,N210,3829,P0_WIDE,4472,0.71207923618535884,0.74605475316636172,0.73457066189624332,0.1905441136367633,0.678678330799917,0.6384873695003522,74827.0,30.449212614003045,166664704.0,,,,,,
receiver_loso_11,19-20,N210,3829,P1,4472,0.74956812101832149,0.76583340050578563,0.75536672629695889,0.1925195532722635,0.7156989716494125,0.6740280438219083,73030.0,91.09574263399554,178401792.0,,,,,,
receiver_loso_11,19-20,N210,3829,P2,4472,0.79972708009728011,0.80979749903760501,0.80143112701252239,0.1481919340949259,0.7023496996921873,0.6580432159346622,75143.0,96.05963998100196,182013952.0,,,,,,
receiver_loso_11,19-20,N210,3829,P2_MISMATCHED_RX,4472,0.79023830749133805,0.80193034138865416,0.79293381037567079,0.15590453218528749,0.7193062114078126,0.6695782125334642,75143.0,2.665657360004843,80650240.0,,,,,,
receiver_loso_11,19-20,N210,3829,P2_NULL,4472,0.79713329257083654,0.80821327621657912,0.79986583184257598,0.128016269920737,0.7005455230385936,0.6607324131884758,75143.0,0.4950609150037053,80650240.0,,,,,,
receiver_loso_11,19-20,N210,3829,P2_SHUFFLED,4472,0.79503180387751682,0.80507886211416457,0.79651162790697672,0.15332610254077661,0.7097968388864665,0.6625775330503084,75143.0,3.4381072249962017,80650240.0,,,,,,
receiver_loso_11,19-20,N210,3829,RX_NORM,4472,0.71830859279347392,0.75605591225881508,0.74530411449016098,0.16493063184144449,0.7248044687809773,0.6806719661286754,64774.0,0.4235985560007975,71660544.0,,,,,,
receiver_loso_11,19-20,N210,3829,SOURCE_NORM,4472,0.72870410790962936,0.76543589719603566,0.75491949910554557,0.15867554341078011,0.7254186571327753,0.6813506187868565,64774.0,43.133141259000695,166500864.0,,,,,,
receiver_loso_11,19-20,N210,3829,T3A,4472,0.73474557855337019,0.7554258520821393,0.74440966010733456,0.0836630292696635,0.7379709353747606,0.6915567806593322,64774.0,0.6520257459997083,73746944.0,,,,,,
receiver_loso_11,19-20,N210,4829,DG_CORAL,4472,0.71722368969321737,0.74092315263171227,0.72920393559928443,0.1761437449237741,0.739786953009792,0.6944971711658123,64774.0,302.3750934869968,166500864.0,,,,,,
receiver_loso_11,19-20,N210,4829,DG_DANN,4472,0.71822781807661062,0.74355882094979142,0.73278175313059035,0.16256149264455699,0.7026359027996486,0.6674663504067118,70754.0,29.496035350995957,166447616.0,,,,,,
receiver_loso_11,19-20,N210,4829,DG_GROUPDRO,4472,0.6993050340159227,0.72433706221723304,0.71220930232558144,0.16192291680996659,0.6987687953856198,0.6486388190056639,64774.0,111.14055551899946,166501376.0,,,,,,
receiver_loso_11,19-20,N210,4829,P0,4472,0.726778527595484,0.74887606413233987,0.73792486583184258,0.1861349108740554,0.7416144962862913,0.6953217505070262,64774.0,42.813443315993936,166500864.0,,,,,,
receiver_loso_11,19-20,N210,4829,P0_WIDE,4472,0.69351719078386775,0.72599040792947156,0.71399821109123429,0.2062619255725727,0.7344106283821432,0.6883931396988837,74827.0,35.515999365001335,166664704.0,,,,,,
receiver_loso_11,19-20,N210,4829,P1,4472,0.74719078202824474,0.76580087126085816,0.75626118067978532,0.1920933413730804,0.7455796398078555,0.7004679751042958,73030.0,98.6241172440059,178401792.0,,,,,,
receiver_loso_11,19-20,N210,4829,P2,4472,0.74595422268648992,0.76099131754707694,0.75089445438282643,0.18355244176865479,0.72866277575366,0.6801894630408248,75143.0,90.6472946779977,182013952.0,,,,,,
receiver_loso_11,19-20,N210,4829,P2_MISMATCHED_RX,4472,0.74042526159289901,0.75650381147564039,0.74642218246869407,0.18283076769937229,0.7277770368948328,0.6749074766603468,75143.0,2.6517195740016177,80650240.0,,,,,,
receiver_loso_11,19-20,N210,4829,P2_NULL,4472,0.72901660107069899,0.74674323234235429,0.73546511627906974,0.17339929618767741,0.7132096356403927,0.6609306644970526,75143.0,0.4757919269977719,80650240.0,,,,,,
receiver_loso_11,19-20,N210,4829,P2_SHUFFLED,4472,0.73270646638979764,0.7512116682074429,0.74060822898032197,0.18991312747804551,0.714697287782951,0.666274556115198,75143.0,3.633996501004731,80650240.0,,,,,,
receiver_loso_11,19-20,N210,4829,RX_NORM,4472,0.71101845784138662,0.73678076154879546,0.72495527728085862,0.18065393094993021,0.7203673926477255,0.6807908936559356,64774.0,0.4266393880025134,71660544.0,,,,,,
receiver_loso_11,19-20,N210,4829,SOURCE_NORM,4472,0.70906568023227845,0.73430057130631488,0.7224955277280859,0.18193850356399049,0.7225990465605175,0.6825257336731404,64774.0,40.45517683499929,166500864.0,,,,,,
receiver_loso_11,19-20,N210,4829,T3A,4472,0.74349080216504893,0.76099879951650451,0.75022361359570666,0.058291857912203399,0.7644802567240098,0.7220584701364302,64774.0,0.657877475998248,73746944.0,,,,,,
receiver_loso_12,2-1,N210,829,DG_CORAL,4672,0.80840108891569329,0.82343750770131185,0.8242722602739726,0.1088383173544521,0.8312918073907977,0.7835432267932895,64774.0,330.1226534180023,166500864.0,,,,,,
receiver_loso_12,2-1,N210,829,DG_DANN,4672,0.80358471197779491,0.81340307703125048,0.81421232876712324,0.1242271996141501,0.8201317223081003,0.7745220175526112,70754.0,42.78562757700274,166447616.0,,,,,,
receiver_loso_12,2-1,N210,829,DG_GROUPDRO,4672,0.71514836268814863,0.73332203386368111,0.73394691780821919,0.1341211374606682,0.7874488320522768,0.7381939319861627,64774.0,94.18828080000094,166501376.0,,,,,,
receiver_loso_12,2-1,N210,829,P0,4672,0.79690503478548713,0.8145808486484446,0.81549657534246578,0.1210374012589454,0.8340029384397963,0.7826575101260148,64774.0,33.48031048399571,166500864.0,,,,,,
receiver_loso_12,2-1,N210,829,P0_WIDE,4672,0.80015599280679639,0.80844432894980611,0.80907534246575341,0.13142858222382109,0.8115373131370985,0.7682474368275686,74827.0,22.51480798800185,166664704.0,,,,,,
receiver_loso_12,2-1,N210,829,P1,4672,0.79377375852621057,0.80071636881288188,0.80136986301369861,0.15105650840607809,0.8304932985312717,0.7858809898644793,73030.0,96.91753272100324,181449728.0,,,,,,
receiver_loso_12,2-1,N210,829,P2,4672,0.80032893759987689,0.79871368775240104,0.79901541095890416,0.1479723727942942,0.8067338684926644,0.7595701076513034,75143.0,95.7948225939981,185805312.0,,,,,,
receiver_loso_12,2-1,N210,829,P2_MISMATCHED_RX,4672,0.75458935704053809,0.75818201446296707,0.75856164383561642,0.1924405823244828,0.7898093490882014,0.7445619751424251,75143.0,2.7727056150033604,80650240.0,,,,,,
receiver_loso_12,2-1,N210,829,P2_NULL,4672,0.79011603960137722,0.78807947157351377,0.78831335616438358,0.14118510884653829,0.805211617653809,0.7484812207951838,75143.0,0.4723027229993022,80650240.0,,,,,,
receiver_loso_12,2-1,N210,829,P2_SHUFFLED,4672,0.77318406077622948,0.77339727494147281,0.77375856164383561,0.17299755234016129,0.8055322035841979,0.755919135688314,75143.0,3.773545823998575,80650240.0,,,,,,
receiver_loso_12,2-1,N210,829,RX_NORM,4672,0.80909296613174986,0.82411357678642505,0.82491438356164382,0.1082764438366237,0.8247804210380961,0.7807834020809472,64774.0,0.4395793110015802,71660544.0,,,,,,
receiver_loso_12,2-1,N210,829,SOURCE_NORM,4672,0.81531243050852875,0.82987842435907833,0.83069349315068497,0.1077822010951396,0.8256853153304421,0.7816085492138404,64774.0,39.98646952099807,166500864.0,,,,,,
receiver_loso_12,2-1,N210,829,T3A,4672,0.77055982634403275,0.79015514313513313,0.79109589041095896,0.049601639276498001,0.8311781657271881,0.8039152234599237,64774.0,0.5868056910039741,73746944.0,,,,,,
receiver_loso_12,2-1,N210,1829,DG_CORAL,4672,0.80912065883143358,0.81469761893897197,0.81506849315068497,0.1164120165312228,0.8187534346337019,0.7691369864337582,64774.0,327.73386828500225,166500864.0,,,,,,
receiver_loso_12,2-1,N210,1829,DG_DANN,4672,0.8469042463658597,0.84620020239294014,0.84653253424657537,0.055952746912275697,0.8192450449835947,0.7626866713143051,70754.0,36.0754954849981,166447616.0,,,,,,
receiver_loso_12,2-1,N210,1829,DG_GROUPDRO,4672,0.77196405299052273,0.77113414457453855,0.77161815068493156,0.1210007734073657,0.8031498503059892,0.7514329538684988,64774.0,148.4449117030017,166501376.0,,,,,,
receiver_loso_12,2-1,N210,1829,P0,4672,0.76864992386844377,0.77646876892317085,0.7773972602739726,0.1447211593223659,0.8203144872246094,0.7611326833274283,64774.0,29.23327810299816,166500864.0,,,,,,
receiver_loso_12,2-1,N210,1829,P0_WIDE,4672,0.87729380094501852,0.87936581954173443,0.87992294520547942,0.081599613492160203,0.8254605645626439,0.766846638335268,74827.0,29.446231629000977,166664704.0,,,,,,
receiver_loso_12,2-1,N210,1829,P1,4672,0.77648977187965074,0.78267216531239303,0.78317636986301364,0.1652532944085765,0.8225857948155549,0.7834702809489661,73030.0,96.37646330500138,178401792.0,,,,,,
receiver_loso_12,2-1,N210,1829,P2,4672,0.79898080895315216,0.80107691937712422,0.80136986301369861,0.1328899935844724,0.8130703030327927,0.7700837130243458,75143.0,89.58123087900458,182013952.0,,,,,,
receiver_loso_12,2-1,N210,1829,P2_MISMATCHED_RX,4672,0.79268702571472416,0.79718329014438682,0.79751712328767121,0.1425467553255084,0.7986939412859678,0.7435015061423976,75143.0,2.6740704809999443,80650240.0,,,,,,
receiver_loso_12,2-1,N210,1829,P2_NULL,4672,0.78206630452666304,0.78413710933742709,0.78446061643835618,0.132560684674177,0.8035624969218867,0.745800920918267,75143.0,0.4985374009993393,80650240.0,,,,,,
receiver_loso_12,2-1,N210,1829,P2_SHUFFLED,4672,0.79470700008628026,0.79665492919604397,0.7970890410958904,0.1423111238121374,0.8066758749031543,0.7517209935324747,75143.0,3.5088583579999977,80650240.0,,,,,,
receiver_loso_12,2-1,N210,1829,RX_NORM,4672,0.82370063283085049,0.82745977759438782,0.8279109589041096,0.1039925500788815,0.8188117335770694,0.7681838794431104,64774.0,0.4716373449991806,71660544.0,,,,,,
receiver_loso_12,2-1,N210,1829,SOURCE_NORM,4672,0.82190414515714194,0.8270376262398722,0.82748287671232879,0.1082116816805242,0.8194422520781025,0.7692353789834679,64774.0,39.59689466999407,166500864.0,,,,,,
receiver_loso_12,2-1,N210,1829,T3A,4672,0.80946333618952993,0.80872425432346562,0.80928938356164382,0.056702547990525598,0.8355746036262643,0.7765523912974199,64774.0,0.5753823650011327,73746944.0,,,,,,
receiver_loso_12,2-1,N210,2829,DG_CORAL,4672,0.72239203007409791,0.73715938337603759,0.73672945205479456,0.1772139164529842,0.835915274920048,0.7848620990471536,64774.0,224.9772619900032,166500864.0,,,,,,
receiver_loso_12,2-1,N210,2829,DG_DANN,4672,0.79457783079730282,0.81136248679828571,0.81121575342465757,0.131731054783888,0.8336228550091578,0.7861759386349473,70754.0,39.09526095599722,166447616.0,,,,,,
receiver_loso_12,2-1,N210,2829,DG_GROUPDRO,4672,0.75835645614044989,0.75836186881897694,0.7579195205479452,0.12038514055056521,0.8075279476240137,0.766651051998824,64774.0,135.30320946600114,166501376.0,,,,,,
receiver_loso_12,2-1,N210,2829,P0,4672,0.71412003130520951,0.72678822363908591,0.72624143835616439,0.18620782330861849,0.8338990364715778,0.780902069238426,64774.0,21.59668336699542,166500864.0,,,,,,
receiver_loso_12,2-1,N210,2829,P0_WIDE,4672,0.81143903223048441,0.81395788569737204,0.81357020547945202,0.12075481263359319,0.8015588395045318,0.746540686748497,74827.0,20.505428803997347,166664704.0,,,,,,
receiver_loso_12,2-1,N210,2829,P1,4672,0.85073639723955552,0.8516446191984296,0.85124143835616439,0.096020750950205402,0.798571983041271,0.7523487737533104,73030.0,101.32418597299691,181449728.0,,,,,,
receiver_loso_12,2-1,N210,2829,P2,4672,0.78111302910636349,0.77809686181419135,0.77761130136986301,0.17010588073235461,0.8262617965986947,0.7780340590539311,75143.0,105.27013013699616,185805312.0,,,,,,
receiver_loso_12,2-1,N210,2829,P2_MISMATCHED_RX,4672,0.77025675744585287,0.76653358726372256,0.76605308219178081,0.1805582018888057,0.8068917940866336,0.7521335155488078,75143.0,2.676264025998534,80650240.0,,,,,,
receiver_loso_12,2-1,N210,2829,P2_NULL,4672,0.76987687393998305,0.7735425159398347,0.77311643835616439,0.1707149959768946,0.8213647552409212,0.7652940855152749,75143.0,0.462538306004717,80650240.0,,,,,,
receiver_loso_12,2-1,N210,2829,P2_SHUFFLED,4672,0.77513842796777499,0.77438658893921808,0.77397260273972601,0.17692761643700411,0.8156277302046191,0.7671872727767424,75143.0,3.609781599996495,80650240.0,,,,,,
receiver_loso_12,2-1,N210,2829,RX_NORM,4672,0.76856740824510483,0.79019517189975363,0.79002568493150682,0.15669302692738901,0.834889332193721,0.789853611707601,64774.0,0.4334447079963865,71660544.0,,,,,,
receiver_loso_12,2-1,N210,2829,SOURCE_NORM,4672,0.77346890249412903,0.7932009024457255,0.7930222602739726,0.15419882768127199,0.8372573057800204,0.7936853938962182,64774.0,35.51586464700085,166500864.0,,,,,,
receiver_loso_12,2-1,N210,2829,T3A,4672,0.77243859384395852,0.7747918609174379,0.77440068493150682,0.0630058888282167,0.8396337208015648,0.7930755330879373,64774.0,0.5923870420010644,73746944.0,,,,,,
receiver_loso_12,2-1,N210,3829,DG_CORAL,4672,0.79530130413121913,0.79985362923146941,0.79944349315068497,0.095729258453652002,0.7923802591950236,0.7392985237223973,64774.0,237.88414250200003,166500864.0,,,,,,
receiver_loso_12,2-1,N210,3829,DG_DANN,4672,0.76589226936368915,0.76962340870245127,0.7694777397260274,0.070944187068699302,0.7716135792612299,0.7227375739140368,70754.0,24.31250255600025,166447616.0,,,,,,
receiver_loso_12,2-1,N210,3829,DG_GROUPDRO,4672,0.76385821607645177,0.7684845932811033,0.76819349315068497,0.042096000343356997,0.7551932914407038,0.6989793901909732,64774.0,88.73950612499902,166501376.0,,,,,,
receiver_loso_12,2-1,N210,3829,P0,4672,0.80841486927364159,0.81141345606708304,0.81100171232876717,0.12037336273909841,0.8018073554284402,0.7493272572061306,64774.0,30.08304123999551,166500864.0,,,,,,
receiver_loso_12,2-1,N210,3829,P0_WIDE,4672,0.75818605278900553,0.76030934722145072,0.76005993150684936,0.094159969581571704,0.7793321770677738,0.7267777725115399,74827.0,16.887361743996735,166664704.0,,,,,,
receiver_loso_12,2-1,N210,3829,P1,4672,0.81838820736878459,0.82149304540895851,0.82106164383561642,0.13512807896309709,0.7971718227266317,0.7510669709654093,73030.0,97.06274215300073,181449728.0,,,,,,
receiver_loso_12,2-1,N210,3829,P2,4672,0.82386202483605864,0.82489435286388713,0.82448630136986301,0.11928069513061471,0.8144774180914859,0.7687232834135194,75143.0,108.1347006319993,185805312.0,,,,,,
receiver_loso_12,2-1,N210,3829,P2_MISMATCHED_RX,4672,0.80345278343072923,0.80661362350759269,0.80607876712328763,0.13805365614108231,0.8050333158097122,0.7563094903306747,75143.0,2.8923715599958086,80650240.0,,,,,,
receiver_loso_12,2-1,N210,3829,P2_NULL,4672,0.82526839711868261,0.82699498668141347,0.82662671232876717,0.096399955923528596,0.8116849489324159,0.7642903658340962,75143.0,0.5043317129966454,80650240.0,,,,,,
receiver_loso_12,2-1,N210,3829,P2_SHUFFLED,4672,0.81924314002740062,0.82045668694687934,0.81999143835616439,0.12474266899596539,0.8071272419324592,0.7563460276108928,75143.0,3.789045632001944,80650240.0,,,,,,
receiver_loso_12,2-1,N210,3829,RX_NORM,4672,0.82788576855263896,0.83068054266043212,0.83026541095890416,0.1025051235808187,0.8045914161604192,0.7484083333205594,64774.0,0.4909894119991804,71660544.0,,,,,,
receiver_loso_12,2-1,N210,3829,SOURCE_NORM,4672,0.83161880712771186,0.83432423305688641,0.83390410958904104,0.098521563358451705,0.805023633507961,0.7489500025049186,64774.0,42.49344293699687,166500864.0,,,,,,
receiver_loso_12,2-1,N210,3829,T3A,4672,0.8140056165020777,0.8158904395980926,0.81549657534246578,0.032380590537460799,0.8145956142963913,0.7869084315843496,64774.0,0.7385548599995673,73746944.0,,,,,,
receiver_loso_12,2-1,N210,4829,DG_CORAL,4672,0.80579280087144534,0.8153152869063045,0.81528253424657537,0.1284453815793338,0.840224302163619,0.7894206662332873,64774.0,302.7477311179973,166500864.0,,,,,,
receiver_loso_12,2-1,N210,4829,DG_DANN,4672,0.80554074543501863,0.80750488849317803,0.80736301369863017,0.10650321623718691,0.8266699003719548,0.7779648039321702,70754.0,41.96066579999752,166447616.0,,,,,,
receiver_loso_12,2-1,N210,4829,DG_GROUPDRO,4672,0.75993837263580744,0.77293280818903609,0.77268835616438358,0.11517674094129809,0.7888401774322759,0.7368106465770126,64774.0,118.18106975099364,166501376.0,,,,,,
receiver_loso_12,2-1,N210,4829,P0,4672,0.81962831611012676,0.83181726961062941,0.83176369863013699,0.1217775056393792,0.8412974416736397,0.7984675573639661,64774.0,31.83228875700297,166500864.0,,,,,,
receiver_loso_12,2-1,N210,4829,P0_WIDE,4672,0.81137323429179975,0.82083262319036854,0.82063356164383561,0.12608645430268489,0.8487619195854843,0.8039480423407538,74827.0,28.95208485200419,166664704.0,,,,,,
receiver_loso_12,2-1,N210,4829,P1,4672,0.78660191789953027,0.7880541542421714,0.78788527397260277,0.15713333178388131,0.8079932722370465,0.7635135217727709,73030.0,94.05576889499936,178401792.0,,,,,,
receiver_loso_12,2-1,N210,4829,P2,4672,0.76317246740249045,0.76759244783844716,0.76733732876712324,0.13650992881404611,0.7929343525264594,0.7486878335355772,75143.0,77.29534920800506,182013952.0,,,,,,
receiver_loso_12,2-1,N210,4829,P2_MISMATCHED_RX,4672,0.76246564342756151,0.76652120192473117,0.76626712328767121,0.13708278370306709,0.7969303099723563,0.7445699940710222,75143.0,2.7703799420050927,80650240.0,,,,,,
receiver_loso_12,2-1,N210,4829,P2_NULL,4672,0.7624584346557991,0.76701734155308188,0.76669520547945202,0.11376259936504569,0.790402533732486,0.739709053921891,75143.0,0.5225320289973752,80650240.0,,,,,,
receiver_loso_12,2-1,N210,4829,P2_SHUFFLED,4672,0.75401853894062587,0.76179259054380954,0.7615582191780822,0.14395529173365601,0.7918023067420518,0.7432395333789797,75143.0,3.722891302997596,80650240.0,,,,,,
receiver_loso_12,2-1,N210,4829,RX_NORM,4672,0.82161463677819258,0.83056418855099701,0.83047945205479456,0.1138192550661935,0.8395280532330937,0.7879105717351798,64774.0,0.490670400999079,71660544.0,,,,,,
receiver_loso_12,2-1,N210,4829,SOURCE_NORM,4672,0.81603050087725781,0.82585642924135927,0.82577054794520544,0.1182987625736182,0.8371447852106546,0.784186026050454,64774.0,39.00097920299595,166500864.0,,,,,,
receiver_loso_12,2-1,N210,4829,T3A,4672,0.8218544274408649,0.83614536340352608,0.8360445205479452,0.029936578992294901,0.8496244905935968,0.820221698651403,64774.0,0.6007115920001525,73746944.0,,,,,,
receiver_loso_13,2-19,N210,829,DG_CORAL,4672,0.78689536895880885,0.81226844503193074,0.8122859589041096,0.106716106058902,0.8161201802017054,0.8131190940403089,64774.0,285.80555650300084,166500864.0,,,,,,
receiver_loso_13,2-19,N210,829,DG_DANN,4672,0.83516335854620838,0.84950438460980315,0.84952910958904104,0.048938331592904498,0.8014994365813433,0.7952170451783366,70754.0,41.132027897001535,166447616.0,,,,,,
receiver_loso_13,2-19,N210,829,DG_GROUPDRO,4672,0.73346607690260923,0.76358161289308046,0.76369863013698636,0.092246059149707793,0.8008948511672109,0.7956636009671287,64774.0,137.63513094899827,166501376.0,,,,,,
receiver_loso_13,2-19,N210,829,P0,4672,0.80945793668042521,0.82657611457363911,0.82662671232876717,0.1041552183307605,0.8165322147412531,0.8128098113004195,64774.0,32.67115328300133,166500864.0,,,,,,
receiver_loso_13,2-19,N210,829,P0_WIDE,4672,0.87355557250441951,0.88034069232599599,0.88035102739726023,0.065853107465456501,0.8384391617637946,0.8373254571917963,74827.0,32.066092790002585,166664704.0,,,,,,
receiver_loso_13,2-19,N210,829,P1,4672,0.91905917254213598,0.92364995075428558,0.92358732876712324,0.037597389030589103,0.8424561826908169,0.8389693828539588,73030.0,97.69011419299932,178401792.0,,,,,,
receiver_loso_13,2-19,N210,829,P2,4672,0.84619132320528767,0.85531670278589822,0.8553082191780822,0.088498316475585703,0.8125112877222426,0.8112037321912906,75143.0,105.49492350100628,182013952.0,,,,,,
receiver_loso_13,2-19,N210,829,P2_MISMATCHED_RX,4672,0.82805752497606877,0.84111438466265509,0.84118150684931503,0.1052311357072465,0.8076223690381821,0.8072174549965317,75143.0,2.820855470999959,80650240.0,,,,,,
receiver_loso_13,2-19,N210,829,P2_NULL,4672,0.83176503496582166,0.84912387046073146,0.84910102739726023,0.089836504501736997,0.8082309717114297,0.807030178274274,75143.0,0.6214445000005071,80650240.0,,,,,,
receiver_loso_13,2-19,N210,829,P2_SHUFFLED,4672,0.83065515584814342,0.84326211477738899,0.84332191780821919,0.10151097696427611,0.8099086851238275,0.8080400157393343,75143.0,3.641950638004346,80650240.0,,,,,,
receiver_loso_13,2-19,N210,829,RX_NORM,4672,0.79085928998283395,0.80924187170933359,0.80928938356164382,0.088474038650268996,0.7957725211959374,0.7919861405603353,64774.0,0.5207926590010175,71660544.0,,,,,,
receiver_loso_13,2-19,N210,829,SOURCE_NORM,4672,0.81709244626543365,0.83409346429906206,0.83411815068493156,0.072944609652439193,0.8106558591704296,0.8070147164192095,64774.0,35.281310750004195,166500864.0,,,,,,
receiver_loso_13,2-19,N210,829,T3A,4672,0.84879124624093871,0.8654448980402587,0.86536815068493156,0.1109362277648832,0.8327422261268705,0.8270895063441605,64774.0,0.6568214110011468,73746944.0,,,,,,
receiver_loso_13,2-19,N210,1829,DG_CORAL,4672,0.90363451360197,0.90294197235959983,0.90282534246575341,0.028788918986508299,0.8437845532518514,0.8439043345038667,64774.0,350.312449310004,166500864.0,,,,,,
receiver_loso_13,2-19,N210,1829,DG_DANN,4672,0.87511910842941731,0.87838680664294089,0.87821061643835618,0.031312967510256001,0.8206770649949702,0.820065962181217,70754.0,33.385673466997105,166447616.0,,,,,,
receiver_loso_13,2-19,N210,1829,DG_GROUPDRO,4672,0.87068245005837186,0.86924735733528691,0.86900684931506844,0.011886315739216001,0.8203157650252678,0.8194165781310251,64774.0,122.15010249899932,166501376.0,,,,,,
receiver_loso_13,2-19,N210,1829,P0,4672,0.92388278591668682,0.92365587525289483,0.92358732876712324,0.021584628870685098,0.8428957704230554,0.840578999591498,64774.0,31.798949593001453,166500864.0,,,,,,
receiver_loso_13,2-19,N210,1829,P0_WIDE,4672,0.83110812652626886,0.83882843620678704,0.83861301369863017,0.1065489315230093,0.8445710807456052,0.8422643526857304,74827.0,32.47957365199545,166664704.0,,,,,,
receiver_loso_13,2-19,N210,1829,P1,4672,0.89537751972007129,0.89743414160666546,0.89726027397260277,0.055042481311431003,0.8358514881766878,0.8356808288652248,73030.0,106.86509764700168,181449728.0,,,,,,
receiver_loso_13,2-19,N210,1829,P2,4672,0.82253006132628548,0.83053123303646192,0.83026541095890416,0.092193777309347899,0.8262849563257628,0.8241799360528018,75143.0,100.16061542899844,185805312.0,,,,,,
receiver_loso_13,2-19,N210,1829,P2_MISMATCHED_RX,4672,0.78358591020978796,0.79556026194477647,0.79516267123287676,0.13207770490776491,0.823446723167013,0.8176716913478699,75143.0,2.8087053519993788,80650240.0,,,,,,
receiver_loso_13,2-19,N210,1829,P2_NULL,4672,0.72148809970986905,0.7309466441548943,0.7303082191780822,0.17348800459238761,0.8169667120610281,0.8137196122475641,75143.0,0.5878058739981498,80650240.0,,,,,,
receiver_loso_13,2-19,N210,1829,P2_SHUFFLED,4672,0.80326547574696505,0.80924254529104755,0.80886130136986301,0.1167830671183764,0.8183527191673255,0.8169304205822732,75143.0,3.6939114919950953,80650240.0,,,,,,
receiver_loso_13,2-19,N210,1829,RX_NORM,4672,0.91114905390810164,0.91147047099237044,0.91138698630136983,0.028831984356606999,0.8433308497284525,0.8409797552338248,64774.0,0.5111004689970287,71660544.0,,,,,,
receiver_loso_13,2-19,N210,1829,SOURCE_NORM,4672,0.9342676045286572,0.93410786160964077,0.93407534246575341,0.012752353277516599,0.8466391728793369,0.8440528358487072,64774.0,40.67422728699603,166500864.0,,,,,,
receiver_loso_13,2-19,N210,1829,T3A,4672,0.9362902322739296,0.93625383292790476,0.93621575342465757,0.1335007302456675,0.8467306709095888,0.8441391866244118,64774.0,0.6022700069952407,73746944.0,,,,,,
receiver_loso_13,2-19,N210,2829,DG_CORAL,4672,0.83240751711249839,0.84509896627863645,0.84524828767123283,0.095594221081788694,0.8239085636520186,0.8222417172352289,64774.0,340.465891990003,166500864.0,,,,,,
receiver_loso_13,2-19,N210,2829,DG_DANN,4672,0.86332088036910992,0.86950325182600885,0.86964897260273977,0.075704858536283406,0.8228986701809856,0.8198513850595578,70754.0,40.13135529300053,166447616.0,,,,,,
receiver_loso_13,2-19,N210,2829,DG_GROUPDRO,4672,0.83213288774140215,0.84507214856103097,0.84524828767123283,0.035774015878926799,0.8082352258295483,0.8059561049528878,64774.0,111.3706032370028,166501376.0,,,,,,
receiver_loso_13,2-19,N210,2829,P0,4672,0.8520220659066281,0.86353935021592843,0.86365582191780821,0.071296773028036803,0.8226667752927744,0.8201396793956716,64774.0,31.67566136700043,166500864.0,,,,,,
receiver_loso_13,2-19,N210,2829,P0_WIDE,4672,0.86271754540678092,0.87159810429308837,0.87178938356164382,0.050187454788550002,0.8485267114833731,0.8480752390324171,74827.0,34.151780328000314,166664704.0,,,,,,
receiver_loso_13,2-19,N210,2829,P1,4672,0.81020746412450206,0.82681141233390731,0.82705479452054798,0.11848520793735159,0.8075233895564861,0.8057981967301258,73030.0,93.30332675700627,181449728.0,,,,,,
receiver_loso_13,2-19,N210,2829,P2,4672,0.88309759013438593,0.88791027393409461,0.88805650684931503,0.067538308502774494,0.8341099789104344,0.8335584236374115,75143.0,114.0970360650026,185805312.0,,,,,,
receiver_loso_13,2-19,N210,2829,P2_MISMATCHED_RX,4672,0.85285431764472242,0.86132298378847449,0.86151541095890416,0.094219634181832601,0.797509835220345,0.7967505331083812,75143.0,3.112919523999153,80650240.0,,,,,,
receiver_loso_13,2-19,N210,2829,P2_NULL,4672,0.85823467078144089,0.86518872305928063,0.86536815068493156,0.074504271468581296,0.8272312987628171,0.8265261738693029,75143.0,0.6440031660022214,80650240.0,,,,,,
receiver_loso_13,2-19,N210,2829,P2_SHUFFLED,4672,0.87618855673307117,0.88169585010924256,0.88184931506849318,0.0760145798351054,0.8253908814647349,0.8247357880969622,75143.0,3.830235375004122,80650240.0,,,,,,
receiver_loso_13,2-19,N210,2829,RX_NORM,4672,0.779281520536515,0.80330149338280066,0.80351027397260277,0.1133352433242006,0.8132708091420547,0.8123910440984727,64774.0,0.5905818640021607,71660544.0,,,,,,
receiver_loso_13,2-19,N210,2829,SOURCE_NORM,4672,0.79655103478249079,0.81810059172635985,0.81827910958904104,0.10033060425943501,0.8220059214742154,0.8207411452556902,64774.0,30.22537121400092,166500864.0,,,,,,
receiver_loso_13,2-19,N210,2829,T3A,4672,0.86069384759588263,0.87082570544078808,0.8709332191780822,0.082028566496064007,0.8375651425449707,0.8343013031021242,64774.0,0.8391484000021592,73746944.0,,,,,,
receiver_loso_13,2-19,N210,3829,DG_CORAL,4672,0.84873269769037585,0.85569094082139208,0.85702054794520544,0.055376885350385201,0.8263516225073912,0.8259613440429542,64774.0,275.1888476499953,166500864.0,,,,,,
receiver_loso_13,2-19,N210,3829,DG_DANN,4672,0.879630010117327,0.88306207662906466,0.88398972602739723,0.035506516337802899,0.8266835671763474,0.827259178504133,70754.0,32.87108332099888,166447616.0,,,,,,
receiver_loso_13,2-19,N210,3829,DG_GROUPDRO,4672,0.80980183895850011,0.82043086616222605,0.82170376712328763,0.064398093302160106,0.8162281796808749,0.8146955061327993,64774.0,132.9289278399956,166501376.0,,,,,,
receiver_loso_13,2-19,N210,3829,P0,4672,0.84010042774413707,0.84708768700046233,0.84845890410958902,0.064739847861944796,0.8228843841363697,0.8222874082368871,64774.0,31.93566049999936,166500864.0,,,,,,
receiver_loso_13,2-19,N210,3829,P0_WIDE,4672,0.82519084979238322,0.83050731633814934,0.83154965753424659,0.086193374064687203,0.834768086541953,0.8345596605721658,74827.0,34.75452810500428,166664704.0,,,,,,
receiver_loso_13,2-19,N210,3829,P1,4672,0.87988159664042653,0.88380110625761488,0.88441780821917804,0.065412489710094904,0.8501920956004317,0.8493681573260276,73030.0,95.47923772899958,178401792.0,,,,,,
receiver_loso_13,2-19,N210,3829,P2,4672,0.83538953243244674,0.84497981663209565,0.84631849315068497,0.10724448772427959,0.8371608971265455,0.8346273101491821,75143.0,113.2039252579998,182013952.0,,,,,,
receiver_loso_13,2-19,N210,3829,P2_MISMATCHED_RX,4672,0.85095912594885637,0.8581943148524136,0.859375,0.095673729869702906,0.8221724930643672,0.8192343106034442,75143.0,2.8776781279957504,80650240.0,,,,,,
receiver_loso_13,2-19,N210,3829,P2_NULL,4672,0.80319890508811997,0.82120959049795506,0.82298801369863017,0.1154252870314537,0.8279977947809889,0.8277810382762808,75143.0,0.5599980460028746,80650240.0,,,,,,
receiver_loso_13,2-19,N210,3829,P2_SHUFFLED,4672,0.83020471228638515,0.84039369578786116,0.84182363013698636,0.1100737098540652,0.8288758821344023,0.8279835509940304,75143.0,3.731578601997171,80650240.0,,,,,,
receiver_loso_13,2-19,N210,3829,RX_NORM,4672,0.89112201545273262,0.8937532900998435,0.8946917808219178,0.042968084895345302,0.8263049923612736,0.8265023253370952,64774.0,0.5415923429973191,71660544.0,,,,,,
receiver_loso_13,2-19,N210,3829,SOURCE_NORM,4672,0.89364707160149492,0.89612928438829853,0.89704623287671237,0.041914879478361103,0.8288279858906077,0.8291118521395461,64774.0,34.99209414699726,166500864.0,,,,,,
receiver_loso_13,2-19,N210,3829,T3A,4672,0.87143723017783925,0.87544876880174816,0.87649828767123283,0.1526071373660321,0.8349839783817231,0.8345047768847861,64774.0,0.7671431859998847,73746944.0,,,,,,
receiver_loso_13,2-19,N210,4829,DG_CORAL,4672,0.88018608010532784,0.88579223278798702,0.88527397260273977,0.040670609548177597,0.8652778654136534,0.8660166847181853,64774.0,315.5720904519985,166500864.0,,,,,,
receiver_loso_13,2-19,N210,4829,DG_DANN,4672,0.84349094824001947,0.85148580135693075,0.85081335616438358,0.040575127085441101,0.844554169568219,0.8443199138532845,70754.0,18.85629174199857,166447616.0,,,,,,
receiver_loso_13,2-19,N210,4829,DG_GROUPDRO,4672,0.76145331041803965,0.78596943081517912,0.78488869863013699,0.089758578094666502,0.833106657296618,0.8293655817097069,64774.0,73.3954955260051,166501376.0,,,,,,
receiver_loso_13,2-19,N210,4829,P0,4672,0.85446785502552747,0.86494431512646697,0.86429794520547942,0.063831079209044794,0.8539264151574856,0.8545587346714308,64774.0,27.97413931199844,166500864.0,,,,,,
receiver_loso_13,2-19,N210,4829,P0_WIDE,4672,0.85034568309509995,0.85947338899651626,0.85873287671232879,0.096484380637053196,0.8467385732138966,0.8472674139096723,74827.0,38.45918381299998,166664704.0,,,,,,
receiver_loso_13,2-19,N210,4829,P1,4672,0.89517159061432316,0.90014000100001057,0.89961472602739723,0.0564373002693771,0.8398258645592813,0.8401909327803332,73030.0,100.38634107600228,178401792.0,,,,,,
receiver_loso_13,2-19,N210,4829,P2,4672,0.89776697607412104,0.90223436663623158,0.90175513698630139,0.052540532332423999,0.8376413704415012,0.8373168399908343,75143.0,105.1588892639993,182013952.0,,,,,,
receiver_loso_13,2-19,N210,4829,P2_MISMATCHED_RX,4672,0.89015692994897266,0.89568033491778642,0.89511986301369861,0.060744284875435803,0.8364138811825891,0.8353380807716909,75143.0,2.8161394839989957,80650240.0,,,,,,
receiver_loso_13,2-19,N210,4829,P2_NULL,4672,0.84642740858174281,0.85501836632606487,0.85423801369863017,0.084477968992384703,0.832264203372883,0.8294283484032104,75143.0,0.5801494819970685,80650240.0,,,,,,
receiver_loso_13,2-19,N210,4829,P2_SHUFFLED,4672,0.87216619639385684,0.87971772049521679,0.8790667808219178,0.073609973374141796,0.8321841869862109,0.8315592895524345,75143.0,3.661986217004596,80650240.0,,,,,,
receiver_loso_13,2-19,N210,4829,RX_NORM,4672,0.83468195594350936,0.84813022058759457,0.84738869863013699,0.077805405520923396,0.8488408059902387,0.8487565428988049,64774.0,0.5685470810058177,71660544.0,,,,,,
receiver_loso_13,2-19,N210,4829,SOURCE_NORM,4672,0.83405390337725027,0.84665248727368614,0.84589041095890416,0.081266266000393203,0.8548261470722237,0.8550372377007586,64774.0,28.707853641994006,166500864.0,,,,,,
receiver_loso_13,2-19,N210,4829,T3A,4672,0.87850680834022843,0.8845339161063136,0.88398972602739723,0.11377118033522809,0.8704938326718086,0.8710786493072448,64774.0,0.8109844069986138,73746944.0,,,,,,
receiver_loso_14,20-1,N210,829,DG_CORAL,4672,0.93831577291530199,0.93770749052164204,0.9377140410958904,0.014723943170058,0.8890577136729854,0.8861257045987726,64774.0,291.57168798099883,166500864.0,,,,,,
receiver_loso_14,20-1,N210,829,DG_DANN,4672,0.93441342245831083,0.93340598019254195,0.9334332191780822,0.0109697632899839,0.8860942370877303,0.8821221949846619,70754.0,35.17389630199614,166447616.0,,,,,,
receiver_loso_14,20-1,N210,829,DG_GROUPDRO,4672,0.89695514273720667,0.89649230198546881,0.89661815068493156,0.015889904908325501,0.8432790467815554,0.83701959752189,64774.0,83.92013051800313,166501376.0,,,,,,
receiver_loso_14,20-1,N210,829,P0,4672,0.94072311476374537,0.9400590636874514,0.94006849315068497,0.0134091892292442,0.885071827561165,0.8820022402014805,64774.0,38.28961264700047,166500864.0,,,,,,
receiver_loso_14,20-1,N210,829,P0_WIDE,4672,0.93365464260818165,0.93360357971457641,0.9336472602739726,0.013591061352611801,0.8730761607996289,0.8705105145249191,74827.0,29.857147508999333,166664704.0,,,,,,
receiver_loso_14,20-1,N210,829,P1,4672,0.94116067916999979,0.9415205731990044,0.9415667808219178,0.026807371539714402,0.8792715313567444,0.8761834665093836,73030.0,102.71338854500208,181449728.0,,,,,,
receiver_loso_14,20-1,N210,829,P2,4672,0.94725151536591956,0.94668083387602175,0.94670376712328763,0.028941678629601199,0.8618029535445849,0.8577811053362921,75143.0,112.52466318599907,185805312.0,,,,,,
receiver_loso_14,20-1,N210,829,P2_MISMATCHED_RX,4672,0.90715752100619695,0.90555926432748957,0.90560787671232879,0.058320127172421,0.8628876964950568,0.8592665911773976,75143.0,2.919536136003444,80650240.0,,,,,,
receiver_loso_14,20-1,N210,829,P2_NULL,4672,0.8194185251260987,0.82455496464701916,0.82448630136986301,0.11960075786401041,0.8204566487859873,0.8128657870517912,75143.0,0.6184256970009301,80650240.0,,,,,,
receiver_loso_14,20-1,N210,829,P2_SHUFFLED,4672,0.91407462935670825,0.91264358470673024,0.91267123287671237,0.051572780577746599,0.8482493216048838,0.8431713779980524,75143.0,3.69145022900193,80650240.0,,,,,,
receiver_loso_14,20-1,N210,829,RX_NORM,4672,0.94720344705480797,0.94715346810911116,0.94713184931506844,0.0099969729685466004,0.8576569465116592,0.8520286484721961,64774.0,0.5532390029984526,71660544.0,,,,,,
receiver_loso_14,20-1,N210,829,SOURCE_NORM,4672,0.94926622976997121,0.94928859564016399,0.9492722602739726,0.0090265516032248007,0.8895642418387658,0.887326136655571,64774.0,46.15022739300184,166500864.0,,,,,,
receiver_loso_14,20-1,N210,829,T3A,4672,0.94818018997222242,0.94795766017176364,0.94798801369863017,0.13325145543387079,0.9062681495882816,0.9047317744755344,64774.0,0.7377335429991945,73746944.0,,,,,,
receiver_loso_14,20-1,N210,1829,DG_CORAL,4672,0.92467376628113962,0.92397702288979999,0.92401541095890416,0.01236203365181,0.8494964509857986,0.8411551016675557,64774.0,188.10550083999988,166500864.0,,,,,,
receiver_loso_14,20-1,N210,1829,DG_DANN,4672,0.93858133593706117,0.93827625865518161,0.93814212328767121,0.0091858659041661999,0.879394672070223,0.8741948358262177,70754.0,33.35185633299989,166447616.0,,,,,,
receiver_loso_14,20-1,N210,1829,DG_GROUPDRO,4672,0.88119741383604167,0.87922381443612219,0.87928082191780821,0.043564528009969003,0.8482964820940809,0.8383307253760828,64774.0,69.43562835500052,166501376.0,,,,,,
receiver_loso_14,20-1,N210,1829,P0,4672,0.92737050578228797,0.92629393723215137,0.92636986301369861,0.0248781127364004,0.8619898271100418,0.8552638028253128,64774.0,29.941891072994625,166500864.0,,,,,,
receiver_loso_14,20-1,N210,1829,P0_WIDE,4672,0.90829641074803558,0.90756971164662281,0.90753424657534243,0.044165668441365401,0.8399036582810703,0.8280094638932846,74827.0,36.253386104006495,166664704.0,,,,,,
receiver_loso_14,20-1,N210,1829,P1,4672,0.95535927399882803,0.95539449473292259,0.95547945205479456,0.015931149045234998,0.8729704183617151,0.8680828182655991,73030.0,104.5363326049992,181449728.0,,,,,,
receiver_loso_14,20-1,N210,1829,P2,4672,0.89925853612784967,0.89834419279658373,0.8985445205479452,0.043763779620448598,0.8287336506830573,0.8193899132035661,75143.0,78.29939138099871,182013952.0,,,,,,
receiver_loso_14,20-1,N210,1829,P2_MISMATCHED_RX,4672,0.8903422239471851,0.88998879568918021,0.89019691780821919,0.0518221622524297,0.825329284672914,0.8137436090008846,75143.0,2.7524521369996364,80650240.0,,,,,,
receiver_loso_14,20-1,N210,1829,P2_NULL,4672,0.8408659461828204,0.84103430985957772,0.84139554794520544,0.084669467954806996,0.8238554774004591,0.8131509042624084,75143.0,0.5290321860011318,80650240.0,,,,,,
receiver_loso_14,20-1,N210,1829,P2_SHUFFLED,4672,0.87642977486399787,0.87585413219811958,0.87607020547945202,0.068464480570121999,0.8211771354851103,0.8096414796486182,75143.0,3.5795446219999576,80650240.0,,,,,,
receiver_loso_14,20-1,N210,1829,RX_NORM,4672,0.9333329768232812,0.9328845171821144,0.93279109589041098,0.017066332530740601,0.8523398174160096,0.8451840372100276,64774.0,0.4973440169997047,71660544.0,,,,,,
receiver_loso_14,20-1,N210,1829,SOURCE_NORM,4672,0.9405474230270956,0.9401819891521902,0.94006849315068497,0.0149682371698524,0.873900191476266,0.8686245894680636,64774.0,32.90793951699743,166500864.0,,,,,,
receiver_loso_14,20-1,N210,1829,T3A,4672,0.93495754204821158,0.93424691005978155,0.93428938356164382,0.1125170180752669,0.888212201184368,0.8847760382258233,64774.0,0.6752596020014607,73746944.0,,,,,,
receiver_loso_14,20-1,N210,2829,DG_CORAL,4672,0.89529444833729965,0.8935377465178056,0.89362157534246578,0.058548002184866201,0.8848788249709151,0.8816245696983614,64774.0,300.8095946579997,166500864.0,,,,,,
receiver_loso_14,20-1,N210,2829,DG_DANN,4672,0.89316439183683682,0.89309070888265529,0.89340753424657537,0.044662417075277801,0.8805634081266996,0.8767247387612507,70754.0,34.6862578529981,166447616.0,,,,,,
receiver_loso_14,20-1,N210,2829,DG_GROUPDRO,4672,0.81235469984529318,0.81243844572336965,0.81207191780821919,0.1096667563319461,0.8672866867088999,0.8632153549228034,64774.0,80.9545331249974,166501376.0,,,,,,
receiver_loso_14,20-1,N210,2829,P0,4672,0.91441859870730757,0.91355979025441403,0.91374143835616439,0.0391489165414073,0.8899603010112989,0.8867103111710853,64774.0,35.31559555099375,166500864.0,,,,,,
receiver_loso_14,20-1,N210,2829,P0_WIDE,4672,0.91628501216301095,0.9156156625661136,0.91566780821917804,0.051265527239094798,0.8548648360967078,0.850179621139657,74827.0,41.64987959899736,166664704.0,,,,,,
receiver_loso_14,20-1,N210,2829,P1,4672,0.91725681565967898,0.91786548075746321,0.9180222602739726,0.041976366377091102,0.83297466211845,0.829396175384521,73030.0,104.80882744299744,178401792.0,,,,,,
receiver_loso_14,20-1,N210,2829,P2,4672,0.95275260556285324,0.95271298841909557,0.95269691780821919,0.0100223901490234,0.8925806463998057,0.8902196328938744,75143.0,112.14306534799834,182013952.0,,,,,,
receiver_loso_14,20-1,N210,2829,P2_MISMATCHED_RX,4672,0.92328874998797117,0.92372094823375639,0.92358732876712324,0.0309685039372272,0.8852151266536721,0.8811995698520995,75143.0,2.789094927997212,80650240.0,,,,,,
receiver_loso_14,20-1,N210,2829,P2_NULL,4672,0.94442648886348524,0.94456883671232683,0.94456335616438358,0.011103265213920299,0.8747434356428615,0.8729672500554999,75143.0,0.571207606997632,80650240.0,,,,,,
receiver_loso_14,20-1,N210,2829,P2_SHUFFLED,4672,0.92179078932943115,0.9225401024997778,0.92230308219178081,0.033616670113924399,0.8777790663819106,0.8731220576436494,75143.0,3.6084407759990422,80650240.0,,,,,,
receiver_loso_14,20-1,N210,2829,RX_NORM,4672,0.90811067959288483,0.9065848509180654,0.90667808219178081,0.050358889726539097,0.8733230267003477,0.8684931472570714,64774.0,0.4801833169985912,71660544.0,,,,,,
receiver_loso_14,20-1,N210,2829,SOURCE_NORM,4672,0.90552135162238845,0.90380907405923683,0.90389554794520544,0.051089844487811599,0.8838227518280722,0.8807179311534536,64774.0,35.4861781130021,166500864.0,,,,,,
receiver_loso_14,20-1,N210,2829,T3A,4672,0.91337138238504056,0.91268142931057561,0.91288527397260277,0.1077752599224754,0.9037229007753512,0.9019173321124488,64774.0,0.7300830180029152,73746944.0,,,,,,
receiver_loso_14,20-1,N210,3829,DG_CORAL,4672,0.9057018545533988,0.90535067423834981,0.90517979452054798,0.036607505099796801,0.8424930574752151,0.8368173596041798,64774.0,302.6819321209987,166500864.0,,,,,,
receiver_loso_14,20-1,N210,3829,DG_DANN,4672,0.89355899232477387,0.89265582974443902,0.89255136986301364,0.0365940278702198,0.8439536658508465,0.8325164053227412,70754.0,32.890715672001534,166447616.0,,,,,,
receiver_loso_14,20-1,N210,3829,DG_GROUPDRO,4672,0.85656112636982329,0.85413869350303617,0.85402397260273977,0.066093477669286693,0.7999374536089182,0.7861029061133925,64774.0,96.95544356200116,166501376.0,,,,,,
receiver_loso_14,20-1,N210,3829,P0,4672,0.88151075056632078,0.88022426067182458,0.88013698630136983,0.0609669391486845,0.8301007560215655,0.821952334948655,64774.0,41.54397144299583,166500864.0,,,,,,
receiver_loso_14,20-1,N210,3829,P0_WIDE,4672,0.9077212024114496,0.90726318865270283,0.90732020547945202,0.0437395162019266,0.8211884071234478,0.8112364233056177,74827.0,43.58732487400266,166664704.0,,,,,,
receiver_loso_14,20-1,N210,3829,P1,4672,0.91348795001964145,0.91237387564444639,0.91224315068493156,0.055236743712057702,0.8699665093095419,0.864064894923077,73030.0,103.67926157000328,181449728.0,,,,,,
receiver_loso_14,20-1,N210,3829,P2,4672,0.95215116039519321,0.95224849936910205,0.95226883561643838,0.0145675034568428,0.8745138547002069,0.8711531019531146,75143.0,95.15267707699968,185805312.0,,,,,,
receiver_loso_14,20-1,N210,3829,P2_MISMATCHED_RX,4672,0.91967029309586878,0.91953541698631325,0.91952054794520544,0.040478792149981797,0.849433271987157,0.8413822377758366,75143.0,3.1064624279970303,80650240.0,,,,,,
receiver_loso_14,20-1,N210,3829,P2_NULL,4672,0.93329460021952582,0.93367175366486499,0.9336472602739726,0.017162787016761799,0.8637534398594923,0.8578284646847925,75143.0,0.5687641739932587,80650240.0,,,,,,
receiver_loso_14,20-1,N210,3829,P2_SHUFFLED,4672,0.94331473437877122,0.94345249599569136,0.94349315068493156,0.0235876538503711,0.8622767942679643,0.8569059839579336,75143.0,3.821075160005421,80650240.0,,,,,,
receiver_loso_14,20-1,N210,3829,RX_NORM,4672,0.89600327162729199,0.89483209302330946,0.8946917808219178,0.046323223237254497,0.8406575456370705,0.8346899796409154,64774.0,0.5072036160054267,71660544.0,,,,,,
receiver_loso_14,20-1,N210,3829,SOURCE_NORM,4672,0.89213996182013178,0.89097894566965241,0.8908390410958904,0.050908273194393401,0.8390708621792329,0.8331508740268752,64774.0,42.66506372500589,166500864.0,,,,,,
receiver_loso_14,20-1,N210,3829,T3A,4672,0.90605310414469165,0.90512719222955296,0.90496575342465757,0.11168028176315629,0.8733880792025414,0.8715299908339493,64774.0,0.7454808499969658,73746944.0,,,,,,
receiver_loso_14,20-1,N210,4829,DG_CORAL,4672,0.90550636622100378,0.90334367762596302,0.90325342465753422,0.034968462070986001,0.8672975573431283,0.8585426802007219,64774.0,263.6881266769997,166500864.0,,,,,,
receiver_loso_14,20-1,N210,4829,DG_DANN,4672,0.89011205871750143,0.88785091872626731,0.88762842465753422,0.040508287550549797,0.8732573358285379,0.866924546649389,70754.0,30.01906081999914,166447616.0,,,,,,
receiver_loso_14,20-1,N210,4829,DG_GROUPDRO,4672,0.88053990950537264,0.88201752154395052,0.88163527397260277,0.045381560883395497,0.8261961118545332,0.8128577465283834,64774.0,74.94592299899523,166501376.0,,,,,,
receiver_loso_14,20-1,N210,4829,P0,4672,0.91107441526566957,0.90929443962481837,0.90924657534246578,0.0270154997100415,0.8706168729723577,0.863385321481806,64774.0,30.33527133699681,166500864.0,,,,,,
receiver_loso_14,20-1,N210,4829,P0_WIDE,4672,0.9108124999447158,0.90886283915972899,0.90881849315068497,0.044115296877563298,0.8645079955182622,0.8589858230701983,74827.0,31.87421700199775,166664704.0,,,,,,
receiver_loso_14,20-1,N210,4829,P1,4672,0.88278553277055549,0.88501819892673972,0.88463184931506844,0.073033113517377402,0.833234872451694,0.8246044916576379,73030.0,82.89380005699786,181449728.0,,,,,,
receiver_loso_14,20-1,N210,4829,P2,4672,0.88812607408698618,0.88677710657710451,0.8865582191780822,0.063115397701039896,0.8575740168903168,0.8507833350212662,75143.0,114.45787208699768,185805312.0,,,,,,
receiver_loso_14,20-1,N210,4829,P2_MISMATCHED_RX,4672,0.88422309598447091,0.88208838093938435,0.88184931506849318,0.066392441162176102,0.8347649716800999,0.8189997906856945,75143.0,2.87806930700026,80650240.0,,,,,,
receiver_loso_14,20-1,N210,4829,P2_NULL,4672,0.86880475588820849,0.86737098183582617,0.8670804794520548,0.072749609028767398,0.8513419251833572,0.8440060614670627,75143.0,0.5912340159993619,80650240.0,,,,,,
receiver_loso_14,20-1,N210,4829,P2_SHUFFLED,4672,0.87558244513501216,0.87374948745898628,0.87350171232876717,0.080427524499748201,0.8397699393074306,0.8290811703625822,75143.0,3.6756078850012273,80650240.0,,,,,,
receiver_loso_14,20-1,N210,4829,RX_NORM,4672,0.94307934503431001,0.94232201215577283,0.94220890410958902,0.016808854116203399,0.8743866311070146,0.8646330161860457,64774.0,0.4963722789980238,71660544.0,,,,,,
receiver_loso_14,20-1,N210,4829,SOURCE_NORM,4672,0.94259125322181236,0.94188841293577241,0.94178082191780821,0.0138501134280064,0.8799521723540235,0.8720732040755896,64774.0,36.5047218749969,166500864.0,,,,,,
receiver_loso_14,20-1,N210,4829,T3A,4672,0.92904567681187855,0.92770210273476361,0.92765410958904104,0.1194798743084379,0.8966850450870116,0.8942317487492263,64774.0,0.7378255039948272,73746944.0,,,,,,
receiver_loso_15,20-19,N210,829,DG_CORAL,4672,0.84849313677814819,0.86524393973488001,0.86536815068493156,0.064704726558586903,0.8349835485091114,0.8270040362325858,64774.0,319.9539119179972,166500864.0,,,,,,
receiver_loso_15,20-19,N210,829,DG_DANN,4672,0.88007497838329041,0.8940173223141249,0.89404965753424659,0.032615752163508899,0.8185768874282653,0.812100326519153,70754.0,33.478115835998324,166447616.0,,,,,,
receiver_loso_15,20-19,N210,829,DG_GROUPDRO,4672,0.77669645101109774,0.79537252069819064,0.79580479452054798,0.075824494773445397,0.8419637239794687,0.8352220771878871,64774.0,129.3034408349995,166501376.0,,,,,,
receiver_loso_15,20-19,N210,829,P0,4672,0.86162124195647527,0.87660944880242597,0.87671232876712324,0.054402781210278299,0.8400169291955857,0.8333250757817611,64774.0,39.25676333100273,166500864.0,,,,,,
receiver_loso_15,20-19,N210,829,P0_WIDE,4672,0.87836168823978544,0.89383545759092764,0.89383561643835618,0.062804949916388797,0.8247197386840425,0.8177899619392361,74827.0,40.69015460099763,166664704.0,,,,,,
receiver_loso_15,20-19,N210,829,P1,4672,0.92123408742856638,0.92613189790549277,0.92615582191780821,0.039754166746231299,0.8445964863415428,0.8392384228616914,73030.0,101.7207140419996,181449728.0,,,,,,
receiver_loso_15,20-19,N210,829,P2,4672,0.87903879323704215,0.88694418591503599,0.88698630136986301,0.0647942084525647,0.8305001558488684,0.8287548712559135,75143.0,115.19645494499856,185805312.0,,,,,,
receiver_loso_15,20-19,N210,829,P2_MISMATCHED_RX,4672,0.83128293915157769,0.8433267866844375,0.8435359589041096,0.107025377567194,0.7957101691139847,0.7850107007601,75143.0,3.0006293839978757,80650240.0,,,,,,
receiver_loso_15,20-19,N210,829,P2_NULL,4672,0.831011921473503,0.84747027340943337,0.8476027397260274,0.095498436379361201,0.7975060619260224,0.7883976351390624,75143.0,0.5837455619985121,80650240.0,,,,,,
receiver_loso_15,20-19,N210,829,P2_SHUFFLED,4672,0.85125869375306007,0.86116664889474481,0.86130136986301364,0.085272127437111794,0.8025963378884499,0.7950945979214676,75143.0,3.729035450000083,80650240.0,,,,,,
receiver_loso_15,20-19,N210,829,RX_NORM,4672,0.88177638186155383,0.88531253642809771,0.88527397260273977,0.034216357312126799,0.8437617707462662,0.8374892634118282,64774.0,0.4804531919944566,71660544.0,,,,,,
receiver_loso_15,20-19,N210,829,SOURCE_NORM,4672,0.92413560784324156,0.92804342568144416,0.92808219178082196,0.012763059245141799,0.8447684876177145,0.8372747489777256,64774.0,35.97557028799929,166500864.0,,,,,,
receiver_loso_15,20-19,N210,829,T3A,4672,0.89629607395950928,0.90578370743876435,0.90582191780821919,0.1075928280551037,0.8788442088623359,0.8743563605583721,64774.0,0.7072781660026521,73746944.0,,,,,,
receiver_loso_15,20-19,N210,1829,DG_CORAL,4672,0.95134609860319885,0.95291952754144338,0.9529109589041096,0.012330280112944601,0.839789263814573,0.8365745358753358,64774.0,324.2069805639985,166500864.0,,,,,,
receiver_loso_15,20-19,N210,1829,DG_DANN,4672,0.91535112844570277,0.92024614127797344,0.92016267123287676,0.035403023135835598,0.8170459732865719,0.8133833653548167,70754.0,34.61107054600143,166447616.0,,,,,,
receiver_loso_15,20-19,N210,1829,DG_GROUPDRO,4672,0.81557445875817391,0.82113485225408755,0.82084760273972601,0.058718153007634603,0.8270214354936881,0.8188176551611138,64774.0,115.00256762800564,166501376.0,,,,,,
receiver_loso_15,20-19,N210,1829,P0,4672,0.92616895464605375,0.9304707393146936,0.93043664383561642,0.0308816943649355,0.8422227130923762,0.8399730664641627,64774.0,39.25306522099709,166500864.0,,,,,,
receiver_loso_15,20-19,N210,1829,P0_WIDE,4672,0.90411361091758058,0.90994207351266321,0.90988869863013699,0.052128062542043101,0.8078130356928123,0.801360679448948,74827.0,39.82116224699712,166664704.0,,,,,,
receiver_loso_15,20-19,N210,1829,P1,4672,0.88950606896072648,0.89226586174274214,0.89212328767123283,0.054426530229361399,0.8260605160806406,0.8216699632305514,73030.0,99.20888226499665,181449728.0,,,,,,
receiver_loso_15,20-19,N210,1829,P2,4672,0.81154402522378399,0.82075436987435435,0.82063356164383561,0.1110814131337077,0.837480949895463,0.834898999570891,75143.0,113.2042293429986,185805312.0,,,,,,
receiver_loso_15,20-19,N210,1829,P2_MISMATCHED_RX,4672,0.77788769463184637,0.79073394966260191,0.79066780821917804,0.13390848874943709,0.8056727335080657,0.7950007241685925,75143.0,2.8141954870006884,80650240.0,,,,,,
receiver_loso_15,20-19,N210,1829,P2_NULL,4672,0.79512560602714055,0.80197740887908697,0.80201198630136983,0.1040156456029476,0.7808550715848334,0.7642293392630642,75143.0,0.5168796380021377,80650240.0,,,,,,
receiver_loso_15,20-19,N210,1829,P2_SHUFFLED,4672,0.78566268447363108,0.7960571098855137,0.79580479452054798,0.1309731681257077,0.8023371246021976,0.7927538687835373,75143.0,3.598997667999356,80650240.0,,,,,,
receiver_loso_15,20-19,N210,1829,RX_NORM,4672,0.92180601116927319,0.92449414612818837,0.92465753424657537,0.024849640326701901,0.8263644138811571,0.8226299758438529,64774.0,0.4721864140010439,71660544.0,,,,,,
receiver_loso_15,20-19,N210,1829,SOURCE_NORM,4672,0.93678818694952115,0.93966454388322918,0.93964041095890416,0.0167979960304315,0.8292788989136248,0.8258104697378298,64774.0,35.85016978099884,166500864.0,,,,,,
receiver_loso_15,20-19,N210,1829,T3A,4672,0.93463553313317083,0.93731967941745464,0.9372859589041096,0.069526223325463904,0.8941859453938203,0.8927049570480508,64774.0,0.663737235001463,73746944.0,,,,,,
receiver_loso_15,20-19,N210,2829,DG_CORAL,4672,0.87627519715044899,0.89107217259584026,0.89019691780821919,0.057078113613573601,0.8392483373353984,0.8349817957152404,64774.0,300.1375777100038,166500864.0,,,,,,
receiver_loso_15,20-19,N210,2829,DG_DANN,4672,0.86304099301703208,0.8863025535401432,0.88527397260273977,0.061216840667216298,0.8438133263757207,0.838008973326041,70754.0,34.06539299799624,166447616.0,,,,,,
receiver_loso_15,20-19,N210,2829,DG_GROUPDRO,4672,0.79808374882448929,0.83441051248225573,0.83326198630136983,0.082452231909671395,0.8283719179242173,0.8189678677061334,64774.0,118.90198642899486,166501376.0,,,,,,
receiver_loso_15,20-19,N210,2829,P0,4672,0.86364837113100179,0.88650827096242113,0.88548801369863017,0.063395731029904506,0.8437002422670384,0.8374035759172574,64774.0,39.29994764600269,166500864.0,,,,,,
receiver_loso_15,20-19,N210,2829,P0_WIDE,4672,0.9121422203710412,0.9173485346244612,0.91673801369863017,0.0523472442546834,0.8297177375003018,0.8241761385734611,74827.0,41.18436913200276,166664704.0,,,,,,
receiver_loso_15,20-19,N210,2829,P1,4672,0.76968260164126556,0.81483451552715358,0.81357020547945202,0.13363212615583239,0.8150604011934371,0.8086725224221366,73030.0,94.92144110799563,178401792.0,,,,,,
receiver_loso_15,20-19,N210,2829,P2,4672,0.82920301885667902,0.86120008128155801,0.86001712328767121,0.1027140698893225,0.8311393462446014,0.8259151283284686,75143.0,106.501423650996,182013952.0,,,,,,
receiver_loso_15,20-19,N210,2829,P2_MISMATCHED_RX,4672,0.81277294578334747,0.85099598155884648,0.84974315068493156,0.11270362284187579,0.8048498268072851,0.7962650825626453,75143.0,2.913875102996826,80650240.0,,,,,,
receiver_loso_15,20-19,N210,2829,P2_NULL,4672,0.8127445872868716,0.85100359891724808,0.84974315068493156,0.1053509944411989,0.7987675463150193,0.7882009487888806,75143.0,0.5455588060067385,80650240.0,,,,,,
receiver_loso_15,20-19,N210,2829,P2_SHUFFLED,4672,0.80048376617247774,0.84291281667970386,0.84160958904109584,0.12251070088847241,0.7987448846813577,0.788420524700418,75143.0,3.8884046700040926,80650240.0,,,,,,
receiver_loso_15,20-19,N210,2829,RX_NORM,4672,0.86160982499977823,0.88479879486338342,0.88377568493150682,0.061491632629951401,0.8514711470898155,0.8464869323005897,64774.0,0.5302518340031384,71660544.0,,,,,,
receiver_loso_15,20-19,N210,2829,SOURCE_NORM,4672,0.86892679530587202,0.890334093830352,0.88934075342465757,0.060383808799087897,0.849038060170853,0.8444596952503035,64774.0,35.1281906410004,166500864.0,,,,,,
receiver_loso_15,20-19,N210,2829,T3A,4672,0.89712436968105702,0.91050153183184879,0.90967465753424659,0.1117996907863153,0.8694874736546012,0.861786674561518,64774.0,0.6634551750030369,73746944.0,,,,,,
receiver_loso_15,20-19,N210,3829,DG_CORAL,4672,0.85712830894949532,0.86487231054325919,0.86515410958904104,0.0647332586335298,0.7923466657349757,0.7833163840772666,64774.0,329.1090915239984,166500864.0,,,,,,
receiver_loso_15,20-19,N210,3829,DG_DANN,4672,0.86985399533550767,0.87604425495123783,0.87628424657534243,0.059498037581574403,0.7848309924340375,0.7741423583726353,70754.0,41.05548910300422,166447616.0,,,,,,
receiver_loso_15,20-19,N210,3829,DG_GROUPDRO,4672,0.77957445828430583,0.78042601015163859,0.78082191780821919,0.0754424195979045,0.7913437172927443,0.778468838814301,64774.0,106.25496324599952,166501376.0,,,,,,
receiver_loso_15,20-19,N210,3829,P0,4672,0.84149169275387603,0.84393003276094669,0.84417808219178081,0.079477513527931407,0.7954956684894169,0.7887873271910703,64774.0,38.70938126499823,166500864.0,,,,,,
receiver_loso_15,20-19,N210,3829,P0_WIDE,4672,0.84876585924446335,0.85640944416417142,0.85659246575342463,0.063579348828133195,0.778492118984361,0.7615783167455712,74827.0,40.69296047499665,166664704.0,,,,,,
receiver_loso_15,20-19,N210,3829,P1,4672,0.87513661408180055,0.88069369353517057,0.88099315068493156,0.069854768095155298,0.8047300081910246,0.8014674146465107,73030.0,91.93041229699884,181449728.0,,,,,,
receiver_loso_15,20-19,N210,3829,P2,4672,0.86160015353426056,0.86815707397461261,0.86836472602739723,0.073380079930520606,0.833075561166745,0.8252598092516042,75143.0,93.2578002490045,185805312.0,,,,,,
receiver_loso_15,20-19,N210,3829,P2_MISMATCHED_RX,4672,0.85817547725705301,0.86620948732206904,0.86643835616438358,0.077768445231837,0.8078622666336405,0.797066738273078,75143.0,2.808181455999147,80650240.0,,,,,,
receiver_loso_15,20-19,N210,3829,P2_NULL,4672,0.84816239467051924,0.8567827278917105,0.85702054794520544,0.059983468742097,0.8064050859888766,0.794832821115862,75143.0,0.4689777710009366,80650240.0,,,,,,
receiver_loso_15,20-19,N210,3829,P2_SHUFFLED,4672,0.84027033671199469,0.85199091901616797,0.85231164383561642,0.091881600470116204,0.8099401544836118,0.7995925202039679,75143.0,3.643211277005321,80650240.0,,,,,,
receiver_loso_15,20-19,N210,3829,RX_NORM,4672,0.84895452143250483,0.85201844585383546,0.85231164383561642,0.077776627704399096,0.7883278214318848,0.7787427172404197,64774.0,0.4628614140019635,71660544.0,,,,,,
receiver_loso_15,20-19,N210,3829,SOURCE_NORM,4672,0.84864973581560477,0.85180146638425047,0.85209760273972601,0.077278630090367006,0.7889879463831676,0.7796393018036655,64774.0,39.70276713099884,166500864.0,,,,,,
receiver_loso_15,20-19,N210,3829,T3A,4672,0.87308810597209041,0.87801284939827517,0.87821061643835618,0.1254835598910711,0.8531972283661493,0.8506119387481016,64774.0,0.6964794380037347,73746944.0,,,,,,
receiver_loso_15,20-19,N210,4829,DG_CORAL,4672,0.89106791926399165,0.89651103716704927,0.89704623287671237,0.042055120085659398,0.8285513278849761,0.8240912932488847,64774.0,233.30506011500256,166500864.0,,,,,,
receiver_loso_15,20-19,N210,4829,DG_DANN,4672,0.96163024289096599,0.96234548365008798,0.96254280821917804,0.0067613129312657002,0.8249596252261583,0.8182111598975895,70754.0,33.03243574399676,166447616.0,,,,,,
receiver_loso_15,20-19,N210,4829,DG_GROUPDRO,4672,0.85688350736028951,0.86051598025450871,0.86108732876712324,0.0578165525532238,0.8331430015756519,0.8262258065968743,64774.0,84.76509614099632,166501376.0,,,,,,
receiver_loso_15,20-19,N210,4829,P0,4672,0.92723735110891159,0.92970123593780718,0.93000856164383561,0.0312169357011579,0.8253439188628544,0.8187738581186799,64774.0,26.415717124000366,166500864.0,,,,,,
receiver_loso_15,20-19,N210,4829,P0_WIDE,4672,0.91648464295307941,0.92101183488209759,0.92144691780821919,0.042600049209870199,0.7988040493777763,0.7936083401091345,74827.0,28.90828463399521,166664704.0,,,,,,
receiver_loso_15,20-19,N210,4829,P1,4672,0.83045645242785471,0.84812524411297063,0.84888698630136983,0.10477354231430849,0.7884567972284323,0.781306064219792,73030.0,107.43755962499564,181449728.0,,,,,,
receiver_loso_15,20-19,N210,4829,P2,4672,0.84867210827015616,0.86263103632890925,0.8632277397260274,0.094335432374875502,0.7954574480706826,0.7865031380555109,75143.0,113.45770126700518,185805312.0,,,,,,
receiver_loso_15,20-19,N210,4829,P2_MISMATCHED_RX,4672,0.84665590754325792,0.85632864772362771,0.85680650684931503,0.089166567871372601,0.7480067211253565,0.7325650840834174,75143.0,2.83152057499683,80650240.0,,,,,,
receiver_loso_15,20-19,N210,4829,P2_NULL,4672,0.85347970021926367,0.86832334897953911,0.86900684931506844,0.091645890645912401,0.7358565345147371,0.7189582369555286,75143.0,0.5384550230010063,80650240.0,,,,,,
receiver_loso_15,20-19,N210,4829,P2_SHUFFLED,4672,0.8425723234074588,0.85271501101236302,0.85338184931506844,0.1032180479689412,0.7649648708441448,0.7529617165309648,75143.0,3.715772494004341,80650240.0,,,,,,
receiver_loso_15,20-19,N210,4829,RX_NORM,4672,0.93656463787510835,0.93742861627901242,0.9377140410958904,0.0197528804563088,0.823144377941052,0.8171131511949548,64774.0,0.5251889999999548,71660544.0,,,,,,
receiver_loso_15,20-19,N210,4829,SOURCE_NORM,4672,0.93754374417325537,0.93849486022591144,0.93878424657534243,0.019319679619973999,0.8259500179066989,0.8204631058964619,64774.0,41.82769549400109,166500864.0,,,,,,
receiver_loso_15,20-19,N210,4829,T3A,4672,0.93146577414498,0.93336242711051876,0.9336472602739726,0.076001020575784201,0.8631287046050827,0.8610113148576496,64774.0,0.675189761997899,73746944.0,,,,,,
receiver_loso_16,20-20,N210,829,DG_CORAL,4672,0.82163017049215981,0.82847034537012931,0.82898116438356162,0.047411908376451602,0.8070969749219081,0.8003971726828594,64774.0,243.2433513700016,166500864.0,,,,,,
receiver_loso_16,20-20,N210,829,DG_DANN,4672,0.80697371490145653,0.81850620586380041,0.81913527397260277,0.046972796933291698,0.8226208805834933,0.814191124107495,70754.0,25.797460026995395,166447616.0,,,,,,
receiver_loso_16,20-20,N210,829,DG_GROUPDRO,4672,0.79149035511225863,0.79572120101695576,0.79623287671232879,0.079333695391677797,0.7600649729086614,0.7496129822733582,64774.0,116.01036162099626,166501376.0,,,,,,
receiver_loso_16,20-20,N210,829,P0,4672,0.8478798877043604,0.85436999404299652,0.85488013698630139,0.0507948098079085,0.8237832108923467,0.8173417264064534,64774.0,36.15615665200312,166500864.0,,,,,,
receiver_loso_16,20-20,N210,829,P0_WIDE,4672,0.80252324804302522,0.81310098791845897,0.81378424657534243,0.088378569047438696,0.8461298012840653,0.8396098958834618,74827.0,38.36052988600568,166664704.0,,,,,,
receiver_loso_16,20-20,N210,829,P1,4672,0.79624160534612276,0.80458053552528774,0.80522260273972601,0.11407240952224761,0.8454006529195718,0.8427789504604281,73030.0,89.66826250099984,181449728.0,,,,,,
receiver_loso_16,20-20,N210,829,P2,4672,0.81323098690359208,0.81926282497417058,0.81977739726027399,0.11356791353797251,0.8330025173308572,0.8273822895221942,75143.0,96.67353217599884,185805312.0,,,,,,
receiver_loso_16,20-20,N210,829,P2_MISMATCHED_RX,4672,0.78064176352116166,0.79216499665291662,0.7928082191780822,0.13487273951903089,0.8077632217759035,0.7976075740331744,75143.0,2.8285231920017395,80650240.0,,,,,,
receiver_loso_16,20-20,N210,829,P2_NULL,4672,0.81131725196247295,0.8150855624207316,0.81549657534246578,0.1006312922523547,0.8210725192348649,0.8109546209930901,75143.0,0.5433913250017213,80650240.0,,,,,,
receiver_loso_16,20-20,N210,829,P2_SHUFFLED,4672,0.79482087067080476,0.80572143480679725,0.80629280821917804,0.12972565615320039,0.824074680217136,0.8158233051343022,75143.0,3.6231282399967313,80650240.0,,,,,,
receiver_loso_16,20-20,N210,829,RX_NORM,4672,0.81186003510409399,0.82048554894277326,0.82106164383561642,0.070786460618526698,0.8229029472478998,0.8187532288997564,64774.0,0.4961520539945923,71660544.0,,,,,,
receiver_loso_16,20-20,N210,829,SOURCE_NORM,4672,0.8313121460585865,0.8372387419734163,0.83775684931506844,0.058553275553356501,0.8214822144054347,0.8171443017064669,64774.0,28.08526643799996,166500864.0,,,,,,
receiver_loso_16,20-20,N210,829,T3A,4672,0.87581079746462487,0.87994454370035735,0.88035102739726023,0.1991889165676109,0.8581526855202483,0.853741147180446,64774.0,0.7081401860050391,73746944.0,,,,,,
receiver_loso_16,20-20,N210,1829,DG_CORAL,4672,0.78566611872773207,0.79545235397233671,0.79473458904109584,0.086739873000076198,0.8138583366341572,0.8038758628314479,64774.0,237.00790813500495,166500864.0,,,,,,
receiver_loso_16,20-20,N210,1829,DG_DANN,4672,0.67920766035060876,0.69760738761488239,0.69648972602739723,0.14558645922129279,0.7949524919141423,0.7859518112913113,70754.0,25.42104088400083,166447616.0,,,,,,
receiver_loso_16,20-20,N210,1829,DG_GROUPDRO,4672,0.69243369894340334,0.71525558178404369,0.71446917808219179,0.14287611560207111,0.7720715755027059,0.7510244235810147,64774.0,80.02528473599523,166501376.0,,,,,,
receiver_loso_16,20-20,N210,1829,P0,4672,0.70457336444152385,0.72548961023353842,0.72431506849315064,0.1474651328657996,0.8031498423712438,0.7895167828867766,64774.0,23.88270820499747,166500864.0,,,,,,
receiver_loso_16,20-20,N210,1829,P0_WIDE,4672,0.69957054210361636,0.71764671336692798,0.71660958904109584,0.13149325483580671,0.8343925525908603,0.825211689532597,74827.0,28.823932808998507,166664704.0,,,,,,
receiver_loso_16,20-20,N210,1829,P1,4672,0.73017294106097863,0.7485452112004819,0.74743150684931503,0.15899866632479301,0.8064517855980791,0.7981413685999345,73030.0,104.76503276400037,181449728.0,,,,,,
receiver_loso_16,20-20,N210,1829,P2,4672,0.7489113465365399,0.75622462205809049,0.75535102739726023,0.15843747375686079,0.8182862318486306,0.8034465103054603,75143.0,116.54744463300447,185805312.0,,,,,,
receiver_loso_16,20-20,N210,1829,P2_MISMATCHED_RX,4672,0.7088854698096122,0.72972633218398331,0.72816780821917804,0.176177187835517,0.7946458560651198,0.7773377926243902,75143.0,2.841631970004528,80650240.0,,,,,,
receiver_loso_16,20-20,N210,1829,P2_NULL,4672,0.72781658296341079,0.73975854788259721,0.73886986301369861,0.14400817293750301,0.7875200571828945,0.7644085907004287,75143.0,0.5891584179989877,80650240.0,,,,,,
receiver_loso_16,20-20,N210,1829,P2_SHUFFLED,4672,0.71891258890635423,0.73749531011249136,0.73608732876712324,0.16848202403762369,0.8069407709381369,0.7874563293832936,75143.0,3.691119579001679,80650240.0,,,,,,
receiver_loso_16,20-20,N210,1829,RX_NORM,4672,0.7513929994226114,0.77199926940348362,0.77140410958904104,0.1075351892791892,0.8162987878085035,0.8058172826073338,64774.0,0.499485332002223,71660544.0,,,,,,
receiver_loso_16,20-20,N210,1829,SOURCE_NORM,4672,0.76791039517153192,0.77888399212039083,0.77803938356164382,0.085684183194008501,0.8139049016127989,0.8032259216263297,64774.0,39.179947399999946,166500864.0,,,,,,
receiver_loso_16,20-20,N210,1829,T3A,4672,0.77825346101592385,0.78424125180480864,0.78339041095890416,0.094831777774818105,0.8555699561981737,0.852428824468678,64774.0,0.729309012000158,73746944.0,,,,,,
receiver_loso_16,20-20,N210,2829,DG_CORAL,4672,0.79540221884316475,0.81140849526689507,0.81164383561643838,0.091654469275030598,0.8470088201526482,0.8407508570472711,64774.0,293.68192111700046,166500864.0,,,,,,
receiver_loso_16,20-20,N210,2829,DG_DANN,4672,0.77901765219187002,0.79443393713852284,0.79452054794520544,0.085749798715879996,0.8137231317895601,0.8057531343634209,70754.0,24.093159206000564,166447616.0,,,,,,
receiver_loso_16,20-20,N210,2829,DG_GROUPDRO,4672,0.71930121181090323,0.73602544936118963,0.73630136986301364,0.13254615866056041,0.8020182917323458,0.7927099713740832,64774.0,79.85135843000171,166501376.0,,,,,,
receiver_loso_16,20-20,N210,2829,P0,4672,0.76177030523668499,0.78229824075315335,0.78253424657534243,0.1243436518507971,0.8361637031173448,0.8327114776115279,64774.0,40.73543144299765,166500864.0,,,,,,
receiver_loso_16,20-20,N210,2829,P0_WIDE,4672,0.7130109644849818,0.72815672546364751,0.72859589041095896,0.15977571890625639,0.7667406549663157,0.7515058000904308,74827.0,33.41580002199771,166664704.0,,,,,,
receiver_loso_16,20-20,N210,2829,P1,4672,0.72548186423706851,0.7479754068529253,0.74828767123287676,0.15511784219655059,0.8007881534378808,0.7916876395832187,73030.0,82.34163479500421,178401792.0,,,,,,
receiver_loso_16,20-20,N210,2829,P2,4672,0.79727887300402589,0.80702937136837694,0.80736301369863017,0.11720277932281151,0.8321665572335727,0.8297389263628981,75143.0,96.76013572899684,182013952.0,,,,,,
receiver_loso_16,20-20,N210,2829,P2_MISMATCHED_RX,4672,0.77040906219216787,0.7816697783871831,0.78210616438356162,0.1319854545394239,0.830284865444124,0.8274175221512826,75143.0,2.8236875079965102,80650240.0,,,,,,
receiver_loso_16,20-20,N210,2829,P2_NULL,4672,0.78863096660077747,0.7970396767943192,0.79730308219178081,0.099326262461047005,0.8131510290445677,0.8066399186672563,75143.0,0.6257125710035325,80650240.0,,,,,,
receiver_loso_16,20-20,N210,2829,P2_SHUFFLED,4672,0.75941521786564492,0.77470646253283404,0.77504280821917804,0.14426674490654201,0.8070477014100664,0.8018650459058966,75143.0,3.700759621002362,80650240.0,,,,,,
receiver_loso_16,20-20,N210,2829,RX_NORM,4672,0.79773226405934494,0.81118635308650544,0.81142979452054798,0.1014506403892619,0.8439159720542716,0.8380046815239214,64774.0,0.4870348940021358,71660544.0,,,,,,
receiver_loso_16,20-20,N210,2829,SOURCE_NORM,4672,0.80597373292441976,0.81799309601638581,0.81827910958904104,0.096441303603095899,0.8464261391177095,0.841060457333963,64774.0,32.563662305001344,166500864.0,,,,,,
receiver_loso_16,20-20,N210,2829,T3A,4672,0.80120892428607782,0.81370307161091138,0.81399828767123283,0.063740014136858106,0.866633631073586,0.8653034440618422,64774.0,0.6747823019977659,73746944.0,,,,,,
receiver_loso_16,20-20,N210,3829,DG_CORAL,4672,0.73000694169352232,0.74694228080595926,0.74721746575342463,0.1342490252094623,0.7692578842521574,0.7488825207719207,64774.0,240.3355181720035,166500864.0,,,,,,
receiver_loso_16,20-20,N210,3829,DG_DANN,4672,0.73441694145807423,0.74664359884250286,0.74678938356164382,0.12588089220353391,0.765906168520799,0.7492941606609292,70754.0,44.44413098200312,166447616.0,,,,,,
receiver_loso_16,20-20,N210,3829,DG_GROUPDRO,4672,0.67550504603149919,0.69469254577174366,0.69477739726027399,0.13991261701010271,0.7600735460569149,0.7385484514522253,64774.0,87.31082347500342,166501376.0,,,,,,
receiver_loso_16,20-20,N210,3829,P0,4672,0.73058127174616361,0.74640723674894482,0.74657534246575341,0.1365921832876254,0.7764046128146537,0.758571039934464,64774.0,28.24716897700273,166500864.0,,,,,,
receiver_loso_16,20-20,N210,3829,P0_WIDE,4672,0.7467734720970447,0.76011323878440729,0.76005993150684936,0.13747076020729149,0.7617208724363292,0.7383296720428368,74827.0,29.802870377003277,166664704.0,,,,,,
receiver_loso_16,20-20,N210,3829,P1,4672,0.77440254012117427,0.78857453904310282,0.7889554794520548,0.1245533773254552,0.8047684379961138,0.7950947422769424,73030.0,110.71586246600054,181449728.0,,,,,,
receiver_loso_16,20-20,N210,3829,P2,4672,0.80068957584320433,0.80882512951294228,0.80886130136986301,0.10206966010266789,0.8411437876696665,0.8368225899776481,75143.0,108.44044122899504,185805312.0,,,,,,
receiver_loso_16,20-20,N210,3829,P2_MISMATCHED_RX,4672,0.77201839049929311,0.78318225611184944,0.78317636986301364,0.13075270100611519,0.8371772712796682,0.8324011441037418,75143.0,2.817745254993497,80650240.0,,,,,,
receiver_loso_16,20-20,N210,3829,P2_NULL,4672,0.78150976024471852,0.79023259152490244,0.79023972602739723,0.086625317615546094,0.8305521773612883,0.8227498246180431,75143.0,0.5776708670018706,80650240.0,,,,,,
receiver_loso_16,20-20,N210,3829,P2_SHUFFLED,4672,0.77203421015915907,0.78381793934247102,0.78381849315068497,0.12967052532691661,0.8231869983391027,0.8155395555524617,75143.0,3.698130204000336,80650240.0,,,,,,
receiver_loso_16,20-20,N210,3829,RX_NORM,4672,0.73592230933862401,0.75128230423670106,0.75149828767123283,0.1344463542767175,0.7835599990255293,0.7673197406504193,64774.0,0.5152811580046546,71660544.0,,,,,,
receiver_loso_16,20-20,N210,3829,SOURCE_NORM,4672,0.73224016583822404,0.74830029344249249,0.74850171232876717,0.13755549117284879,0.7829222842256609,0.7664468714148932,64774.0,44.42847345599876,166500864.0,,,,,,
receiver_loso_16,20-20,N210,3829,T3A,4672,0.7458133584839457,0.75875879190800122,0.75898972602739723,0.0507305811784447,0.8175827159835305,0.8111307896884016,64774.0,0.714893974000006,73746944.0,,,,,,
receiver_loso_16,20-20,N210,4829,DG_CORAL,4672,0.793070236908759,0.80381699164412801,0.80351027397260277,0.083872122565692597,0.8180260553571109,0.8069159618017245,64774.0,274.0338706010007,166500864.0,,,,,,
receiver_loso_16,20-20,N210,4829,DG_DANN,4672,0.73902021075522828,0.75958649481507445,0.75920376712328763,0.1230933114069782,0.8151756829299469,0.8091605427356675,70754.0,32.087213918995985,166447616.0,,,,,,
receiver_loso_16,20-20,N210,4829,DG_GROUPDRO,4672,0.76794186605654302,0.78324839653018297,0.78296232876712324,0.088805062670821999,0.7846479209058298,0.7742561455349771,64774.0,108.01054867399944,166501376.0,,,,,,
receiver_loso_16,20-20,N210,4829,P0,4672,0.77608182096356482,0.79034593784762341,0.79002568493150682,0.1122388136126611,0.8136232284866289,0.8060388518535299,64774.0,42.36769342800108,166500864.0,,,,,,
receiver_loso_16,20-20,N210,4829,P0_WIDE,4672,0.74995177573590155,0.77225179734778415,0.77183219178082196,0.13455320065139389,0.7948171021191394,0.7840843956358987,74827.0,35.221058859999175,166664704.0,,,,,,
receiver_loso_16,20-20,N210,4829,P1,4672,0.74547527897512256,0.7587359900837658,0.75834760273972601,0.16461510761730269,0.8013122266758396,0.7892597856283151,73030.0,96.26532863899774,181449728.0,,,,,,
receiver_loso_16,20-20,N210,4829,P2,4672,0.75038091245491401,0.7670514072061615,0.76669520547945202,0.1431772899813949,0.7994441853325823,0.7867355589728634,75143.0,89.39344345000427,185805312.0,,,,,,
receiver_loso_16,20-20,N210,4829,P2_MISMATCHED_RX,4672,0.73504312055466359,0.75381265044229695,0.75342465753424659,0.15212417169703699,0.7832378580861841,0.767436418546001,75143.0,2.868712511000922,80650240.0,,,,,,
receiver_loso_16,20-20,N210,4829,P2_NULL,4672,0.73502516695384512,0.75465285419863026,0.75428082191780821,0.12559212097413319,0.7845696109004944,0.7626077038985303,75143.0,0.5325935430009849,80650240.0,,,,,,
receiver_loso_16,20-20,N210,4829,P2_SHUFFLED,4672,0.74522745674597657,0.76235554808778183,0.76198630136986301,0.1483381269116924,0.7834323917710345,0.7652905582655879,75143.0,3.6216124990023673,80650240.0,,,,,,
receiver_loso_16,20-20,N210,4829,RX_NORM,4672,0.7491858778920385,0.7692560733963032,0.76883561643835618,0.1436949817157567,0.8076857916546447,0.7996575892497079,64774.0,0.5412220989965135,71660544.0,,,,,,
receiver_loso_16,20-20,N210,4829,SOURCE_NORM,4672,0.74947420223556016,0.76968232805152592,0.76926369863013699,0.1384327882990139,0.8127086972148302,0.8054432383879955,64774.0,34.83343442000478,166500864.0,,,,,,
receiver_loso_16,20-20,N210,4829,T3A,4672,0.79914541993284516,0.81107155568806133,0.81078767123287676,0.061946428645631803,0.8545861731976645,0.8522401281312693,64774.0,0.8355985789967235,73746944.0,,,,,,
receiver_loso_17,23-1,X310,829,DG_CORAL,4672,0.90520108417565115,0.90594250807436516,0.9060359589041096,0.036348010470759001,0.8165361901075284,0.814097912861634,64774.0,258.9622436779973,166500864.0,,,,,,
receiver_loso_17,23-1,X310,829,DG_DANN,4672,0.92664529679465601,0.92739694115399718,0.92744006849315064,0.011724719835113501,0.8051552390815951,0.802374841756218,70754.0,41.956422839997686,166447616.0,,,,,,
receiver_loso_17,23-1,X310,829,DG_GROUPDRO,4672,0.90368889930983698,0.90440675945964477,0.90453767123287676,0.0079706236975241006,0.7976363556438879,0.7949653719933565,64774.0,112.87703437199524,166501376.0,,,,,,
receiver_loso_17,23-1,X310,829,P0,4672,0.91791190385727495,0.91833135687193879,0.91845034246575341,0.022158844109420501,0.83228236275079,0.8299045404711394,64774.0,32.101100157000474,166500864.0,,,,,,
receiver_loso_17,23-1,X310,829,P0_WIDE,4672,0.88326125394226984,0.88628202190020577,0.88634417808219179,0.059215999948345602,0.8136264275811308,0.811390982687168,74827.0,32.56874559100106,166664704.0,,,,,,
receiver_loso_17,23-1,X310,829,P1,4672,0.90897966621185156,0.91028153812173118,0.9103167808219178,0.039419950872710698,0.8336649482462599,0.8318526107662402,73030.0,90.92721557000186,181449728.0,,,,,,
receiver_loso_17,23-1,X310,829,P2,4672,0.90767966467232197,0.90784554892079417,0.90796232876712324,0.053865567238822701,0.8191752044299548,0.8175032426947757,75143.0,110.70038073699834,185805312.0,,,,,,
receiver_loso_17,23-1,X310,829,P2_MISMATCHED_RX,4672,0.88442614418498877,0.8858811311022633,0.88613013698630139,0.066600726968417304,0.7958772059332557,0.7941601906627079,75143.0,2.9092311109998263,80650240.0,,,,,,
receiver_loso_17,23-1,X310,829,P2_NULL,4672,0.89991442242845432,0.89969708594688036,0.89982876712328763,0.042165996117695899,0.8148956822424386,0.8124829462543861,75143.0,0.5366683959946386,80650240.0,,,,,,
receiver_loso_17,23-1,X310,829,P2_SHUFFLED,4672,0.89558973667845254,0.89623615364559084,0.89640410958904104,0.062193841233288201,0.8067378991477062,0.805133612579942,75143.0,3.6693095689988695,80650240.0,,,,,,
receiver_loso_17,23-1,X310,829,RX_NORM,4672,0.91558519458157461,0.9173392724688828,0.91738013698630139,0.0208800612846771,0.8188548044299035,0.8169127358987676,64774.0,0.4958059530035825,71660544.0,,,,,,
receiver_loso_17,23-1,X310,829,SOURCE_NORM,4672,0.93211207477090596,0.93294623603441496,0.93300513698630139,0.012265532015988701,0.8218699036490377,0.8200895477144455,64774.0,43.56501749299787,166500864.0,,,,,,
receiver_loso_17,23-1,X310,829,T3A,4672,0.93566825315926383,0.9363068825610612,0.93642979452054798,0.157245250597392,0.8535888946888367,0.8521918653039444,64774.0,0.6660263730009319,73746944.0,,,,,,
receiver_loso_17,23-1,X310,1829,DG_CORAL,4672,0.95056016867745541,0.95087256622129124,0.95119863013698636,0.0111099842565822,0.8091183168380062,0.8063959139131458,64774.0,287.126368063,166500864.0,,,,,,
receiver_loso_17,23-1,X310,1829,DG_DANN,4672,0.91987852785179136,0.92054117950328485,0.92080479452054798,0.015789729817323801,0.7826490174380454,0.7785452983090412,70754.0,31.05411619199731,166447616.0,,,,,,
receiver_loso_17,23-1,X310,1829,DG_GROUPDRO,4672,0.89083223431650582,0.89087802690964946,0.89105308219178081,0.020556505565365701,0.7855765667377194,0.7805025048915142,64774.0,78.787580643002,166501376.0,,,,,,
receiver_loso_17,23-1,X310,1829,P0,4672,0.93828436590787956,0.93889429465225283,0.93921232876712324,0.0079812521995236002,0.7938424134952197,0.788186536685565,64774.0,30.817777552001644,166500864.0,,,,,,
receiver_loso_17,23-1,X310,1829,P0_WIDE,4672,0.93589831457206119,0.93604535212525564,0.93621575342465757,0.020353029871180799,0.7883723102534447,0.7851759614478149,74827.0,36.56051333999494,166664704.0,,,,,,
receiver_loso_17,23-1,X310,1829,P1,4672,0.9035098106360554,0.90512380284858118,0.90560787671232879,0.04962184523194,0.8174096273393706,0.8164140787461475,73030.0,88.35463531900314,178401792.0,,,,,,
receiver_loso_17,23-1,X310,1829,P2,4672,0.90760105302800964,0.90835782624804762,0.90881849315068497,0.058036552761260303,0.8032646379161985,0.8031541558966008,75143.0,96.38967108799989,182013952.0,,,,,,
receiver_loso_17,23-1,X310,1829,P2_MISMATCHED_RX,4672,0.89961971557437659,0.90120339358192958,0.90175513698630139,0.063402311678669596,0.7823637302489744,0.7801174036934445,75143.0,2.7231910539994715,80650240.0,,,,,,
receiver_loso_17,23-1,X310,1829,P2_NULL,4672,0.89667019233491929,0.89605645830395131,0.89640410958904104,0.052759077923040597,0.7958034470868132,0.7944281072604044,75143.0,0.4964158359944122,80650240.0,,,,,,
receiver_loso_17,23-1,X310,1829,P2_SHUFFLED,4672,0.90946229172933302,0.91016597728686877,0.91053082191780821,0.054165682009076802,0.7870807617039159,0.7857925906669269,75143.0,3.477496863000852,80650240.0,,,,,,
receiver_loso_17,23-1,X310,1829,RX_NORM,4672,0.90131584276283816,0.90244097797985323,0.90261130136986301,0.036307901188679999,0.7734271203569332,0.7638090469116946,64774.0,0.553396288996737,71660544.0,,,,,,
receiver_loso_17,23-1,X310,1829,SOURCE_NORM,4672,0.90602214308704165,0.90741287594786024,0.90753424657534243,0.034318031468875201,0.7860167356724421,0.780534607422862,64774.0,30.930264127004197,166500864.0,,,,,,
receiver_loso_17,23-1,X310,1829,T3A,4672,0.94145422754453245,0.94166844059079502,0.94178082191780821,0.1516122587267564,0.8229005618800064,0.8190150516981021,64774.0,0.7313353689969517,73746944.0,,,,,,
receiver_loso_17,23-1,X310,2829,DG_CORAL,4672,0.916592094468204,0.91737852646143603,0.91738013698630139,0.0266555771104072,0.8035602755537455,0.7974516476995493,64774.0,251.465366714001,166500864.0,,,,,,
receiver_loso_17,23-1,X310,2829,DG_DANN,4672,0.89486321683362891,0.89488441510203154,0.89511986301369861,0.0156191185033842,0.7876911026647653,0.7816402223741367,70754.0,30.478885459000598,166447616.0,,,,,,
receiver_loso_17,23-1,X310,2829,DG_GROUPDRO,4672,0.88301664340941777,0.88621009666989903,0.88613013698630139,0.0134101116596019,0.7702241543024685,0.761595353374199,64774.0,123.48035626699856,166501376.0,,,,,,
receiver_loso_17,23-1,X310,2829,P0,4672,0.90876464050066497,0.91155815919399741,0.91138698630136983,0.018558776210228001,0.7900538086921528,0.7859073229847878,64774.0,17.87807045000227,166500864.0,,,,,,
receiver_loso_17,23-1,X310,2829,P0_WIDE,4672,0.90352507778386881,0.90689892923470761,0.90667808219178081,0.0469253324801484,0.7828057970513512,0.7736522746200318,74827.0,29.342133753998496,166664704.0,,,,,,
receiver_loso_17,23-1,X310,2829,P1,4672,0.88651270162406703,0.88823369911752625,0.88805650684931503,0.0714453134290262,0.7757292783323894,0.7661949094584276,73030.0,108.7952096730005,181449728.0,,,,,,
receiver_loso_17,23-1,X310,2829,P2,4672,0.89541577577659881,0.89723474600813047,0.89726027397260277,0.066051899251362206,0.812107523559637,0.809009477710778,75143.0,111.75395391199709,185805312.0,,,,,,
receiver_loso_17,23-1,X310,2829,P2_MISMATCHED_RX,4672,0.88755151823878353,0.89003913915785671,0.88998287671232879,0.070860295473559598,0.805488588865168,0.8014388562031104,75143.0,2.8217124250004417,80650240.0,,,,,,
receiver_loso_17,23-1,X310,2829,P2_NULL,4672,0.85427231104465173,0.85958508733526695,0.8595890410958904,0.0868849255342342,0.7737986677659423,0.7640012405366572,75143.0,0.5151370259991381,80650240.0,,,,,,
receiver_loso_17,23-1,X310,2829,P2_SHUFFLED,4672,0.88638715317996952,0.88938069074543791,0.88934075342465757,0.073149551426966303,0.7941649793006299,0.7901566883280372,75143.0,3.893914587999461,80650240.0,,,,,,
receiver_loso_17,23-1,X310,2829,RX_NORM,4672,0.89608513990577554,0.89728727655267804,0.89747431506849318,0.0176013715896907,0.7836817909004289,0.7787192017318216,64774.0,0.4772960230038734,71660544.0,,,,,,
receiver_loso_17,23-1,X310,2829,SOURCE_NORM,4672,0.91223003390635959,0.91277622174574002,0.91288527397260277,0.0101227395823352,0.7904843937172473,0.7853927024472999,64774.0,29.835472476996078,166500864.0,,,,,,
receiver_loso_17,23-1,X310,2829,T3A,4672,0.91703514994466517,0.91924712170190315,0.91909246575342463,0.1485551850015476,0.8161160922900419,0.8113601558883113,64774.0,0.7566997169997194,73746944.0,,,,,,
receiver_loso_17,23-1,X310,3829,DG_CORAL,4672,0.90483412719383405,0.90695810577346325,0.90625,0.034711698739955298,0.7915677753675744,0.7855372340043368,64774.0,274.8105122890047,166500864.0,,,,,,
receiver_loso_17,23-1,X310,3829,DG_DANN,4672,0.87739644333052957,0.880175528473639,0.87928082191780821,0.0405473301557134,0.7654380263094204,0.7562404868429232,70754.0,29.779121536004823,166447616.0,,,,,,
receiver_loso_17,23-1,X310,3829,DG_GROUPDRO,4672,0.8674736313085275,0.87102945604832505,0.87029109589041098,0.031228750925000701,0.7588217615193206,0.7539918179471661,64774.0,72.97889424899768,166501376.0,,,,,,
receiver_loso_17,23-1,X310,3829,P0,4672,0.89332576387870011,0.89494497612983792,0.89426369863013699,0.0223626779417876,0.7718457847221485,0.7672284025561277,64774.0,25.082345611001077,166500864.0,,,,,,
receiver_loso_17,23-1,X310,3829,P0_WIDE,4672,0.90591016959379544,0.90680300496290478,0.90625,0.024958434897436699,0.7682479794089909,0.7612185745758978,74827.0,25.64449555100145,166664704.0,,,,,,
receiver_loso_17,23-1,X310,3829,P1,4672,0.92186190706009041,0.92259904756476618,0.9220890410958904,0.040452610155924697,0.80109833766903,0.798713987077368,73030.0,89.6682675750053,181449728.0,,,,,,
receiver_loso_17,23-1,X310,3829,P2,4672,0.92662646308854202,0.92677703508806519,0.92636986301369861,0.045972331599268598,0.7928419828669039,0.7864694157107802,75143.0,96.8060888970067,185805312.0,,,,,,
receiver_loso_17,23-1,X310,3829,P2_MISMATCHED_RX,4672,0.89057155970288571,0.89396241385529274,0.89319349315068497,0.074723877797336996,0.7409821563951761,0.729617850254737,75143.0,2.7798922670044703,80650240.0,,,,,,
receiver_loso_17,23-1,X310,3829,P2_NULL,4672,0.93004898334491282,0.92978273088180763,0.9295804794520548,0.031542317265619103,0.8004641393149162,0.794911334965184,75143.0,0.5112821119982982,80650240.0,,,,,,
receiver_loso_17,23-1,X310,3829,P2_SHUFFLED,4672,0.91170862280936038,0.91300469742323276,0.91245719178082196,0.056232124484105799,0.7759375266195598,0.7703261077039661,75143.0,3.6574927939946074,80650240.0,,,,,,
receiver_loso_17,23-1,X310,3829,RX_NORM,4672,0.87624390043342604,0.88008877118133999,0.87928082191780821,0.052213092781092998,0.7862639648493465,0.7807801877406423,64774.0,0.481474888001685,71660544.0,,,,,,
receiver_loso_17,23-1,X310,3829,SOURCE_NORM,4672,0.87994663251946648,0.88351684097208505,0.8827054794520548,0.048180068843066602,0.7898034274943608,0.7859156647314887,64774.0,31.06779083299625,166500864.0,,,,,,
receiver_loso_17,23-1,X310,3829,T3A,4672,0.90668077681264436,0.9083400937526368,0.90774828767123283,0.17405653842852431,0.805780241119614,0.8029481307877687,64774.0,0.655999188995338,73746944.0,,,,,,
receiver_loso_17,23-1,X310,4829,DG_CORAL,4672,0.90323605694127984,0.90654670094258805,0.90667808219178081,0.032966102607395097,0.8146328388716699,0.8125770136351619,64774.0,285.25518469500093,166500864.0,,,,,,
receiver_loso_17,23-1,X310,4829,DG_DANN,4672,0.90630295891097923,0.90799401872417884,0.90817636986301364,0.0124528859167882,0.7976102150274471,0.7910345204726981,70754.0,26.33258731199749,166447616.0,,,,,,
receiver_loso_17,23-1,X310,4829,DG_GROUPDRO,4672,0.87019929498918136,0.87265662497936203,0.87285958904109584,0.0407522590033556,0.8015642218902396,0.7969781120548475,64774.0,170.47907250499702,166501376.0,,,,,,
receiver_loso_17,23-1,X310,4829,P0,4672,0.91715216674594735,0.91940071009603663,0.91952054794520544,0.031157977757847798,0.8175777222585073,0.8123367931523604,64774.0,28.135054981001304,166500864.0,,,,,,
receiver_loso_17,23-1,X310,4829,P0_WIDE,4672,0.90440364594112399,0.90674764671986663,0.90689212328767121,0.048444888222809498,0.8148290164039557,0.8113128649099831,74827.0,29.594737642997643,166664704.0,,,,,,
receiver_loso_17,23-1,X310,4829,P1,4672,0.92146854754835839,0.92197611033501237,0.9220890410958904,0.048250392104868998,0.7992694132708987,0.7937326291040431,73030.0,99.904132028998,181449728.0,,,,,,
receiver_loso_17,23-1,X310,4829,P2,4672,0.93302014182523885,0.93369764257358601,0.93386130136986301,0.033168829569261399,0.786727585348832,0.7792127884033634,75143.0,97.17148254800122,185805312.0,,,,,,
receiver_loso_17,23-1,X310,4829,P2_MISMATCHED_RX,4672,0.92977797656283701,0.93070043794647817,0.93086472602739723,0.034295456171392999,0.7811920084850174,0.7724425615050817,75143.0,2.929665751005814,80650240.0,,,,,,
receiver_loso_17,23-1,X310,4829,P2_NULL,4672,0.92861058411374597,0.92981119892721198,0.93000856164383561,0.021558727632110902,0.7827711099615676,0.7709249980208144,75143.0,0.5888954769980046,80650240.0,,,,,,
receiver_loso_17,23-1,X310,4829,P2_SHUFFLED,4672,0.92253143189978004,0.92363240775588396,0.92380136986301364,0.0390173220075666,0.7774434382658638,0.7657900583185876,75143.0,4.04018561400153,80650240.0,,,,,,
receiver_loso_17,23-1,X310,4829,RX_NORM,4672,0.90197105457365723,0.90504020474830638,0.90517979452054798,0.029382010079818201,0.8012617995390442,0.7974531411569048,64774.0,0.4666768799943384,71660544.0,,,,,,
receiver_loso_17,23-1,X310,4829,SOURCE_NORM,4672,0.89791759691052597,0.90161427114408299,0.90175513698630139,0.032869171558509297,0.8030369106625783,0.7994324858903931,64774.0,40.51848271400377,166500864.0,,,,,,
receiver_loso_17,23-1,X310,4829,T3A,4672,0.94228236391308384,0.94297424775241678,0.94306506849315064,0.1062580059977784,0.8399883868232347,0.8398644446501883,64774.0,0.7365563529965584,73746944.0,,,,,,
receiver_loso_18,23-3,X310,829,DG_CORAL,4672,0.82063505054360941,0.83624141489088932,0.83625856164383561,0.066258821151640293,0.7872419769980185,0.7372974638637734,64774.0,240.6598262629996,166500864.0,,,,,,
receiver_loso_18,23-3,X310,829,DG_DANN,4672,0.83218285349510024,0.8529712919957636,0.85295376712328763,0.060718464202643103,0.7693759082291435,0.7339969826679624,70754.0,29.654104499000823,166447616.0,,,,,,
receiver_loso_18,23-3,X310,829,DG_GROUPDRO,4672,0.86843614425832483,0.87473499996169435,0.8747859589041096,0.030163879474395298,0.7164999081955615,0.6607019001064752,64774.0,59.5685709390018,166501376.0,,,,,,
receiver_loso_18,23-3,X310,829,P0,4672,0.88805869236435475,0.8936129048580822,0.89362157534246578,0.040221625658338998,0.7729932213227291,0.7302141304515889,64774.0,34.06124813499628,166500864.0,,,,,,
receiver_loso_18,23-3,X310,829,P0_WIDE,4672,0.83471756012573739,0.8501715276932017,0.85017123287671237,0.071116824200606499,0.8038023489844394,0.7606583453120447,74827.0,23.43690159000107,166664704.0,,,,,,
receiver_loso_18,23-3,X310,829,P1,4672,0.87078528962862733,0.88078390516118155,0.88077910958904104,0.064115380249560205,0.7934176083341841,0.7575756379130164,73030.0,88.59344835299999,181449728.0,,,,,,
receiver_loso_18,23-3,X310,829,P2,4672,0.81147763443739551,0.83136012198314468,0.83133561643835618,0.087977718724550097,0.7809973988803992,0.7474863263384451,75143.0,85.06325956400542,182013952.0,,,,,,
receiver_loso_18,23-3,X310,829,P2_MISMATCHED_RX,4672,0.7906924031612913,0.81101228965614469,0.81100171232876717,0.10169016745911071,0.7720657142347017,0.7313098349172543,75143.0,2.7790488870014087,80650240.0,,,,,,
receiver_loso_18,23-3,X310,829,P2_NULL,4672,0.7907461114870582,0.81701479613832373,0.81699486301369861,0.076708066535552205,0.7739729466115479,0.7332493385898258,75143.0,0.5620622209971771,80650240.0,,,,,,
receiver_loso_18,23-3,X310,829,P2_SHUFFLED,4672,0.78203079704833167,0.81252733600794402,0.8125,0.10364572353316601,0.7766453320055152,0.7315157005145214,75143.0,3.6299084080019375,80650240.0,,,,,,
receiver_loso_18,23-3,X310,829,RX_NORM,4672,0.87187905111144015,0.87881876246890833,0.8788527397260274,0.040055747271502698,0.767659122754983,0.722401657558763,64774.0,0.5043683730036719,71660544.0,,,,,,
receiver_loso_18,23-3,X310,829,SOURCE_NORM,4672,0.87267124421991549,0.88011043875603301,0.88013698630136983,0.040959979078974799,0.7865374396120323,0.7347095566313179,64774.0,31.863160536006035,166500864.0,,,,,,
receiver_loso_18,23-3,X310,829,T3A,4672,0.90448003496787321,0.90793184340702204,0.90796232876712324,0.065963995786485694,0.7930523583384685,0.7601804837479934,64774.0,0.7088991420023376,73746944.0,,,,,,
receiver_loso_18,23-3,X310,1829,DG_CORAL,4672,0.8481564170265673,0.86324827005336269,0.86301369863013699,0.062479289841825297,0.8169281119938714,0.779099201527005,64774.0,369.4754757219998,166500864.0,,,,,,
receiver_loso_18,23-3,X310,1829,DG_DANN,4672,0.80644767451326427,0.8278676685034031,0.82748287671232879,0.082324237479789994,0.8120868654255502,0.7690923139636735,70754.0,36.99353579799936,166447616.0,,,,,,
receiver_loso_18,23-3,X310,1829,DG_GROUPDRO,4672,0.82397787180248716,0.83978603338966629,0.83946917808219179,0.047971480742913401,0.7895148042252299,0.7476662405321157,64774.0,146.5110507520003,166501376.0,,,,,,
receiver_loso_18,23-3,X310,1829,P0,4672,0.85622849445746452,0.86777212113836566,0.86750856164383561,0.054861712001570299,0.8102872241772586,0.768203404565312,64774.0,28.301906228996813,166500864.0,,,,,,
receiver_loso_18,23-3,X310,1829,P0_WIDE,4672,0.79522790220993356,0.82205195965294686,0.82170376712328763,0.096105307908345899,0.8092983912934665,0.7687188125933088,74827.0,36.29618227299943,166664704.0,,,,,,
receiver_loso_18,23-3,X310,1829,P1,4672,0.87684617772927298,0.88403200775345103,0.88377568493150682,0.060278852699860302,0.7923807021783987,0.7565801675829579,73030.0,104.23571649299991,178401792.0,,,,,,
receiver_loso_18,23-3,X310,1829,P2,4672,0.87603398978186087,0.88629965128754273,0.88613013698630139,0.060725226883508503,0.8063069409062575,0.777659254985581,75143.0,102.8984919870054,182013952.0,,,,,,
receiver_loso_18,23-3,X310,1829,P2_MISMATCHED_RX,4672,0.84191131650707163,0.85561141935481277,0.8553082191780822,0.083240704215450601,0.7856237348566709,0.7491992034717234,75143.0,2.75954215600359,80650240.0,,,,,,
receiver_loso_18,23-3,X310,1829,P2_NULL,4672,0.81895792868604778,0.84315180111294641,0.84289383561643838,0.079211199286151293,0.7875870607653009,0.7544909956733918,75143.0,0.5411371299996972,80650240.0,,,,,,
receiver_loso_18,23-3,X310,1829,P2_SHUFFLED,4672,0.83339972696386644,0.85276504105175777,0.85252568493150682,0.088420745903906695,0.7966023239745096,0.761908748164697,75143.0,3.653171502999612,80650240.0,,,,,,
receiver_loso_18,23-3,X310,1829,RX_NORM,4672,0.84421128828845793,0.85857749057490196,0.85830479452054798,0.067401653532040806,0.8091195451420014,0.7725292824939106,64774.0,0.4756422529972042,71660544.0,,,,,,
receiver_loso_18,23-3,X310,1829,SOURCE_NORM,4672,0.85907454839796438,0.87053871800490212,0.87029109589041098,0.055021323891968899,0.8139511358530117,0.7774959189461974,64774.0,43.43719723600225,166500864.0,,,,,,
receiver_loso_18,23-3,X310,1829,T3A,4672,0.90278335794633802,0.907038708829496,0.90667808219178081,0.075971368158057495,0.8295484536859519,0.8050886395709789,64774.0,0.6379257750013494,73746944.0,,,,,,
receiver_loso_18,23-3,X310,2829,DG_CORAL,4672,0.86563102488545918,0.8768595853356298,0.87649828767123283,0.036523206494365898,0.7937489121814574,0.7466609201050364,64774.0,240.2237149710054,166500864.0,,,,,,
receiver_loso_18,23-3,X310,2829,DG_DANN,4672,0.87743050579907855,0.88475599392720261,0.88441780821917804,0.036769612587044302,0.7942962448870846,0.7378994290017252,70754.0,33.95544419300131,166447616.0,,,,,,
receiver_loso_18,23-3,X310,2829,DG_GROUPDRO,4672,0.86591039375251333,0.87172751613534682,0.87136130136986301,0.040120117749049201,0.7659376222969495,0.7112663443268619,64774.0,96.66171903400392,166501376.0,,,,,,
receiver_loso_18,23-3,X310,2829,P0,4672,0.90055789105013018,0.90503051807769563,0.90475171232876717,0.0279782242428715,0.7865985891512306,0.7307429397042587,64774.0,31.969959187001223,166500864.0,,,,,,
receiver_loso_18,23-3,X310,2829,P0_WIDE,4672,0.80509356859170644,0.82649269026399563,0.82598458904109584,0.1154705621971914,0.7692352143079475,0.7204063256031988,74827.0,33.11539169699972,166664704.0,,,,,,
receiver_loso_18,23-3,X310,2829,P1,4672,0.88192591842132817,0.88987598285545344,0.88955479452054798,0.064772256184369201,0.7605162283088719,0.7184539499742505,73030.0,93.83000096199976,181449728.0,,,,,,
receiver_loso_18,23-3,X310,2829,P2,4672,0.87268904968355443,0.87875004084673691,0.87842465753424659,0.053427205306209799,0.7722868414846907,0.7286352329870179,75143.0,92.3244309360016,185805312.0,,,,,,
receiver_loso_18,23-3,X310,2829,P2_MISMATCHED_RX,4672,0.81356802885483936,0.83032076172750868,0.82983732876712324,0.094983101111186102,0.7587446221232513,0.7034301567219016,75143.0,2.9107485420026933,80650240.0,,,,,,
receiver_loso_18,23-3,X310,2829,P2_NULL,4672,0.86482151918024552,0.86912339819928286,0.86879280821917804,0.037400395485049399,0.717424419631406,0.6719370541556501,75143.0,0.545007483997324,80650240.0,,,,,,
receiver_loso_18,23-3,X310,2829,P2_SHUFFLED,4672,0.82929409166847845,0.84355906192683372,0.84310787671232879,0.084099019380056705,0.7560149666023955,0.7109285533255781,75143.0,3.604452241997933,80650240.0,,,,,,
receiver_loso_18,23-3,X310,2829,RX_NORM,4672,0.86060824679322367,0.87109883943041577,0.87071917808219179,0.0428843557298796,0.7894925695914802,0.73964531609801,64774.0,0.5005887409934076,71660544.0,,,,,,
receiver_loso_18,23-3,X310,2829,SOURCE_NORM,4672,0.85570641234493106,0.86704530438734917,0.86665239726027399,0.045592706829105302,0.7954595794695419,0.7448883608286024,64774.0,33.068243350004195,166500864.0,,,,,,
receiver_loso_18,23-3,X310,2829,T3A,4672,0.91266012572695965,0.91612575664315399,0.91588184931506844,0.069145289654779604,0.7934818040621748,0.7533136650386831,64774.0,0.784338815996307,73746944.0,,,,,,
receiver_loso_18,23-3,X310,3829,DG_CORAL,4672,0.74464821015563176,0.78237708650987281,0.78296232876712324,0.1175815695322641,0.7708851761730338,0.7313606457244984,64774.0,348.2596387749945,166500864.0,,,,,,
receiver_loso_18,23-3,X310,3829,DG_DANN,4672,0.75792376963209762,0.78627969055041813,0.78681506849315064,0.11428408499500931,0.7600363923255996,0.714884571953065,70754.0,37.58281986899965,166447616.0,,,,,,
receiver_loso_18,23-3,X310,3829,DG_GROUPDRO,4672,0.78772522690264457,0.80181003057436906,0.80222602739726023,0.081462509713250406,0.7174923320433075,0.6711443058321575,64774.0,147.90801955100324,166501376.0,,,,,,
receiver_loso_18,23-3,X310,3829,P0,4672,0.77817631220328798,0.80532953935015783,0.80586472602739723,0.1022633394794156,0.7803600995368236,0.7301088156639025,64774.0,42.28844476899394,166500864.0,,,,,,
receiver_loso_18,23-3,X310,3829,P0_WIDE,4672,0.79431040734940073,0.81626967541915996,0.81678082191780821,0.1143731281371812,0.7916122983250605,0.7387815782910941,74827.0,43.88090725900838,166664704.0,,,,,,
receiver_loso_18,23-3,X310,3829,P1,4672,0.82201707385893419,0.83901252844551821,0.83946917808219179,0.096529881980219098,0.7945830452233021,0.7551923804982796,73030.0,95.42337002900604,181449728.0,,,,,,
receiver_loso_18,23-3,X310,3829,P2,4672,0.83909774360917666,0.85321137099487621,0.85359589041095896,0.089609447528595301,0.791500085577161,0.7537121673482741,75143.0,100.7324797399924,185805312.0,,,,,,
receiver_loso_18,23-3,X310,3829,P2_MISMATCHED_RX,4672,0.81310610306907483,0.83496608225989677,0.83540239726027399,0.10376161140746951,0.7782237051488448,0.7315142889732128,75143.0,2.791204210006981,80650240.0,,,,,,
receiver_loso_18,23-3,X310,3829,P2_NULL,4672,0.82338086068696403,0.84355078994254262,0.8439640410958904,0.080742033335622604,0.7806949933975361,0.7449299653049958,75143.0,0.5075726779905381,80650240.0,,,,,,
receiver_loso_18,23-3,X310,3829,P2_SHUFFLED,4672,0.79588743322455746,0.8246501996501997,0.82512842465753422,0.1138579801764748,0.7881835763121717,0.7456795130263227,75143.0,3.5590571260108845,80650240.0,,,,,,
receiver_loso_18,23-3,X310,3829,RX_NORM,4672,0.76548769432032193,0.7948003217333115,0.79537671232876717,0.12889268764690179,0.7664598965352215,0.7140416498020397,64774.0,0.4882481160020688,71660544.0,,,,,,
receiver_loso_18,23-3,X310,3829,SOURCE_NORM,4672,0.76742587469626933,0.79651604703151102,0.7970890410958904,0.12605147104557241,0.7665687052860827,0.714818883227912,64774.0,47.27047396999842,166500864.0,,,,,,
receiver_loso_18,23-3,X310,3829,T3A,4672,0.8084537907823095,0.82614110089244408,0.82662671232876717,0.066159857395551594,0.8183112264387312,0.7907285682761964,64774.0,0.6863081589981448,73746944.0,,,,,,
receiver_loso_18,23-3,X310,4829,DG_CORAL,4672,0.79925184900881019,0.82184163614585071,0.82213184931506844,0.1020780553760593,0.7855769759477936,0.739478709727214,64774.0,259.4100460470072,166500864.0,,,,,,
receiver_loso_18,23-3,X310,4829,DG_DANN,4672,0.82253626320753115,0.83833504654258784,0.83861301369863017,0.078591370942351704,0.8012308561199802,0.7571367283255926,70754.0,33.81188909300545,166447616.0,,,,,,
receiver_loso_18,23-3,X310,4829,DG_GROUPDRO,4672,0.812874790088849,0.8241716871570014,0.8242722602739726,0.043796452406589699,0.7577670718617999,0.7162835935955997,64774.0,72.04704324100749,166501376.0,,,,,,
receiver_loso_18,23-3,X310,4829,P0,4672,0.8569666969065618,0.86814514269935972,0.86836472602739723,0.060013770990150199,0.7964285190253673,0.7589184904901279,64774.0,32.976201837009285,166500864.0,,,,,,
receiver_loso_18,23-3,X310,4829,P0_WIDE,4672,0.79944636398358637,0.81419229968871354,0.81442636986301364,0.099422604056100594,0.7726660546873781,0.7219857043340326,74827.0,20.88967585399223,166664704.0,,,,,,
receiver_loso_18,23-3,X310,4829,P1,4672,0.87853506555282423,0.88510149210890476,0.88527397260273977,0.048690568295320202,0.7860934642481707,0.744460676820132,73030.0,103.46066109999084,178401792.0,,,,,,
receiver_loso_18,23-3,X310,4829,P2,4672,0.83219295140185612,0.84568054218903488,0.84589041095890416,0.095470403694254205,0.7808115613579415,0.7430773337196991,75143.0,115.7257365109981,182013952.0,,,,,,
receiver_loso_18,23-3,X310,4829,P2_MISMATCHED_RX,4672,0.81235245048975946,0.83213888560522931,0.83240582191780821,0.10350138517032841,0.7600362171702596,0.708391199094295,75143.0,2.878276764997281,80650240.0,,,,,,
receiver_loso_18,23-3,X310,4829,P2_NULL,4672,0.79952090353732552,0.82250720253251808,0.82277397260273977,0.090954376170922002,0.7605478358012693,0.7176941887629747,75143.0,0.5844285200000741,80650240.0,,,,,,
receiver_loso_18,23-3,X310,4829,P2_SHUFFLED,4672,0.79955650877040674,0.82313997825816132,0.82341609589041098,0.1155323082778909,0.7688022912055833,0.7192478117939193,75143.0,3.612717262003571,80650240.0,,,,,,
receiver_loso_18,23-3,X310,4829,RX_NORM,4672,0.78534178912218255,0.80576030292658707,0.80607876712328763,0.1091924215577644,0.7613735845370706,0.7165023995221856,64774.0,0.5447321169922361,71660544.0,,,,,,
receiver_loso_18,23-3,X310,4829,SOURCE_NORM,4672,0.79129074542616973,0.813221319366633,0.81357020547945202,0.105177162065209,0.7710151688494132,0.7223597144751176,64774.0,25.815057992003855,166500864.0,,,,,,
receiver_loso_18,23-3,X310,4829,T3A,4672,0.88413509034437909,0.8895896433569036,0.88976883561643838,0.078796458293441396,0.8156367417276623,0.7892762029249702,64774.0,0.7684551080019446,73746944.0,,,,,,
receiver_loso_19,23-5,X310,829,DG_CORAL,4672,0.86518006541253012,0.86885675422559816,0.86922089041095896,0.048380496918083403,0.776867277129241,0.7531893838973688,64774.0,345.6942652010039,166500864.0,,,,,,
receiver_loso_19,23-5,X310,829,DG_DANN,4672,0.85345859057096041,0.85771742004786311,0.85809075342465757,0.037540329390601,0.7803305130777454,0.7556551496128442,70754.0,39.1544998610043,166447616.0,,,,,,
receiver_loso_19,23-5,X310,829,DG_GROUPDRO,4672,0.76563817621010444,0.77238502625480709,0.77268835616438358,0.057259824133337703,0.7329135554083872,0.6996456931167224,64774.0,71.36603565300175,166501376.0,,,,,,
receiver_loso_19,23-5,X310,829,P0,4672,0.87036862026716622,0.87571686519854153,0.87607020547945202,0.035676064690549403,0.8109866922570105,0.7882517773989036,64774.0,42.5136877319892,166500864.0,,,,,,
receiver_loso_19,23-5,X310,829,P0_WIDE,4672,0.86432049663507815,0.87016876712458291,0.87050513698630139,0.056391634005568403,0.793701154603235,0.7774693868748863,74827.0,44.48134163100622,166664704.0,,,,,,
receiver_loso_19,23-5,X310,829,P1,4672,0.82531266584812124,0.83354220520945355,0.83390410958904104,0.076085025642373405,0.7736432502513843,0.752835780317393,73030.0,64.16914558999997,181449728.0,,,,,,
receiver_loso_19,23-5,X310,829,P2,4672,0.8512569446645819,0.85884854775028163,0.8591609589041096,0.082912167923346297,0.7793649330591296,0.7617351486994116,75143.0,99.08400761500523,185805312.0,,,,,,
receiver_loso_19,23-5,X310,829,P2_MISMATCHED_RX,4672,0.85108211368176312,0.85141026360637895,0.8516695205479452,0.089591223657233293,0.7701177073706904,0.7484995878824474,75143.0,2.8521955310134217,80650240.0,,,,,,
receiver_loso_19,23-5,X310,829,P2_NULL,4672,0.85127830084140255,0.85513584334624115,0.8555222602739726,0.057395747502347098,0.7686473020238412,0.743994401237774,75143.0,0.4962774400046328,80650240.0,,,,,,
receiver_loso_19,23-5,X310,829,P2_SHUFFLED,4672,0.85012811628369755,0.8567094207687721,0.85702054794520544,0.0803803746805411,0.7681136998160638,0.7456578508562921,75143.0,3.82463250400906,80650240.0,,,,,,
receiver_loso_19,23-5,X310,829,RX_NORM,4672,0.83795040086049566,0.84042152914922574,0.84075342465753422,0.070547771365828196,0.7642979605309502,0.7359342230477095,64774.0,0.5050805109931389,71660544.0,,,,,,
receiver_loso_19,23-5,X310,829,SOURCE_NORM,4672,0.83906965479015128,0.8412544893668531,0.84160958904109584,0.068161977703797894,0.7682626017015083,0.7396616899313128,64774.0,42.34388874699653,166500864.0,,,,,,
receiver_loso_19,23-5,X310,829,T3A,4672,0.87809703323609778,0.88147021820812921,0.88184931506849318,0.1139244265273876,0.8295449549663839,0.8171460292466989,64774.0,0.6390736210014438,73746944.0,,,,,,
receiver_loso_19,23-5,X310,1829,DG_CORAL,4672,0.81508083582153823,0.82530108110147438,0.82470034246575341,0.095247835782037604,0.7896701104072189,0.7690217632234978,64774.0,250.73948017900693,166500864.0,,,,,,
receiver_loso_19,23-5,X310,1829,DG_DANN,4672,0.81869122006175654,0.82741419540289252,0.82684075342465757,0.095443647310188798,0.7903619322130003,0.7681014631096411,70754.0,33.9097483370133,166447616.0,,,,,,
receiver_loso_19,23-5,X310,1829,DG_GROUPDRO,4672,0.74007706305901166,0.7556118882760271,0.75492294520547942,0.093344006897907103,0.7428962151585194,0.715125256314844,64774.0,57.83967310699518,166501376.0,,,,,,
receiver_loso_19,23-5,X310,1829,P0,4672,0.81442403870451363,0.82439986618277761,0.82384417808219179,0.098328766527853606,0.7942965688320575,0.7767100056997857,64774.0,27.84507690199825,166500864.0,,,,,,
receiver_loso_19,23-5,X310,1829,P0_WIDE,4672,0.83243942268571802,0.83526279224924516,0.83497431506849318,0.070213026198086406,0.8130106966397123,0.7954534453063437,74827.0,28.510403377003968,166664704.0,,,,,,
receiver_loso_19,23-5,X310,1829,P1,4672,0.85001960695715395,0.85418422876415745,0.85380993150684936,0.078471275116635805,0.8056039854674584,0.7889556834677808,73030.0,98.40476538300572,181449728.0,,,,,,
receiver_loso_19,23-5,X310,1829,P2,4672,0.76533204935833121,0.78298024828342994,0.78232020547945202,0.13882452190521949,0.7796356097936044,0.7589122164070058,75143.0,110.55116707399428,185805312.0,,,,,,
receiver_loso_19,23-5,X310,1829,P2_MISMATCHED_RX,4672,0.76514944545900265,0.78236635713030278,0.78167808219178081,0.14077688016201539,0.7448703434303289,0.7203668610197177,75143.0,2.800524371996289,80650240.0,,,,,,
receiver_loso_19,23-5,X310,1829,P2_NULL,4672,0.69173468515950365,0.71893112839905415,0.71789383561643838,0.19258646990096009,0.7228727123493345,0.6945015261795732,75143.0,0.5458403059892589,80650240.0,,,,,,
receiver_loso_19,23-5,X310,1829,P2_SHUFFLED,4672,0.76390148719205941,0.78152957707095316,0.78082191780821919,0.14144076306487699,0.7582754721731412,0.7360603134228688,75143.0,3.635409082999104,80650240.0,,,,,,
receiver_loso_19,23-5,X310,1829,RX_NORM,4672,0.80277891988389027,0.81544689058912956,0.81485445205479456,0.11190340715167039,0.7939722394752772,0.778511763796082,64774.0,0.5235805700067431,71660544.0,,,,,,
receiver_loso_19,23-5,X310,1829,SOURCE_NORM,4672,0.80346984790714837,0.81608823100134809,0.81549657534246578,0.11276618984196179,0.7932567633172507,0.777615204072367,64774.0,31.24533894000342,166500864.0,,,,,,
receiver_loso_19,23-5,X310,1829,T3A,4672,0.83870454498131719,0.84512027203855167,0.84460616438356162,0.040844377682046698,0.8187002765600425,0.8083244572091698,64774.0,0.6779485440056305,73746944.0,,,,,,
receiver_loso_19,23-5,X310,2829,DG_CORAL,4672,0.84069778565846198,0.84562865238782081,0.84546232876712324,0.079284188643812301,0.776562328013458,0.7511240136169137,64774.0,308.73421896100626,166500864.0,,,,,,
receiver_loso_19,23-5,X310,2829,DG_DANN,4672,0.83871620979075578,0.8465584292280468,0.84631849315068497,0.068238469861345699,0.7888739336141996,0.770815837321981,70754.0,30.8105700550077,166447616.0,,,,,,
receiver_loso_19,23-5,X310,2829,DG_GROUPDRO,4672,0.78298038682476234,0.7782980532433269,0.77825342465753422,0.088634227941527102,0.7417270874966371,0.7065536941568239,64774.0,88.74692153400974,166501376.0,,,,,,
receiver_loso_19,23-5,X310,2829,P0,4672,0.84152783574551593,0.85017933506555721,0.84995719178082196,0.064923723834273306,0.7717357129485669,0.7536662122510713,64774.0,35.595620920998044,166500864.0,,,,,,
receiver_loso_19,23-5,X310,2829,P0_WIDE,4672,0.85603312420259103,0.8635694382556024,0.8632277397260274,0.063564837811361602,0.7988387579701555,0.7765467324260045,74827.0,40.0851384550042,166664704.0,,,,,,
receiver_loso_19,23-5,X310,2829,P1,4672,0.81369819858428938,0.81826530107105366,0.81827910958904104,0.1099228252280401,0.7535509906406263,0.7318743852680235,73030.0,91.2451661380037,178401792.0,,,,,,
receiver_loso_19,23-5,X310,2829,P2,4672,0.78565670532844523,0.79614716494171811,0.79580479452054798,0.10901894046899489,0.756946537768617,0.7344262961752429,75143.0,67.41348945100617,182013952.0,,,,,,
receiver_loso_19,23-5,X310,2829,P2_MISMATCHED_RX,4672,0.77520191515891879,0.78627955301614028,0.78595890410958902,0.11144474525425629,0.7507554364137125,0.7256910362767092,75143.0,2.852580778999254,80650240.0,,,,,,
receiver_loso_19,23-5,X310,2829,P2_NULL,4672,0.75134774915069302,0.7699992628588358,0.7694777397260274,0.091587817213459793,0.7273295201402301,0.7000575644094793,75143.0,0.4920455969986506,80650240.0,,,,,,
receiver_loso_19,23-5,X310,2829,P2_SHUFFLED,4672,0.78519065712010816,0.7946000722888048,0.79430650684931503,0.1032699229265882,0.7411234741511693,0.7172454147387562,75143.0,3.700386284006527,80650240.0,,,,,,
receiver_loso_19,23-5,X310,2829,RX_NORM,4672,0.83120725097841575,0.84022703782903907,0.8398972602739726,0.070755301145453905,0.7779246600927895,0.7594697978631006,64774.0,0.499030856997706,71660544.0,,,,,,
receiver_loso_19,23-5,X310,2829,SOURCE_NORM,4672,0.84209799961257648,0.84982703312663599,0.84952910958904104,0.067085042075981205,0.7748840872051952,0.755552776222827,64774.0,31.266422393004177,166500864.0,,,,,,
receiver_loso_19,23-5,X310,2829,T3A,4672,0.86300611100693592,0.86742794890847363,0.8672945205479452,0.063765681355119896,0.7995366715916276,0.7911612055334593,64774.0,0.6375204790092539,73746944.0,,,,,,
receiver_loso_19,23-5,X310,3829,DG_CORAL,4672,0.7683872129626752,0.78026201235773884,0.78017979452054798,0.1093949014639915,0.7554460159202243,0.7370683643428064,64774.0,237.5065833730041,166500864.0,,,,,,
receiver_loso_19,23-5,X310,3829,DG_DANN,4672,0.75304990575379849,0.76579609638852431,0.7658390410958904,0.1236867691766573,0.7549320722429465,0.7400172707669301,70754.0,44.14903094100009,166447616.0,,,,,,
receiver_loso_19,23-5,X310,3829,DG_GROUPDRO,4672,0.74106196180610528,0.74565077094314358,0.74529109589041098,0.082964185558335998,0.69666201218744,0.6755708593005272,64774.0,70.68861792900134,166501376.0,,,,,,
receiver_loso_19,23-5,X310,3829,P0,4672,0.76673467496821379,0.77961292223262613,0.77953767123287676,0.1236144021115176,0.7634327893911536,0.7435355009436556,64774.0,28.71073162200628,166500864.0,,,,,,
receiver_loso_19,23-5,X310,3829,P0_WIDE,4672,0.75997243088057809,0.77426554805469661,0.77418664383561642,0.1051380075833263,0.7843536139412176,0.7753741809284501,74827.0,29.16429775700089,166664704.0,,,,,,
receiver_loso_19,23-5,X310,3829,P1,4672,0.78584007558799873,0.79815400813163928,0.79837328767123283,0.12678603371860431,0.7797794785318536,0.7605528568365544,73030.0,103.35226412001066,181449728.0,,,,,,
receiver_loso_19,23-5,X310,3829,P2,4672,0.78938641477974503,0.79513873104112898,0.79516267123287676,0.1134373813242434,0.780682685929092,0.7652137882393633,75143.0,84.80764671100769,185805312.0,,,,,,
receiver_loso_19,23-5,X310,3829,P2_MISMATCHED_RX,4672,0.77343107798638711,0.78052196979458832,0.78039383561643838,0.1143131791677785,0.7709388490940244,0.7533388221455186,75143.0,2.839650294990861,80650240.0,,,,,,
receiver_loso_19,23-5,X310,3829,P2_NULL,4672,0.78260884222635407,0.79515670399067118,0.79516267123287676,0.0777009012949436,0.763698491534035,0.7431084338152902,75143.0,0.558807725989027,80650240.0,,,,,,
receiver_loso_19,23-5,X310,3829,P2_SHUFFLED,4672,0.77520485543490736,0.78023988852834336,0.78017979452054798,0.1210792259574701,0.7670131533067527,0.7484584190376138,75143.0,3.648678918005317,80650240.0,,,,,,
receiver_loso_19,23-5,X310,3829,RX_NORM,4672,0.76133155626088256,0.78044442897421218,0.78039383561643838,0.1313633808343071,0.7686834992436252,0.7499481130019326,64774.0,0.5212985219986876,71660544.0,,,,,,
receiver_loso_19,23-5,X310,3829,SOURCE_NORM,4672,0.7621148509803034,0.78129750938934084,0.78125,0.13083153180395291,0.7691473818034015,0.7502899420245995,64774.0,42.227055893992656,166500864.0,,,,,,
receiver_loso_19,23-5,X310,3829,T3A,4672,0.79226948678699716,0.80454176737966943,0.8045804794520548,0.075857356764784403,0.7972610780641484,0.7828203735451073,64774.0,0.6737741350079887,73746944.0,,,,,,
receiver_loso_19,23-5,X310,4829,DG_CORAL,4672,0.84498497244505122,0.85379018921091931,0.85359589041095896,0.031519754974758299,0.8166352485469582,0.80764896333536,64774.0,299.3114764799975,166500864.0,,,,,,
receiver_loso_19,23-5,X310,4829,DG_DANN,4672,0.83644811491617943,0.84740231551092648,0.84717465753424659,0.061750764591772402,0.8130857406547962,0.8005432008697877,70754.0,30.75229259498883,166447616.0,,,,,,
receiver_loso_19,23-5,X310,4829,DG_GROUPDRO,4672,0.79261441578492942,0.79895756425227649,0.79880136986301364,0.036139072518642602,0.7519429157895715,0.729302179553254,64774.0,50.443409753002925,166501376.0,,,,,,
receiver_loso_19,23-5,X310,4829,P0,4672,0.82763635226982546,0.83903691714771689,0.83882705479452058,0.072419710926175704,0.8136602687193148,0.7965893311574712,64774.0,38.09591855799954,166500864.0,,,,,,
receiver_loso_19,23-5,X310,4829,P0_WIDE,4672,0.83808298677900828,0.84800194819235475,0.8478167808219178,0.066420721454699003,0.7881154220590578,0.7653034080525742,74827.0,34.66500761799398,166664704.0,,,,,,
receiver_loso_19,23-5,X310,4829,P1,4672,0.82742850272028257,0.83416893101460621,0.83411815068493156,0.087863765682463693,0.79231957183428,0.7729602348277268,73030.0,79.13058436301071,178401792.0,,,,,,
receiver_loso_19,23-5,X310,4829,P2,4672,0.83817201219206094,0.84560693660397213,0.84546232876712324,0.066792192696657496,0.803616546743987,0.793675712066459,75143.0,97.00290111399954,185805312.0,,,,,,
receiver_loso_19,23-5,X310,4829,P2_MISMATCHED_RX,4672,0.8043443690726283,0.81080848650355597,0.81057363013698636,0.097547969503379198,0.7729243565174579,0.7579571253570049,75143.0,2.769540735011105,80650240.0,,,,,,
receiver_loso_19,23-5,X310,4829,P2_NULL,4672,0.65653871959552002,0.68448011579545343,0.68407534246575341,0.20430554103820689,0.6696952119169882,0.6525993414169385,75143.0,0.4910340799979167,80650240.0,,,,,,
receiver_loso_19,23-5,X310,4829,P2_SHUFFLED,4672,0.83116678419940604,0.83685947078738543,0.83668664383561642,0.074256521981362594,0.7747422654255339,0.7595201023426924,75143.0,3.651312929010601,80650240.0,,,,,,
receiver_loso_19,23-5,X310,4829,RX_NORM,4672,0.82344459393691272,0.83645305516299917,0.83625856164383561,0.071432818601239595,0.7996326889554783,0.784091864566344,64774.0,0.4697826010087738,71660544.0,,,,,,
receiver_loso_19,23-5,X310,4829,SOURCE_NORM,4672,0.8246499513053519,0.83774717343585525,0.83754280821917804,0.070011238806740594,0.8032227567187569,0.7889425449011317,64774.0,30.79737629200099,166500864.0,,,,,,
receiver_loso_19,23-5,X310,4829,T3A,4672,0.83857359714097723,0.84737970236719151,0.84717465753424659,0.066557451897645198,0.8408825853571852,0.8363831230117604,64774.0,0.6438951960008126,73746944.0,,,,,,
receiver_loso_20,23-6,X310,829,DG_CORAL,4672,0.89620577027610471,0.90765816632678598,0.90774828767123283,0.041801561984195199,0.8812562563842175,0.876828128744665,64774.0,291.4382272290022,166500864.0,,,,,,
receiver_loso_20,23-6,X310,829,DG_DANN,4672,0.87291223983034893,0.89116287926594617,0.89126712328767121,0.053405876871045199,0.8605764558226725,0.8520352708903252,70754.0,45.33550976100378,166447616.0,,,,,,
receiver_loso_20,23-6,X310,829,DG_GROUPDRO,4672,0.86561619247459254,0.88147958807984095,0.88163527397260277,0.0308935940265655,0.8100683886319763,0.797471361315108,64774.0,105.19524732900028,166501376.0,,,,,,
receiver_loso_20,23-6,X310,829,P0,4672,0.88075498783467865,0.89737649708056832,0.89747431506849318,0.047698107286522198,0.8808681556418244,0.8764292289475465,64774.0,34.4196714810023,166500864.0,,,,,,
receiver_loso_20,23-6,X310,829,P0_WIDE,4672,0.88182680528391666,0.89564498736795028,0.89576198630136983,0.059409390726726297,0.8548457627970031,0.8470709066889853,74827.0,24.575931729996228,166664704.0,,,,,,
receiver_loso_20,23-6,X310,829,P1,4672,0.89379052415115068,0.90377776892095063,0.90389554794520544,0.067133841060152993,0.859636567288768,0.8496959393007208,73030.0,103.7029213029964,178401792.0,,,,,,
receiver_loso_20,23-6,X310,829,P2,4672,0.89845336130144704,0.90915330946418405,0.90924657534246578,0.062017761866166601,0.8829610725314408,0.8801109683022651,75143.0,107.68838705900272,182013952.0,,,,,,
receiver_loso_20,23-6,X310,829,P2_MISMATCHED_RX,4672,0.8926075125859444,0.90486328380152736,0.90496575342465757,0.063926968513031104,0.864117143895228,0.8605754322379525,75143.0,2.906138912003371,80650240.0,,,,,,
receiver_loso_20,23-6,X310,829,P2_NULL,4672,0.86961449911812039,0.88858775676495538,0.88869863013698636,0.073906034645815896,0.8700982470137921,0.8653295585599795,75143.0,0.5380188189956243,80650240.0,,,,,,
receiver_loso_20,23-6,X310,829,P2_SHUFFLED,4672,0.88594667245023739,0.90015588015827142,0.90025684931506844,0.068339674274296699,0.855299594665741,0.8461123075578247,75143.0,3.609006685001077,80650240.0,,,,,,
receiver_loso_20,23-6,X310,829,RX_NORM,4672,0.87515529742894305,0.89116834682773449,0.89126712328767121,0.058313674714467301,0.8090784568377933,0.7992222066658833,64774.0,0.4853548999963095,71660544.0,,,,,,
receiver_loso_20,23-6,X310,829,SOURCE_NORM,4672,0.87321550733283215,0.88967207393520764,0.88976883561643838,0.058607378343043602,0.8588378522705807,0.8517650246317241,64774.0,44.02185070099949,166500864.0,,,,,,
receiver_loso_20,23-6,X310,829,T3A,4672,0.91859199499144362,0.92500703010657004,0.92508561643835618,0.1084081991958393,0.9161557531751844,0.9152381002634096,64774.0,0.702972735001822,73746944.0,,,,,,
receiver_loso_20,23-6,X310,1829,DG_CORAL,4672,0.91882530770737558,0.92421091798793398,0.92401541095890416,0.0113034413183389,0.8274223620351203,0.8040629570741135,64774.0,293.6450078499984,166500864.0,,,,,,
receiver_loso_20,23-6,X310,1829,DG_DANN,4672,0.88891108991708689,0.90225047293979699,0.90196917808219179,0.045481252688149003,0.8294173863552669,0.8190432796610542,70754.0,41.27403780399618,166447616.0,,,,,,
receiver_loso_20,23-6,X310,1829,DG_GROUPDRO,4672,0.89665561215919498,0.90447738252393861,0.90432363013698636,0.023042590322279101,0.7709256093908708,0.760224761120646,64774.0,90.22739107300004,166501376.0,,,,,,
receiver_loso_20,23-6,X310,1829,P0,4672,0.92134405555361398,0.9267847302128116,0.92658390410958902,0.036768766196623198,0.8327388220680311,0.8229254625241715,64774.0,39.32189678699797,166500864.0,,,,,,
receiver_loso_20,23-6,X310,1829,P0_WIDE,4672,0.88407015777845699,0.89685502329155831,0.89661815068493156,0.064015251692792693,0.8136270768425482,0.7948625373824884,74827.0,32.279365673995926,166664704.0,,,,,,
receiver_loso_20,23-6,X310,1829,P1,4672,0.90251498574159683,0.91119009551104724,0.91095890410958902,0.061322100039520398,0.8484068434593933,0.8400655248965335,73030.0,100.20628181199572,178401792.0,,,,,,
receiver_loso_20,23-6,X310,1829,P2,4672,0.91705186401650685,0.92400416345387204,0.92380136986301364,0.047370672953149201,0.8538460525403194,0.8447034824908797,75143.0,113.01051004799956,182013952.0,,,,,,
receiver_loso_20,23-6,X310,1829,P2_MISMATCHED_RX,4672,0.90347686905850144,0.91332910667577205,0.91309931506849318,0.057383214959185802,0.8118210849495638,0.7971454778154605,75143.0,2.739557547000004,80650240.0,,,,,,
receiver_loso_20,23-6,X310,1829,P2_NULL,4672,0.91668044250283398,0.92291060551488557,0.92273116438356162,0.039923559836022603,0.8280420104929412,0.8182601168103983,75143.0,0.5120017220033333,80650240.0,,,,,,
receiver_loso_20,23-6,X310,1829,P2_SHUFFLED,4672,0.9134541576967512,0.92122827096748505,0.92101883561643838,0.049668000302953597,0.8093295443119112,0.7933691445506795,75143.0,3.5741758520016447,80650240.0,,,,,,
receiver_loso_20,23-6,X310,1829,RX_NORM,4672,0.91731321351694084,0.92445333802153484,0.92422945205479456,0.037221070653312399,0.8092777010444974,0.7895880383768957,64774.0,0.4963966380018974,71660544.0,,,,,,
receiver_loso_20,23-6,X310,1829,SOURCE_NORM,4672,0.91685348678527046,0.92401990695075797,0.92380136986301364,0.038140409622877201,0.8310403656999176,0.8166490535127305,64774.0,40.968095998003264,166500864.0,,,,,,
receiver_loso_20,23-6,X310,1829,T3A,4672,0.96286296081114298,0.96369435801494485,0.96361301369863017,0.069740867357037606,0.8793061800625271,0.8783177621312667,64774.0,0.7709996060002595,73746944.0,,,,,,
receiver_loso_20,23-6,X310,2829,DG_CORAL,4672,0.91957028098378357,0.92642743990069165,0.9259417808219178,0.035967569632379001,0.86531733637772,0.8594924320018462,64774.0,321.4339532610029,166500864.0,,,,,,
receiver_loso_20,23-6,X310,2829,DG_DANN,4672,0.90261618027920865,0.91345870838978438,0.91288527397260277,0.0308077931340325,0.8703016956837172,0.8628191451468137,70754.0,38.4029352600046,166447616.0,,,,,,
receiver_loso_20,23-6,X310,2829,DG_GROUPDRO,4672,0.93962131808568194,0.94341581758934245,0.94306506849315064,0.012549838896407,0.8318353674677308,0.8245300684587796,64774.0,167.80593699900055,166501376.0,,,,,,
receiver_loso_20,23-6,X310,2829,P0,4672,0.92494805332930718,0.93110020971481822,0.93065068493150682,0.033303218147372901,0.8679584301561584,0.8605614028551152,64774.0,35.750890062998224,166500864.0,,,,,,
receiver_loso_20,23-6,X310,2829,P0_WIDE,4672,0.87326935361788272,0.89069432322867692,0.88998287671232879,0.078642180384047397,0.8576956741696575,0.8447995751824231,74827.0,36.78019518100336,166664704.0,,,,,,
receiver_loso_20,23-6,X310,2829,P1,4672,0.90042126843880677,0.90942333942460563,0.90881849315068497,0.057621562642951103,0.8803805914686021,0.8719628723943701,73030.0,102.03573484699882,178401792.0,,,,,,
receiver_loso_20,23-6,X310,2829,P2,4672,0.8954280836463816,0.90559000785290156,0.90496575342465757,0.071746072802080202,0.8692709030356514,0.861869146943139,75143.0,109.19291467600124,182013952.0,,,,,,
receiver_loso_20,23-6,X310,2829,P2_MISMATCHED_RX,4672,0.86913641152737109,0.88751208031311535,0.8867722602739726,0.088870684074059195,0.8218080208331687,0.8027454310344964,75143.0,2.8393674369945074,80650240.0,,,,,,
receiver_loso_20,23-6,X310,2829,P2_NULL,4672,0.87806816338986604,0.89347320253204698,0.89276541095890416,0.071865393375110401,0.8413387926059915,0.8294494760197297,75143.0,0.5906461870035855,80650240.0,,,,,,
receiver_loso_20,23-6,X310,2829,P2_SHUFFLED,4672,0.87358843313793944,0.89071342499536643,0.88998287671232879,0.085792999816675597,0.8422101504445223,0.8257547199012653,75143.0,3.656211417001032,80650240.0,,,,,,
receiver_loso_20,23-6,X310,2829,RX_NORM,4672,0.91321390757786958,0.92067750987120622,0.92016267123287676,0.035662752592119602,0.866586761883001,0.8588781791428666,64774.0,0.5047146990036708,71660544.0,,,,,,
receiver_loso_20,23-6,X310,2829,SOURCE_NORM,4672,0.91154269422946044,0.9194041912654134,0.91887842465753422,0.036788598994711701,0.8764937212887872,0.8708555668716965,64774.0,38.283146845999,166500864.0,,,,,,
receiver_loso_20,23-6,X310,2829,T3A,4672,0.94847780714043117,0.9508626502386498,0.95055650684931503,0.067764286854470196,0.9171099078576338,0.916321757073756,64774.0,0.6669965479959501,73746944.0,,,,,,
receiver_loso_20,23-6,X310,3829,DG_CORAL,4672,0.83242308635443185,0.84886661328042123,0.84931506849315064,0.075267274908670398,0.7660695535693011,0.7537207399779687,64774.0,264.726993504999,166500864.0,,,,,,
receiver_loso_20,23-6,X310,3829,DG_DANN,4672,0.8581170516620783,0.87456919860940474,0.875,0.062155667105562099,0.7730732878450849,0.7574951091769931,70754.0,42.652709597001376,166447616.0,,,,,,
receiver_loso_20,23-6,X310,3829,DG_GROUPDRO,4672,0.82838942377329383,0.84717026041545473,0.8476027397260274,0.071377192732355002,0.7490471910447458,0.7305609976331179,64774.0,161.81059999400168,166501376.0,,,,,,
receiver_loso_20,23-6,X310,3829,P0,4672,0.87249624870770426,0.88509052594317839,0.88548801369863017,0.054638127703857502,0.7984317236029231,0.782707732351143,64774.0,32.22832675000245,166500864.0,,,,,,
receiver_loso_20,23-6,X310,3829,P0_WIDE,4672,0.9034931347322126,0.91086121703661316,0.91117294520547942,0.046118305083874399,0.7746828828918811,0.7557982930715453,74827.0,32.63628512699506,166664704.0,,,,,,
receiver_loso_20,23-6,X310,3829,P1,4672,0.91503708613260437,0.91909390850237316,0.91930650684931503,0.040768889480665801,0.8219121400092945,0.8114985415314058,73030.0,100.20995598399897,181449728.0,,,,,,
receiver_loso_20,23-6,X310,3829,P2,4672,0.93634549595620264,0.93860675715522079,0.93878424657534243,0.0282462698420228,0.8507285746224329,0.842263034108329,75143.0,107.6264491969996,185805312.0,,,,,,
receiver_loso_20,23-6,X310,3829,P2_MISMATCHED_RX,4672,0.94623096727242484,0.947827607900948,0.94798801369863017,0.021788755170235399,0.7990390110893125,0.7803495559215227,75143.0,2.681481174993678,80650240.0,,,,,,
receiver_loso_20,23-6,X310,3829,P2_NULL,4672,0.94046091220600037,0.94226819454333499,0.94242294520547942,0.015889095174378198,0.828706913578138,0.8180098625040069,75143.0,0.4989585680013988,80650240.0,,,,,,
receiver_loso_20,23-6,X310,3829,P2_SHUFFLED,4672,0.93438071006089896,0.93770464833512235,0.93792808219178081,0.0297740852358203,0.818876569688551,0.7996231366936074,75143.0,3.560405014002754,80650240.0,,,,,,
receiver_loso_20,23-6,X310,3829,RX_NORM,4672,0.82358127080186705,0.84874090410110703,0.84931506849315064,0.10491729729923691,0.7688345865447962,0.7527213761783527,64774.0,0.496386111000902,71660544.0,,,,,,
receiver_loso_20,23-6,X310,3829,SOURCE_NORM,4672,0.82058251459949927,0.84658871780437428,0.84717465753424659,0.1077499234321692,0.7771871895117854,0.7619686640835273,64774.0,38.241215891997854,166500864.0,,,,,,
receiver_loso_20,23-6,X310,3829,T3A,4672,0.88731024187770646,0.8954416845216423,0.89576198630136983,0.1078877917854497,0.8863697362097898,0.8833120840536756,64774.0,0.6270344859949546,73746944.0,,,,,,
receiver_loso_20,23-6,X310,4829,DG_CORAL,4672,0.9005135740216913,0.9113137298846028,0.91160102739726023,0.044159510664080401,0.8315793736290815,0.8186066620960845,64774.0,329.539631118998,166500864.0,,,,,,
receiver_loso_20,23-6,X310,4829,DG_DANN,4672,0.92275423559718961,0.92892948552365862,0.92915239726027399,0.025631499559656701,0.8483088969311411,0.8375819676752377,70754.0,41.85495990700292,166447616.0,,,,,,
receiver_loso_20,23-6,X310,4829,DG_GROUPDRO,4672,0.92735829128511238,0.93191893068722043,0.93214897260273977,0.017210167886893401,0.7986256243909108,0.7811894162303635,64774.0,115.94202182899608,166501376.0,,,,,,
receiver_loso_20,23-6,X310,4829,P0,4672,0.90652654104481722,0.9162519445250088,0.91652397260273977,0.037130110106137502,0.8404443413686113,0.825853802185032,64774.0,30.56010645999777,166500864.0,,,,,,
receiver_loso_20,23-6,X310,4829,P0_WIDE,4672,0.89139692588424169,0.90359162016412176,0.90389554794520544,0.053171215904238602,0.8339395644355516,0.8208928843302753,74827.0,25.260810056999617,166664704.0,,,,,,
receiver_loso_20,23-6,X310,4829,P1,4672,0.927947660740574,0.93193393448818362,0.93214897260273977,0.041700172282704298,0.8377713770226989,0.8207755076758566,73030.0,99.74482766000438,178401792.0,,,,,,
receiver_loso_20,23-6,X310,4829,P2,4672,0.93274803647761084,0.93668453410868635,0.93685787671232879,0.037440715032336203,0.849522875154373,0.8384854052666109,75143.0,102.82569524199788,182013952.0,,,,,,
receiver_loso_20,23-6,X310,4829,P2_MISMATCHED_RX,4672,0.92098880550940643,0.927207957473694,0.92744006849315064,0.045983499037229397,0.8369698360641191,0.8228879710362683,75143.0,2.9294559440022567,80650240.0,,,,,,
receiver_loso_20,23-6,X310,4829,P2_NULL,4672,0.93063455718890042,0.93496135815617198,0.93514554794520544,0.028524223638519801,0.8336817532407249,0.8147925793998417,75143.0,0.5960646509993239,80650240.0,,,,,,
receiver_loso_20,23-6,X310,4829,P2_SHUFFLED,4672,0.919491054214157,0.92593416717571875,0.92615582191780821,0.045534792483771402,0.8229373308174287,0.8035491214962454,75143.0,3.4982029809980304,80650240.0,,,,,,
receiver_loso_20,23-6,X310,4829,RX_NORM,4672,0.93098565301414604,0.93579826596707705,0.93600171232876717,0.0283059108275154,0.8156008292856681,0.7985348514585517,64774.0,0.5291122720009298,71660544.0,,,,,,
receiver_loso_20,23-6,X310,4829,SOURCE_NORM,4672,0.93945086330506078,0.94309737566025964,0.94327910958904104,0.020993753948746498,0.843235976301361,0.8321576122392998,64774.0,38.12570832000347,166500864.0,,,,,,
receiver_loso_20,23-6,X310,4829,T3A,4672,0.94297110844915244,0.9459001736535404,0.94606164383561642,0.0871381897077423,0.8862029304395224,0.8842699323441973,64774.0,0.6284010599993053,73746944.0,,,,,,
receiver_loso_21,23-7,X310,829,DG_CORAL,4672,0.74342169706438632,0.76091762500147453,0.76198630136986301,0.1453981262708261,0.818309454215842,0.8137370039897722,64774.0,279.071143713998,166500864.0,,,,,,
receiver_loso_21,23-7,X310,829,DG_DANN,4672,0.72361997043072901,0.74856829695129001,0.7497859589041096,0.16809281441446849,0.8221862655129778,0.8189613633111711,70754.0,37.67739306199656,166447616.0,,,,,,
receiver_loso_21,23-7,X310,829,DG_GROUPDRO,4672,0.69542005678857588,0.72551508026037137,0.72688356164383561,0.1652127147830818,0.7861728640207216,0.7798265239386618,64774.0,107.85764478399506,166501376.0,,,,,,
receiver_loso_21,23-7,X310,829,P0,4672,0.72570180143695218,0.74479365992177404,0.7459332191780822,0.16980184392671871,0.8176534185777736,0.8146763039731013,64774.0,29.741594883002108,166500864.0,,,,,,
receiver_loso_21,23-7,X310,829,P0_WIDE,4672,0.73851010697207131,0.76696020124795672,0.76819349315068497,0.18015236965674031,0.8388961579589286,0.8373077863357697,74827.0,32.38310582200211,166664704.0,,,,,,
receiver_loso_21,23-7,X310,829,P1,4672,0.77548664378500698,0.79254779880564363,0.79366438356164382,0.1583049874688971,0.8513239903592758,0.8493179116143453,73030.0,92.53284231699944,181449728.0,,,,,,
receiver_loso_21,23-7,X310,829,P2,4672,0.71525883866914119,0.73330331726376385,0.734375,0.21218526564308829,0.842402887390695,0.8392550738591313,75143.0,100.82863946399448,185805312.0,,,,,,
receiver_loso_21,23-7,X310,829,P2_MISMATCHED_RX,4672,0.69460886112238196,0.72523453663063486,0.7264554794520548,0.22247573874941831,0.8316110528709063,0.8295079732345774,75143.0,2.708673665998504,80650240.0,,,,,,
receiver_loso_21,23-7,X310,829,P2_NULL,4672,0.65316757108080392,0.68787918722576391,0.68899828767123283,0.24188301520269001,0.8162910321157094,0.8148886178100939,75143.0,0.4882077300062519,80650240.0,,,,,,
receiver_loso_21,23-7,X310,829,P2_SHUFFLED,4672,0.68792382733802449,0.71584885349700034,0.71703767123287676,0.2305197654202682,0.8326864021524166,0.8304896723584374,75143.0,3.4900721790036187,80650240.0,,,,,,
receiver_loso_21,23-7,X310,829,RX_NORM,4672,0.74858186687712358,0.76431160161800082,0.7654109589041096,0.15964972135955341,0.8226016659146542,0.8203668760511401,64774.0,0.5121004610045929,71660544.0,,,,,,
receiver_loso_21,23-7,X310,829,SOURCE_NORM,4672,0.74792541054756623,0.76366864101385001,0.76476883561643838,0.16003032056742339,0.8266975570587977,0.8238664111573408,64774.0,32.44550798199634,166500864.0,,,,,,
receiver_loso_21,23-7,X310,829,T3A,4672,0.73952596704779339,0.76407967676683908,0.76519691780821919,0.064360414695453894,0.8379419131820492,0.836220812586002,64774.0,0.7055603999979212,73746944.0,,,,,,
receiver_loso_21,23-7,X310,1829,DG_CORAL,4672,0.73280408396582253,0.76391305172443458,0.76498287671232879,0.15760069382568331,0.857200121423936,0.8531496915363102,64774.0,283.9098743729992,166500864.0,,,,,,
receiver_loso_21,23-7,X310,1829,DG_DANN,4672,0.75398474443803953,0.77260529018310908,0.77375856164383561,0.13809903415736469,0.8449386495295155,0.8390415708662001,70754.0,40.93442167900503,166447616.0,,,,,,
receiver_loso_21,23-7,X310,1829,DG_GROUPDRO,4672,0.68826743131995782,0.71871964989031845,0.71982020547945202,0.15195003306263519,0.8123432570754332,0.804613064425116,64774.0,82.87939441100025,166501376.0,,,,,,
receiver_loso_21,23-7,X310,1829,P0,4672,0.7322906427399124,0.75762415268773875,0.75877568493150682,0.18337521306558011,0.859072588874031,0.8565749040132301,64774.0,29.40269920400169,166500864.0,,,,,,
receiver_loso_21,23-7,X310,1829,P0_WIDE,4672,0.72616106083863075,0.75561666777790526,0.75663527397260277,0.17644616918102521,0.841721587140179,0.8379565965769079,74827.0,22.83056021200173,166664704.0,,,,,,
receiver_loso_21,23-7,X310,1829,P1,4672,0.7418013579277728,0.76108546065074101,0.76220034246575341,0.18856275007639031,0.8546236335949429,0.8539500293774024,73030.0,98.62005287100328,178401792.0,,,,,,
receiver_loso_21,23-7,X310,1829,P2,4672,0.75799396223661686,0.7710713904415315,0.77204623287671237,0.16673870000682051,0.8491924976629736,0.8463213854847321,75143.0,83.82949707999796,182013952.0,,,,,,
receiver_loso_21,23-7,X310,1829,P2_MISMATCHED_RX,4672,0.70238281135780134,0.72852957356811121,0.72966609589041098,0.21613103946135051,0.8367659346261278,0.8333221932860685,75143.0,2.7805605859975917,80650240.0,,,,,,
receiver_loso_21,23-7,X310,1829,P2_NULL,4672,0.69346229230199008,0.72280430857837297,0.72410102739726023,0.19682706448517431,0.8461378342171965,0.8437194029224804,75143.0,0.5041387119999854,80650240.0,,,,,,
receiver_loso_21,23-7,X310,1829,P2_SHUFFLED,4672,0.70315502144562803,0.72959493836088496,0.73073630136986301,0.21558667438691609,0.8474052813718645,0.8437381155805966,75143.0,3.628208209003788,80650240.0,,,,,,
receiver_loso_21,23-7,X310,1829,RX_NORM,4672,0.73104749607675201,0.75637534357946379,0.75749143835616439,0.17105640333196889,0.8320886614892947,0.8212019845295645,64774.0,0.4503701099965838,71660544.0,,,,,,
receiver_loso_21,23-7,X310,1829,SOURCE_NORM,4672,0.73095784819059639,0.75594487662354082,0.75706335616438358,0.17163857712397629,0.8322017726765484,0.8226607103531655,64774.0,27.62986309099506,166500864.0,,,,,,
receiver_loso_21,23-7,X310,1829,T3A,4672,0.78697509644499786,0.80353010793979174,0.8045804794520548,0.055794089397874801,0.8786547004178217,0.8782114841507832,64774.0,0.6143802180013154,73746944.0,,,,,,
receiver_loso_21,23-7,X310,2829,DG_CORAL,4672,0.7059615093517011,0.73245119753611398,0.73137842465753422,0.18148868175044849,0.8288039259064527,0.8254526354606982,64774.0,179.69730022799922,166500864.0,,,,,,
receiver_loso_21,23-7,X310,2829,DG_DANN,4672,0.73964050081799515,0.75570563719184103,0.75470890410958902,0.15928063541650769,0.8340540878125435,0.8306856735181528,70754.0,26.64518123099697,166447616.0,,,,,,
receiver_loso_21,23-7,X310,2829,DG_GROUPDRO,4672,0.7072012854467421,0.73110742892773617,0.7303082191780822,0.1686341976109024,0.7952126214031563,0.7881056451182616,64774.0,124.10421191099886,166501376.0,,,,,,
receiver_loso_21,23-7,X310,2829,P0,4672,0.70068420811155152,0.72796122916574291,0.72688356164383561,0.1889963521086292,0.8250751088772348,0.8217067582510486,64774.0,19.258634149999125,166500864.0,,,,,,
receiver_loso_21,23-7,X310,2829,P0_WIDE,4672,0.67581760732311658,0.71110528217441571,0.70997431506849318,0.220935626720933,0.8097473899435741,0.8060537349514644,74827.0,30.008917129998736,166664704.0,,,,,,
receiver_loso_21,23-7,X310,2829,P1,4672,0.70344591355594466,0.73760228096776803,0.73651541095890416,0.22236650137307301,0.8457086131050952,0.8442337703983632,73030.0,103.99806144200556,181449728.0,,,,,,
receiver_loso_21,23-7,X310,2829,P2,4672,0.76286097639403116,0.77899581196003032,0.77803938356164382,0.17291525165767291,0.8451115354918621,0.8432751003563675,75143.0,108.04028019999532,185805312.0,,,,,,
receiver_loso_21,23-7,X310,2829,P2_MISMATCHED_RX,4672,0.692820685352879,0.72951216989079681,0.72838184931506844,0.22450833365142539,0.8149739072403213,0.8130326282093399,75143.0,3.129976659998647,80650240.0,,,,,,
receiver_loso_21,23-7,X310,2829,P2_NULL,4672,0.71093721531874643,0.74321152832080062,0.7420804794520548,0.2088014253938239,0.8370717618638359,0.8366436362432862,75143.0,0.5400050399985048,80650240.0,,,,,,
receiver_loso_21,23-7,X310,2829,P2_SHUFFLED,4672,0.69990489991940708,0.73400103451709764,0.73287671232876717,0.22079871299561771,0.8306965930608988,0.8291009527623311,75143.0,4.020175116995233,80650240.0,,,,,,
receiver_loso_21,23-7,X310,2829,RX_NORM,4672,0.74558350212433433,0.76833689989750142,0.76733732876712324,0.15140076325440849,0.8205116909489458,0.8158616995725483,64774.0,0.5678740680014016,71660544.0,,,,,,
receiver_loso_21,23-7,X310,2829,SOURCE_NORM,4672,0.74420386057119103,0.76684393270747231,0.7658390410958904,0.15435489947741779,0.8201990056010482,0.8149605248252682,64774.0,32.586593943997286,166500864.0,,,,,,
receiver_loso_21,23-7,X310,2829,T3A,4672,0.71970428258550811,0.74915370906927847,0.74807363013698636,0.062653904662735405,0.8437746632128625,0.8426769791530727,64774.0,0.78143447599723,73746944.0,,,,,,
receiver_loso_21,23-7,X310,3829,DG_CORAL,4672,0.69590213460665129,0.72467416356760406,0.72517123287671237,0.1897902325408099,0.8181553250959919,0.8132492097799173,64774.0,269.26602768699377,166500864.0,,,,,,
receiver_loso_21,23-7,X310,3829,DG_DANN,4672,0.69594871217598098,0.73180214022143641,0.73223458904109584,0.180406279938474,0.8183677576508477,0.8151480190300576,70754.0,34.4537375200016,166447616.0,,,,,,
receiver_loso_21,23-7,X310,3829,DG_GROUPDRO,4672,0.65115985215158378,0.69870191413395599,0.69948630136986301,0.19047354282300971,0.7933287901835632,0.7872215032235963,64774.0,114.32122767299734,166501376.0,,,,,,
receiver_loso_21,23-7,X310,3829,P0,4672,0.68609825831983062,0.72073866630292827,0.72110445205479456,0.17016978997558549,0.814297726543621,0.8088597171459503,64774.0,27.301180086993558,166500864.0,,,,,,
receiver_loso_21,23-7,X310,3829,P0_WIDE,4672,0.73537702999670973,0.75793123034086163,0.75834760273972601,0.16266788048542119,0.857803333855275,0.8530327027376391,74827.0,31.046051726996662,166664704.0,,,,,,
receiver_loso_21,23-7,X310,3829,P1,4672,0.75645511268933008,0.77941358416077167,0.77996575342465757,0.17401962342659291,0.8455564581906039,0.8437708025930704,73030.0,99.15430674499656,181449728.0,,,,,,
receiver_loso_21,23-7,X310,3829,P2,4672,0.72679294872663214,0.75460434899760198,0.75535102739726023,0.17159048311590941,0.8531776766625807,0.8469375409822703,75143.0,91.6499922150033,185805312.0,,,,,,
receiver_loso_21,23-7,X310,3829,P2_MISMATCHED_RX,4672,0.67974091736077236,0.723864152003726,0.72431506849315064,0.21415522742429621,0.8498407518481611,0.8441336492088755,75143.0,2.8509409969992703,80650240.0,,,,,,
receiver_loso_21,23-7,X310,3829,P2_NULL,4672,0.69755653222084257,0.73760780855878971,0.7382277397260274,0.1712363394908607,0.8346051478816912,0.8284841351414562,75143.0,0.6185811579998699,80650240.0,,,,,,
receiver_loso_21,23-7,X310,3829,P2_SHUFFLED,4672,0.7105879576501456,0.74883369203910999,0.74935787671232879,0.18903606760073199,0.8463151277385731,0.8425068690741075,75143.0,3.65012996000587,80650240.0,,,,,,
receiver_loso_21,23-7,X310,3829,RX_NORM,4672,0.69970300870956093,0.73304416843134712,0.73351883561643838,0.19364826097344501,0.8291700208232499,0.8250367627681013,64774.0,0.5881715939976857,71660544.0,,,,,,
receiver_loso_21,23-7,X310,3829,SOURCE_NORM,4672,0.70468201314432177,0.73799280332545425,0.7384417808219178,0.18733358855218921,0.8295215856294279,0.8251408610401025,64774.0,40.19618161499966,166500864.0,,,,,,
receiver_loso_21,23-7,X310,3829,T3A,4672,0.73510512163396202,0.75698321178243388,0.75727739726027399,0.0677180896379206,0.8401864653319974,0.8373135017189717,64774.0,0.7026776709972182,73746944.0,,,,,,
receiver_loso_21,23-7,X310,4829,DG_CORAL,4672,0.70263341602923879,0.72951633257515736,0.72838184931506844,0.18842965698711669,0.8529688324984895,0.8440589034789241,64774.0,222.35334590700225,166500864.0,,,,,,
receiver_loso_21,23-7,X310,4829,DG_DANN,4672,0.718086595669582,0.73779552270080628,0.73672945205479456,0.1877640118656603,0.8567113509657199,0.8542662754942807,70754.0,37.88693489000434,166447616.0,,,,,,
receiver_loso_21,23-7,X310,4829,DG_GROUPDRO,4672,0.64790327007618131,0.68942417923992716,0.68814212328767121,0.20762492045249839,0.8184717558982765,0.8117949215945979,64774.0,113.07110866800213,166501376.0,,,,,,
receiver_loso_21,23-7,X310,4829,P0,4672,0.70204628719941542,0.72807663380489795,0.72688356164383561,0.20061743425919781,0.8591389838965391,0.8541425187666727,64774.0,26.02207568099402,166500864.0,,,,,,
receiver_loso_21,23-7,X310,4829,P0_WIDE,4672,0.7439538033754195,0.76899387904584426,0.76776541095890416,0.1706652363558134,0.875192393640671,0.8736599407111153,74827.0,31.117387831000087,166664704.0,,,,,,
receiver_loso_21,23-7,X310,4829,P1,4672,0.74829315380590922,0.77137627969790046,0.77033390410958902,0.1630256599938012,0.8476762056888881,0.8452582727790037,73030.0,81.06964863900066,178401792.0,,,,,,
receiver_loso_21,23-7,X310,4829,P2,4672,0.7752680313340452,0.78819497776766989,0.78724315068493156,0.14714008048559499,0.8567542650445797,0.855786182762917,75143.0,105.32062356600365,182013952.0,,,,,,
receiver_loso_21,23-7,X310,4829,P2_MISMATCHED_RX,4672,0.72928589655039644,0.76197738957069883,0.76070205479452058,0.1869962973303276,0.8462505285240974,0.8424582819984673,75143.0,2.9669079890009016,80650240.0,,,,,,
receiver_loso_21,23-7,X310,4829,P2_NULL,4672,0.73974983851908227,0.7639955204763581,0.76262842465753422,0.1730094229585605,0.851826472125373,0.8526678739301324,75143.0,0.5512046090007061,80650240.0,,,,,,
receiver_loso_21,23-7,X310,4829,P2_SHUFFLED,4672,0.7165538461590315,0.75564337391312908,0.75428082191780821,0.2010306273459469,0.8544991219195817,0.851940050711796,75143.0,3.618310116995417,80650240.0,,,,,,
receiver_loso_21,23-7,X310,4829,RX_NORM,4672,0.69867465608332846,0.72803578970654337,0.72688356164383561,0.18647383053927391,0.8456862479129098,0.8362217604054353,64774.0,0.5184711330002756,71660544.0,,,,,,
receiver_loso_21,23-7,X310,4829,SOURCE_NORM,4672,0.69897060642277797,0.72759083143032477,0.7264554794520548,0.1872008923530476,0.8498364439536849,0.8405220413349114,64774.0,30.89973729000485,166500864.0,,,,,,
receiver_loso_21,23-7,X310,4829,T3A,4672,0.65385277443891476,0.70548066186522507,0.70398116438356162,0.13068373286331139,0.879832202951946,0.879621465410818,64774.0,0.7532874879980227,73746944.0,,,,,,
receiver_loso_22,24-13,X310,829,DG_CORAL,4472,0.84832445543825108,0.85552037745016418,0.87723613595706618,0.028939351546103199,0.8391106027118367,0.8319064140309894,64774.0,302.8779623290029,166500864.0,,,,,,
receiver_loso_22,24-13,X310,829,DG_DANN,4472,0.81517982211793349,0.82786075428249317,0.85152057245080504,0.045403585990820797,0.8313404309057097,0.8234470198876763,70754.0,32.115449910997995,166447616.0,,,,,,
receiver_loso_22,24-13,X310,829,DG_GROUPDRO,4472,0.79813676559271085,0.81425967122670972,0.84011627906976749,0.023520497541894499,0.7867363269170076,0.7825673606762344,64774.0,83.18017209100071,166501376.0,,,,,,
receiver_loso_22,24-13,X310,829,P0,4472,0.85609874414057197,0.85945242338021854,0.87768336314847939,0.025355459762360599,0.8306612022987836,0.8223225848313804,64774.0,35.87769427400053,166500864.0,,,,,,
receiver_loso_22,24-13,X310,829,P0_WIDE,4472,0.86993300308836263,0.87496261202805259,0.89490161001788904,0.0281450666673814,0.8610245961253923,0.8528405062029649,74827.0,38.18528104299912,166664704.0,,,,,,
receiver_loso_22,24-13,X310,829,P1,4472,0.85974163943415449,0.86214975500333091,0.8792486583184258,0.0607280582656054,0.84262711135981,0.839942863214167,73030.0,102.88571602099546,181449728.0,,,,,,
receiver_loso_22,24-13,X310,829,P2,4472,0.88544282341294078,0.88775686610332827,0.90697674418604635,0.043129384157802597,0.8480521539062166,0.8422554011014608,75143.0,114.4200703509996,185805312.0,,,,,,
receiver_loso_22,24-13,X310,829,P2_MISMATCHED_RX,4472,0.88357051308320111,0.88602821723634972,0.9063059033989268,0.046935619129957598,0.8261602059381342,0.8180540143951059,75143.0,2.985472304004361,80650240.0,,,,,,
receiver_loso_22,24-13,X310,829,P2_NULL,4472,0.8471516845081094,0.86017437902305993,0.88662790697674421,0.044364140843822598,0.8304082911301203,0.8251785441542839,75143.0,0.5746024340041913,80650240.0,,,,,,
receiver_loso_22,24-13,X310,829,P2_SHUFFLED,4472,0.87697682504905394,0.88191502808918598,0.90317531305903398,0.044457691799922601,0.8274761061284225,0.8204427985732575,75143.0,3.9181812729948433,80650240.0,,,,,,
receiver_loso_22,24-13,X310,829,RX_NORM,4472,0.83260960965358788,0.84801163543063696,0.87388193202146691,0.038803785942721401,0.8279293506991544,0.8192812875851102,64774.0,0.5303099000011571,71660544.0,,,,,,
receiver_loso_22,24-13,X310,829,SOURCE_NORM,4472,0.83230435250013857,0.84821508568152204,0.87432915921288012,0.038732187459261901,0.8364388064194722,0.8291768308777133,64774.0,33.683609380001144,166500864.0,,,,,,
receiver_loso_22,24-13,X310,829,T3A,4472,0.90294262897657995,0.90081838053094598,0.90966010733452596,0.18084016910126041,0.8540103311139466,0.8498179352280671,64774.0,0.6857510490008281,73746944.0,,,,,,
receiver_loso_22,24-13,X310,1829,DG_CORAL,4472,0.84274371037998674,0.85320471685804744,0.87701252236135963,0.0367428160577426,0.8526321207397278,0.8497958921622764,64774.0,265.57138857400423,166500864.0,,,,,,
receiver_loso_22,24-13,X310,1829,DG_DANN,4472,0.83028001259144624,0.84059185695326766,0.86471377459749554,0.043435990600471798,0.8471230817592462,0.8438608214551774,70754.0,28.291634970002637,166447616.0,,,,,,
receiver_loso_22,24-13,X310,1829,DG_GROUPDRO,4472,0.83967408190274428,0.84936730767348456,0.87164579606440074,0.0208949229924911,0.8170510114343742,0.813279470430918,64774.0,112.88614329200207,166501376.0,,,,,,
receiver_loso_22,24-13,X310,1829,P0,4472,0.83390514859717912,0.84607389344583694,0.86985688729874777,0.054792126723979998,0.8644505543656736,0.8595997050799672,64774.0,36.23580222199962,166500864.0,,,,,,
receiver_loso_22,24-13,X310,1829,P0_WIDE,4472,0.81825696675670356,0.83634088673822882,0.86292486583184258,0.070360550023815305,0.8678610250319476,0.8664902670736288,74827.0,38.623559464998834,166664704.0,,,,,,
receiver_loso_22,24-13,X310,1829,P1,4472,0.86577948332606569,0.86809199154273575,0.88483899821109124,0.043052574523019901,0.8610898261352707,0.8575355183454524,73030.0,99.11164597899916,178401792.0,,,,,,
receiver_loso_22,24-13,X310,1829,P2,4472,0.84664809461392732,0.85412629203560375,0.87544722719141321,0.0424023192635802,0.8414244885976486,0.8391321138588165,75143.0,101.04991929300012,182013952.0,,,,,,
receiver_loso_22,24-13,X310,1829,P2_MISMATCHED_RX,4472,0.82768643083677029,0.84149277632968378,0.86650268336314851,0.064446713015676907,0.8254240051324033,0.8210405108376165,75143.0,2.7322652460061363,80650240.0,,,,,,
receiver_loso_22,24-13,X310,1829,P2_NULL,4472,0.83356111895930673,0.85129697497423296,0.87857781753130593,0.037757574845511899,0.8355868703800459,0.8333973161428011,75143.0,0.6055582799963304,80650240.0,,,,,,
receiver_loso_22,24-13,X310,1829,P2_SHUFFLED,4472,0.83687235693265338,0.84783697060091934,0.87164579606440074,0.044134084898345402,0.8280098377266242,0.8243380737566272,75143.0,3.638122370997735,80650240.0,,,,,,
receiver_loso_22,24-13,X310,1829,RX_NORM,4472,0.84319160900602086,0.85564251685551007,0.88014311270125223,0.041447087269349599,0.8584029014860377,0.8547688121460886,64774.0,0.5691637580021052,71660544.0,,,,,,
receiver_loso_22,24-13,X310,1829,SOURCE_NORM,4472,0.84628239906021319,0.85750246187734636,0.88148479427549198,0.0392974625893057,0.8585995333092681,0.8556236793769884,64774.0,28.384668111000792,166500864.0,,,,,,
receiver_loso_22,24-13,X310,1829,T3A,4472,0.87671149330479892,0.87894844887270651,0.89847942754919496,0.087139415379766896,0.882515955052244,0.879535984602299,64774.0,0.7102876709977863,73746944.0,,,,,,
receiver_loso_22,24-13,X310,2829,DG_CORAL,4472,0.82194804367257035,0.83515975769816508,0.85755813953488369,0.055804894434051601,0.8612656137335858,0.8551852197967017,64774.0,308.1085694010035,166500864.0,,,,,,
receiver_loso_22,24-13,X310,2829,DG_DANN,4472,0.84904766213029459,0.85470224010962836,0.87231663685152061,0.0285849641801952,0.8579648825911553,0.8528239332122762,70754.0,29.884112325999013,166447616.0,,,,,,
receiver_loso_22,24-13,X310,2829,DG_GROUPDRO,4472,0.75621638304214345,0.7746736215739628,0.79695885509838993,0.041664788729389501,0.8157384783640577,0.8066194964180312,64774.0,85.0278897409953,166501376.0,,,,,,
receiver_loso_22,24-13,X310,2829,P0,4472,0.79100702891822561,0.80791160138497575,0.8305008944543828,0.078329586172359703,0.8620944488584956,0.8557938739365866,64774.0,35.89204648099985,166500864.0,,,,,,
receiver_loso_22,24-13,X310,2829,P0_WIDE,4472,0.83462297125555851,0.84377947531486852,0.86560822898032197,0.0378711122173103,0.8487389254984548,0.8456965704683528,74827.0,34.986928571001044,166664704.0,,,,,,
receiver_loso_22,24-13,X310,2829,P1,4472,0.84980097483684514,0.85502022931983612,0.8734347048300537,0.043040308928073798,0.8518025465585733,0.8490189317822563,73030.0,85.66261554499943,181449728.0,,,,,,
receiver_loso_22,24-13,X310,2829,P2,4472,0.85118200236643615,0.85848491222889456,0.87857781753130593,0.049600901758574803,0.8569478168687548,0.8554699367952784,75143.0,85.436367546994,185805312.0,,,,,,
receiver_loso_22,24-13,X310,2829,P2_MISMATCHED_RX,4472,0.8414516662937509,0.85194313873439442,0.87365831842576025,0.052282038176422199,0.8343929652733286,0.8249309275345101,75143.0,2.6789272720052395,80650240.0,,,,,,
receiver_loso_22,24-13,X310,2829,P2_NULL,4472,0.83500413781996852,0.8487924003770303,0.87231663685152061,0.024821109473305399,0.8514878279194497,0.8502781632667572,75143.0,0.5288314389981679,80650240.0,,,,,,
receiver_loso_22,24-13,X310,2829,P2_SHUFFLED,4472,0.85677006998411043,0.864671687595294,0.88640429338103754,0.041388724375789401,0.8509681227004687,0.8474931531047476,75143.0,3.574242326001695,80650240.0,,,,,,
receiver_loso_22,24-13,X310,2829,RX_NORM,4472,0.85451979540463741,0.86091905853465767,0.88014311270125223,0.025706602703639898,0.8489178590386945,0.8404005128628063,64774.0,0.5273906090005767,71660544.0,,,,,,
receiver_loso_22,24-13,X310,2829,SOURCE_NORM,4472,0.853965567406056,0.860329415171044,0.87947227191413235,0.028263760570683201,0.8536892525405483,0.8466674265160781,64774.0,29.90216789599799,166500864.0,,,,,,
receiver_loso_22,24-13,X310,2829,T3A,4472,0.8235652689222871,0.84018446311845796,0.86471377459749554,0.095553422809873306,0.885112945027107,0.8802188618256469,64774.0,0.6999380760025815,73746944.0,,,,,,
receiver_loso_22,24-13,X310,3829,DG_CORAL,4472,0.84291877940083237,0.84828500202582802,0.86851520572450802,0.0439930699552427,0.8568620858942871,0.8540751189495448,64774.0,351.4353925769974,166500864.0,,,,,,
receiver_loso_22,24-13,X310,3829,DG_DANN,4472,0.83593939522680427,0.84073706784571811,0.86158318425760283,0.0544608239424356,0.8426731681307534,0.840283468522589,70754.0,36.867205376998754,166447616.0,,,,,,
receiver_loso_22,24-13,X310,3829,DG_GROUPDRO,4472,0.78251840500097947,0.80110032769160544,0.82647584973166366,0.044687488694443701,0.8135448741564097,0.8085646079636116,64774.0,120.6771122470018,166501376.0,,,,,,
receiver_loso_22,24-13,X310,3829,P0,4472,0.84159689747711341,0.84658074284593576,0.8676207513416816,0.051852224637922502,0.8606818958755768,0.8585374150234006,64774.0,36.31674704400211,166500864.0,,,,,,
receiver_loso_22,24-13,X310,3829,P0_WIDE,4472,0.8163203004600561,0.83210679327814197,0.85733452593917714,0.0507487571583344,0.8768055348747037,0.873528644225016,74827.0,41.78819982199639,166664704.0,,,,,,
receiver_loso_22,24-13,X310,3829,P1,4472,0.81441776384412901,0.82399095514968668,0.84593023255813948,0.065966625439672799,0.8529977073601459,0.8507206959316783,73030.0,79.23814102799952,181449728.0,,,,,,
receiver_loso_22,24-13,X310,3829,P2,4472,0.86416614066440534,0.87085306136803109,0.89221824686940965,0.056493598447982601,0.8643640175521745,0.8618575069903714,75143.0,111.06217207200098,185805312.0,,,,,,
receiver_loso_22,24-13,X310,3829,P2_MISMATCHED_RX,4472,0.86054529524264967,0.86827466606630177,0.89020572450805013,0.058162275145300202,0.8576032386103024,0.8551118311729886,75143.0,2.731427076003456,80650240.0,,,,,,
receiver_loso_22,24-13,X310,3829,P2_NULL,4472,0.83961144575798341,0.85206114056950844,0.8765652951699463,0.046167026082310297,0.8551052133281173,0.8524810901125476,75143.0,0.5408741619976354,80650240.0,,,,,,
receiver_loso_22,24-13,X310,3829,P2_SHUFFLED,4472,0.85206731977221217,0.86116156023403645,0.88349731663685149,0.062614311958947996,0.8534779787225105,0.8512090866651342,75143.0,3.61817898699519,80650240.0,,,,,,
receiver_loso_22,24-13,X310,3829,RX_NORM,4472,0.83702127037646923,0.84369904570743248,0.86449016100178888,0.050162929901603197,0.8551977882911347,0.8513493501803681,64774.0,0.5365372879969073,71660544.0,,,,,,
receiver_loso_22,24-13,X310,3829,SOURCE_NORM,4472,0.83936458108691403,0.84520081491899279,0.86538461538461542,0.048778420834000601,0.8567816159845023,0.8532701454223841,64774.0,35.994329556000594,166500864.0,,,,,,
receiver_loso_22,24-13,X310,3829,T3A,4472,0.87122115887353091,0.87113048179680097,0.88953488372093026,0.15357886319097011,0.8772754331286703,0.8752722700694249,64774.0,0.7225068750049104,73746944.0,,,,,,
receiver_loso_22,24-13,X310,4829,DG_CORAL,4472,0.80009116054778728,0.82891983624737497,0.85867620751341678,0.042675177891587097,0.8424225937354889,0.8412143349699083,64774.0,248.82454123500065,166500864.0,,,,,,
receiver_loso_22,24-13,X310,4829,DG_DANN,4472,0.81332836385303475,0.82358464720545932,0.84347048300536676,0.054971930359311902,0.845910696859188,0.8399761002995209,70754.0,30.920995103995665,166447616.0,,,,,,
receiver_loso_22,24-13,X310,4829,DG_GROUPDRO,4472,0.76771845121452964,0.78835127447957387,0.81372987477638636,0.045675998163777702,0.8026495676779297,0.7961071605382655,64774.0,76.59856298300292,166501376.0,,,,,,
receiver_loso_22,24-13,X310,4829,P0,4472,0.8035804308288047,0.82826535177287397,0.85666368515205726,0.044514992016106002,0.8487754669507698,0.847915852173624,64774.0,26.682177925998985,166500864.0,,,,,,
receiver_loso_22,24-13,X310,4829,P0_WIDE,4472,0.80055900167718486,0.81373525669994395,0.83653846153846156,0.067037676432718102,0.848003821628339,0.8453546785155276,74827.0,34.157631513000524,166664704.0,,,,,,
receiver_loso_22,24-13,X310,4829,P1,4472,0.82919710042358374,0.83346582981957129,0.84950805008944541,0.061808189630428403,0.8489136688850296,0.8472014725350326,73030.0,98.86949638799706,181449728.0,,,,,,
receiver_loso_22,24-13,X310,4829,P2,4472,0.82894024191508697,0.83507493535106814,0.85375670840787121,0.071102078477577102,0.8408478640750993,0.8382391932813479,75143.0,83.99176708199957,185805312.0,,,,,,
receiver_loso_22,24-13,X310,4829,P2_MISMATCHED_RX,4472,0.82640021249373408,0.83466933197826076,0.8548747763864043,0.068582441164630401,0.8321727922942087,0.8261448460531575,75143.0,2.729196579006384,80650240.0,,,,,,
receiver_loso_22,24-13,X310,4829,P2_NULL,4472,0.82007150267355655,0.82804192671440324,0.8474955277280859,0.047951005182640498,0.8375561685384945,0.8331798629921283,75143.0,0.5091447650047485,80650240.0,,,,,,
receiver_loso_22,24-13,X310,4829,P2_SHUFFLED,4472,0.82579769542991499,0.83310773376445646,0.85196779964221825,0.074635111038741306,0.8391645840725936,0.8360190872438586,75143.0,3.506134547998954,80650240.0,,,,,,
receiver_loso_22,24-13,X310,4829,RX_NORM,4472,0.8152830668900819,0.83509937230973519,0.86203041144901615,0.039277664773925899,0.8373547747269611,0.8362418581441847,64774.0,0.4572823060007067,71660544.0,,,,,,
receiver_loso_22,24-13,X310,4829,SOURCE_NORM,4472,0.81321623733707238,0.83417731270204676,0.86135957066189628,0.037354107316390099,0.8460659476073472,0.8448495661796048,64774.0,29.26191751699662,166500864.0,,,,,,
receiver_loso_22,24-13,X310,4829,T3A,4472,0.86194212452210828,0.8708615997846274,0.89467799642218249,0.14783007132425929,0.8705460483997535,0.8706296618507454,64774.0,0.6161896439953125,73746944.0,,,,,,
receiver_loso_23,24-16,X310,829,DG_CORAL,4472,0.94784743343025202,0.94633054994740795,0.95147584973166355,0.036902638475455503,0.8150127812538516,0.7995805637696196,64774.0,300.0503861160032,166500864.0,,,,,,
receiver_loso_23,24-16,X310,829,DG_DANN,4472,0.89404269570534423,0.89183203471866113,0.90429338103756718,0.0146366073941554,0.8204757597101917,0.8136405829273553,70754.0,45.301621366998006,166447616.0,,,,,,
receiver_loso_23,24-16,X310,829,DG_GROUPDRO,4472,0.84546835277291876,0.84727453540135833,0.85040250447227195,0.016279574670230699,0.7920806106089703,0.7845508284158078,64774.0,113.77909639700374,166501376.0,,,,,,
receiver_loso_23,24-16,X310,829,P0,4472,0.91919399231952037,0.91652307359469398,0.92486583184257598,0.017166152129979299,0.8074226821445403,0.7989470670713286,64774.0,31.506335881997074,166500864.0,,,,,,
receiver_loso_23,24-16,X310,829,P0_WIDE,4472,0.93177787323079042,0.92900867248239039,0.93671735241502685,0.0092306666755931008,0.8463277975291111,0.8378089247946243,74827.0,38.17398448900349,166664704.0,,,,,,
receiver_loso_23,24-16,X310,829,P1,4472,0.90614955980291445,0.9033924645677428,0.91592128801431116,0.017379642932380899,0.8214498821305015,0.8084534652974499,73030.0,95.18998923699836,181449728.0,,,,,,
receiver_loso_23,24-16,X310,829,P2,4472,0.93061443724258197,0.92879198564666943,0.9369409660107334,0.0149666989998548,0.8286149981344103,0.8258488056338766,75143.0,99.11023983600172,185805312.0,,,,,,
receiver_loso_23,24-16,X310,829,P2_MISMATCHED_RX,4472,0.9196942977740824,0.9180297084942084,0.92687835420393561,0.021595076069715599,0.8177490265755805,0.8101952493467569,75143.0,2.800723925996863,80650240.0,,,,,,
receiver_loso_23,24-16,X310,829,P2_NULL,4472,0.95390704262359305,0.95507478388187117,0.95639534883720922,0.021527229876578999,0.8241745353986335,0.8162383787763795,75143.0,0.478400693005824,80650240.0,,,,,,
receiver_loso_23,24-16,X310,829,P2_SHUFFLED,4472,0.91589161404883457,0.91430798816662362,0.92330053667262957,0.0225648566187494,0.8237085580044966,0.816050485598976,75143.0,3.4791537760029314,80650240.0,,,,,,
receiver_loso_23,24-16,X310,829,RX_NORM,4472,0.8550041296200005,0.85343487299689913,0.86538461538461542,0.029716605357225999,0.8016981439715677,0.7884507064086775,64774.0,0.4234442859960836,71660544.0,,,,,,
receiver_loso_23,24-16,X310,829,SOURCE_NORM,4472,0.89123115018387156,0.89000128526902511,0.90384615384615397,0.0125590454127259,0.8017476130609511,0.7872483915108649,64774.0,36.66632511399803,166500864.0,,,,,,
receiver_loso_23,24-16,X310,829,T3A,4472,0.95040570409766278,0.9526100805831208,0.95169946332737043,0.2212502666830696,0.8216537003305064,0.8162815123517868,64774.0,0.5907439859947772,73746944.0,,,,,,
receiver_loso_23,24-16,X310,1829,DG_CORAL,4472,0.88617452290706089,0.88678041130512775,0.89333631484794274,0.019726677122983999,0.828468726159035,0.8242282777752222,64774.0,337.58460865300003,166500864.0,,,,,,
receiver_loso_23,24-16,X310,1829,DG_DANN,4472,0.83445479136814116,0.83801327926124836,0.85554561717352418,0.026120015834866402,0.808774086148,0.8036421730514608,70754.0,35.24604174600245,166447616.0,,,,,,
receiver_loso_23,24-16,X310,1829,DG_GROUPDRO,4472,0.8631713281058343,0.86275854085821591,0.86985688729874777,0.025358811420703301,0.7899475026899084,0.7873319172524261,64774.0,102.16585624699655,166501376.0,,,,,,
receiver_loso_23,24-16,X310,1829,P0,4472,0.8636678814168578,0.86507628789303226,0.88282647584973162,0.027553213477028,0.8240019869703664,0.8160522799293642,64774.0,42.79082582800038,166500864.0,,,,,,
receiver_loso_23,24-16,X310,1829,P0_WIDE,4472,0.78310325551322457,0.78426928948229824,0.79941860465116277,0.0561083325273182,0.8000220772943015,0.7957525077000757,74827.0,42.64065584299533,166664704.0,,,,,,
receiver_loso_23,24-16,X310,1829,P1,4472,0.84198431429242182,0.84198704740999508,0.85398032200357776,0.060205079315226902,0.7897945967789067,0.7847127617047119,73030.0,96.8029963470035,181449728.0,,,,,,
receiver_loso_23,24-16,X310,1829,P2,4472,0.82033302815708298,0.82426063476119926,0.84279964221824688,0.059446904311799602,0.8046760449890292,0.8012876021969814,75143.0,112.42812201400376,185805312.0,,,,,,
receiver_loso_23,24-16,X310,1829,P2_MISMATCHED_RX,4472,0.80094789679983958,0.80448170277983622,0.82267441860465118,0.0746122502217033,0.779909220441211,0.7724667738415708,75143.0,3.0083123850054108,80650240.0,,,,,,
receiver_loso_23,24-16,X310,1829,P2_NULL,4472,0.79374899015096656,0.79777212818132048,0.81686046511627908,0.070045816323891494,0.773362694560841,0.7689250713194941,75143.0,0.6007816060009645,80650240.0,,,,,,
receiver_loso_23,24-16,X310,1829,P2_SHUFFLED,4472,0.81904613112148705,0.82370099575987155,0.84212880143112701,0.060810408383367903,0.791972475379656,0.7852171071172268,75143.0,4.452237757002877,80650240.0,,,,,,
receiver_loso_23,24-16,X310,1829,RX_NORM,4472,0.8254025123598191,0.8294289523409053,0.84123434704830058,0.0620624116673558,0.8303113984081646,0.8260352363189964,64774.0,0.5291699200024595,71660544.0,,,,,,
receiver_loso_23,24-16,X310,1829,SOURCE_NORM,4472,0.88400336379592848,0.8830652937235407,0.89378354203935595,0.023373765294475001,0.8312505001559004,0.8270008413355224,64774.0,35.66639098399901,166500864.0,,,,,,
receiver_loso_23,24-16,X310,1829,T3A,4472,0.94747009519760883,0.95176315192092598,0.95035778175313057,0.15371853467710109,0.8519553424793805,0.8481374805566908,64774.0,0.8176935209994554,73746944.0,,,,,,
receiver_loso_23,24-16,X310,2829,DG_CORAL,4472,0.89333458303817048,0.89252180348204047,0.90272808586762077,0.0116007537222826,0.8215990052610983,0.8164140981428089,64774.0,287.2157053780029,166500864.0,,,,,,
receiver_loso_23,24-16,X310,2829,DG_DANN,4472,0.90231568430875175,0.90117558821702204,0.91368515205724521,0.0103947434087878,0.8199436481438392,0.815314057398592,70754.0,27.779779159995087,166447616.0,,,,,,
receiver_loso_23,24-16,X310,2829,DG_GROUPDRO,4472,0.88515339309881857,0.88427380335255357,0.89445438282647582,0.0100425561866681,0.7827357999377579,0.7791411913895948,64774.0,149.27488732399797,166501376.0,,,,,,
receiver_loso_23,24-16,X310,2829,P0,4472,0.93621076805425085,0.93405425493615279,0.9423076923076924,0.0144706234829049,0.837097765997351,0.8319544743370196,64774.0,38.31343796400324,166500864.0,,,,,,
receiver_loso_23,24-16,X310,2829,P0_WIDE,4472,0.87467747259767348,0.87450027784612561,0.88841681574239717,0.0246836277581284,0.7917856007039479,0.7885222152770185,74827.0,37.94311914600257,166664704.0,,,,,,
receiver_loso_23,24-16,X310,2829,P1,4472,0.81287928709463697,0.8149303224681228,0.8273703041144902,0.064151693348754493,0.7837174949341086,0.7762082518954356,73030.0,76.482870646003,178401792.0,,,,,,
receiver_loso_23,24-16,X310,2829,P2,4472,0.82300447039813374,0.83541913175692972,0.86270125223613592,0.071859765497964204,0.808077286781833,0.8047862597502197,75143.0,110.15206483299698,182013952.0,,,,,,
receiver_loso_23,24-16,X310,2829,P2_MISMATCHED_RX,4472,0.85488860437554859,0.85862451033575782,0.87813059033989271,0.040170882676922898,0.8032165604648295,0.7999934200476962,75143.0,2.7583759289991576,80650240.0,,,,,,
receiver_loso_23,24-16,X310,2829,P2_NULL,4472,0.81275411560523836,0.83416883114292573,0.86404293381037567,0.043720906643673299,0.784039287617382,0.7775892647790389,75143.0,0.5547539019971737,80650240.0,,,,,,
receiver_loso_23,24-16,X310,2829,P2_SHUFFLED,4472,0.82522033090128488,0.83954102053845148,0.86627906976744184,0.061513957409238103,0.7904881711009922,0.7832841872026416,75143.0,3.519902407999325,80650240.0,,,,,,
receiver_loso_23,24-16,X310,2829,RX_NORM,4472,0.8682272292392833,0.86938033632306855,0.8823792486583184,0.036801235247170098,0.8253010841188994,0.8171171765208919,64774.0,0.482892666994303,71660544.0,,,,,,
receiver_loso_23,24-16,X310,2829,SOURCE_NORM,4472,0.8972737980121277,0.89604545325890805,0.90809481216457955,0.0218348594412393,0.835198035325447,0.8280702133236023,64774.0,35.4943864779998,166500864.0,,,,,,
receiver_loso_23,24-16,X310,2829,T3A,4472,0.97178833983228641,0.97449330750692098,0.97361359570661898,0.19597351486746331,0.8583344913811328,0.8551778320293436,64774.0,0.7141344750052667,73746944.0,,,,,,
receiver_loso_23,24-16,X310,3829,DG_CORAL,4472,0.74153137056672358,0.74295209468168277,0.75916815742397137,0.1010639787466666,0.7554136762665519,0.7505643016326852,64774.0,325.2175763569976,166500864.0,,,,,,
receiver_loso_23,24-16,X310,3829,DG_DANN,4472,0.76941937894035684,0.78066896750802661,0.80232558139534882,0.050680438892945802,0.7531035251563108,0.7425512952199628,70754.0,34.92077475399856,166447616.0,,,,,,
receiver_loso_23,24-16,X310,3829,DG_GROUPDRO,4472,0.72388118996758954,0.73141647092500828,0.73635957066189628,0.098451778112722405,0.7241847393401519,0.7193074442538444,64774.0,144.88673781599937,166501376.0,,,,,,
receiver_loso_23,24-16,X310,3829,P0,4472,0.79816595192517037,0.80116686224412781,0.81663685152057242,0.031097516943975501,0.7669580891063913,0.7601054909833307,64774.0,34.39822853499936,166500864.0,,,,,,
receiver_loso_23,24-16,X310,3829,P0_WIDE,4472,0.78348205450276076,0.78719942627908479,0.80187835420393561,0.054792160987987198,0.774698560996705,0.7669046640315335,74827.0,36.58743322100054,166664704.0,,,,,,
receiver_loso_23,24-16,X310,3829,P1,4472,0.77064135471057782,0.78132209338066927,0.80299642218246869,0.10034874754696289,0.7724487083233558,0.7659937580262163,73030.0,95.01850720999936,181449728.0,,,,,,
receiver_loso_23,24-16,X310,3829,P2,4472,0.8623391345664243,0.86336548868996188,0.87567084078711988,0.0297029418920788,0.7974889869355509,0.7908991161909894,75143.0,104.37330191899672,185805312.0,,,,,,
receiver_loso_23,24-16,X310,3829,P2_MISMATCHED_RX,4472,0.85696711691187499,0.85880938157361963,0.86784436493738815,0.0348705526554626,0.796430501982876,0.7954112657078443,75143.0,2.8406023269999423,80650240.0,,,,,,
receiver_loso_23,24-16,X310,3829,P2_NULL,4472,0.82742598945262247,0.83136865665841453,0.84458855098389984,0.015913747154402798,0.7802383777441526,0.7728786822970131,75143.0,0.5653974259985262,80650240.0,,,,,,
receiver_loso_23,24-16,X310,3829,P2_SHUFFLED,4472,0.84742601441237542,0.84967345221139734,0.86314847942754924,0.034349172277799198,0.7887399822551879,0.7835708859056442,75143.0,3.6371745209980872,80650240.0,,,,,,
receiver_loso_23,24-16,X310,3829,RX_NORM,4472,0.77425845530141268,0.7743488325951281,0.78309481216457966,0.0776715226777977,0.7658650957459378,0.759568687256326,64774.0,0.5218187459977344,71660544.0,,,,,,
receiver_loso_23,24-16,X310,3829,SOURCE_NORM,4472,0.77025346534461647,0.77057071378245201,0.78018783542039361,0.079963758267955307,0.7680460571168176,0.7618644170785916,64774.0,32.861396913001954,166500864.0,,,,,,
receiver_loso_23,24-16,X310,3829,T3A,4472,0.89545452217994004,0.90092722759439736,0.89803220035778175,0.27785338020228739,0.8019937844124767,0.7980624111356726,64774.0,0.6767708920015139,73746944.0,,,,,,
receiver_loso_23,24-16,X310,4829,DG_CORAL,4472,0.83617986380587672,0.84747256354693568,0.87276386404293382,0.034163504725652001,0.8207526159808363,0.814059417447529,64774.0,308.5460430950043,166500864.0,,,,,,
receiver_loso_23,24-16,X310,4829,DG_DANN,4472,0.92159960774086025,0.92171018852798359,0.92687835420393561,0.0154016556181612,0.8391782351901806,0.8365507001901439,70754.0,34.67987738300144,166447616.0,,,,,,
receiver_loso_23,24-16,X310,4829,DG_GROUPDRO,4472,0.79037206356760814,0.80360504194639082,0.82804114490161007,0.034631717350327197,0.7831230155851604,0.7766847201838608,64774.0,76.01549858199724,166501376.0,,,,,,
receiver_loso_23,24-16,X310,4829,P0,4472,0.90448925355754883,0.90356656263430324,0.91815742397137756,0.0132966714016493,0.8254366021979928,0.8188547113717624,64774.0,33.65349410199997,166500864.0,,,,,,
receiver_loso_23,24-16,X310,4829,P0_WIDE,4472,0.84663403651082769,0.85653735491289729,0.88148479427549198,0.039836218537286201,0.8136091408056604,0.8090753643253654,74827.0,36.69773182600329,166664704.0,,,,,,
receiver_loso_23,24-16,X310,4829,P1,4472,0.81555533264440205,0.82226108167444789,0.84190518783542034,0.0464883927515772,0.7847158811371816,0.7805606269499857,73030.0,82.1884488029973,181449728.0,,,,,,
receiver_loso_23,24-16,X310,4829,P2,4472,0.82571977837443844,0.83271797942702885,0.85465116279069764,0.038017204747750201,0.7769212346508682,0.7735888198791301,75143.0,84.82010343000002,185805312.0,,,,,,
receiver_loso_23,24-16,X310,4829,P2_MISMATCHED_RX,4472,0.83799825165089137,0.83978476990508566,0.8564400715563506,0.035617323662279203,0.7780188034039389,0.7728639070237295,75143.0,2.8742949849984143,80650240.0,,,,,,
receiver_loso_23,24-16,X310,4829,P2_NULL,4472,0.7632230951810608,0.77156475718949347,0.79472271914132375,0.042993309672701902,0.7508784168545887,0.7467929183432341,75143.0,0.6813960040017264,80650240.0,,,,,,
receiver_loso_23,24-16,X310,4829,P2_SHUFFLED,4472,0.83502504590237125,0.83955363864730848,0.85934704830053665,0.036641884088676101,0.7739790217145718,0.7695460941039242,75143.0,3.6433824639971135,80650240.0,,,,,,
receiver_loso_23,24-16,X310,4829,RX_NORM,4472,0.90414029974456778,0.90338749370120119,0.91793381037567079,0.010408466878432001,0.8332640298119228,0.822293718877532,64774.0,0.5482264259990188,71660544.0,,,,,,
receiver_loso_23,24-16,X310,4829,SOURCE_NORM,4472,0.91655035165207277,0.91507104626316804,0.92732558139534882,0.013058710796675199,0.8334100238758451,0.8230178924769073,64774.0,35.529566624994914,166500864.0,,,,,,
receiver_loso_23,24-16,X310,4829,T3A,4472,0.9641247697727624,0.96660908876537899,0.96578711985688726,0.19199881988889089,0.8428519278351274,0.84069458800276,64774.0,0.7369848889939021,73746944.0,,,,,,
receiver_loso_24,24-5,X310,829,DG_CORAL,3962,0.54731699843514614,0.57897720428956456,0.63579000504795558,0.18061663533839711,0.8930237072838735,0.8889881072636894,64774.0,297.63355834999675,166500864.0,,,,,,
receiver_loso_24,24-5,X310,829,DG_DANN,3962,0.5376992100084772,0.56497069607785289,0.6388187783947501,0.1660762630188663,0.896121351024289,0.8934783496544321,70754.0,36.26765997799521,166447616.0,,,,,,
receiver_loso_24,24-5,X310,829,DG_GROUPDRO,3962,0.54234028427384173,0.56012973733527627,0.63301362948006057,0.1294748900681057,0.8466059262370305,0.8396651181244351,64774.0,91.83911288699892,166501376.0,,,,,,
receiver_loso_24,24-5,X310,829,P0,3962,0.55033102578010507,0.58001858931498318,0.65446744068652196,0.15757476050239319,0.911683008729371,0.9092044699241248,64774.0,26.479615478005144,166500864.0,,,,,,
receiver_loso_24,24-5,X310,829,P0_WIDE,3962,0.58272896737689195,0.60767415216770027,0.70242301867743562,0.16650817979170421,0.9082423548247558,0.906175096546365,74827.0,29.32604012399679,166664704.0,,,,,,
receiver_loso_24,24-5,X310,829,P1,3962,0.59342981990256105,0.61343322284692436,0.70519939424533062,0.16628434637665809,0.9132942174276054,0.912670298200701,73030.0,97.68081870899914,181449728.0,,,,,,
receiver_loso_24,24-5,X310,829,P2,3962,0.56523989600876157,0.58203153028059873,0.65673902069661783,0.2056250271699093,0.8778661188755091,0.8752252068411798,75143.0,97.36003902000084,185805312.0,,,,,,
receiver_loso_24,24-5,X310,829,P2_MISMATCHED_RX,3962,0.55686685492180854,0.57868732599339401,0.66834931852599699,0.2020438630801448,0.8633792215105088,0.858041528249792,75143.0,2.68723237800441,80650240.0,,,,,,
receiver_loso_24,24-5,X310,829,P2_NULL,3962,0.54407643964379526,0.55690649992898889,0.64487632508833925,0.18880889048740629,0.8702000977732413,0.865999814903529,75143.0,0.5059582050016616,80650240.0,,,,,,
receiver_loso_24,24-5,X310,829,P2_SHUFFLED,3962,0.54482745112297726,0.56947903123265198,0.66733972741039882,0.20470817208831679,0.8666376288508947,0.8603422652456153,75143.0,3.47308972600149,80650240.0,,,,,,
receiver_loso_24,24-5,X310,829,RX_NORM,3962,0.53684118927246105,0.56007541605807165,0.64664310954063609,0.19670757710753151,0.8787127268957925,0.8756662461284613,64774.0,0.4259647479993873,71660544.0,,,,,,
receiver_loso_24,24-5,X310,829,SOURCE_NORM,3962,0.53226857442178355,0.55503805672354622,0.64462392730943963,0.19864930311788639,0.8966344583334739,0.8943246803448455,64774.0,36.86489145299856,166500864.0,,,,,,
receiver_loso_24,24-5,X310,829,T3A,3962,0.61181359156385207,0.66481536600861768,0.67995961635537605,0.12171580528502871,0.9270555286244418,0.9277221420757704,64774.0,0.6486434109974653,73746944.0,,,,,,
receiver_loso_24,24-5,X310,1829,DG_CORAL,3962,0.55898893172282305,0.59048842901725895,0.6832407874810702,0.1650085169248422,0.8890001466444595,0.8845746636949755,64774.0,327.63226101799955,166500864.0,,,,,,
receiver_loso_24,24-5,X310,1829,DG_DANN,3962,0.52304018439408939,0.5536536456614628,0.6415951539626451,0.1879150254378289,0.8595755336130227,0.8535443238741376,70754.0,28.0119417599999,166447616.0,,,,,,
receiver_loso_24,24-5,X310,1829,DG_GROUPDRO,3962,0.52020987841378352,0.54189196936552708,0.62973245835436653,0.17681212339255009,0.8384245556116063,0.8303601069022138,64774.0,137.36140559900377,166501376.0,,,,,,
receiver_loso_24,24-5,X310,1829,P0,3962,0.55428581339035354,0.58306166631650069,0.66834931852599699,0.19308775523842009,0.8862506656010986,0.8821762808775232,64774.0,28.527318927001037,166500864.0,,,,,,
receiver_loso_24,24-5,X310,1829,P0_WIDE,3962,0.56478374414190435,0.58986868777056678,0.67642604745078239,0.17630715751319989,0.8885703249236979,0.8848315514617774,74827.0,29.62794727399887,166664704.0,,,,,,
receiver_loso_24,24-5,X310,1829,P1,3962,0.5623229453704669,0.57295440835886391,0.67062089853609286,0.15386709795793699,0.8778826580258633,0.8727996882106802,73030.0,96.72133471900452,181449728.0,,,,,,
receiver_loso_24,24-5,X310,1829,P2,3962,0.58751891331963146,0.61750399336130035,0.71529530540131248,0.1606293684271235,0.8860636521360595,0.8813372634535348,75143.0,101.33627517199784,185805312.0,,,,,,
receiver_loso_24,24-5,X310,1829,P2_MISMATCHED_RX,3962,0.56977737031525355,0.60217907412016058,0.70292781423523476,0.1864215827113086,0.8818996683722368,0.8760774140563025,75143.0,2.889275806999649,80650240.0,,,,,,
receiver_loso_24,24-5,X310,1829,P2_NULL,3962,0.57534100362591756,0.60977914895163965,0.71605249873801113,0.14320449833464349,0.8724556121511212,0.8701844833700599,75143.0,0.590478173995507,80650240.0,,,,,,
receiver_loso_24,24-5,X310,1829,P2_SHUFFLED,3962,0.57407366583162356,0.60444692345079465,0.70368500757193342,0.17990800868842041,0.8801245081976478,0.8745538000143837,75143.0,3.639663856003608,80650240.0,,,,,,
receiver_loso_24,24-5,X310,1829,RX_NORM,3962,0.52635511371850174,0.54800140492469696,0.6388187783947501,0.2057230658810407,0.8863103606232663,0.8814937418050368,64774.0,0.4928204529933282,71660544.0,,,,,,
receiver_loso_24,24-5,X310,1829,SOURCE_NORM,3962,0.52913281929260703,0.5512086513283716,0.64058556284704693,0.2045179367749935,0.8945364372299416,0.8907793233005168,64774.0,36.28908171099465,166500864.0,,,,,,
receiver_loso_24,24-5,X310,1829,T3A,3962,0.58953515042395643,0.64071107595480381,0.67314487632508835,0.097882328413009395,0.9098141429255484,0.9098611017293085,64774.0,0.627877040002204,73746944.0,,,,,,
receiver_loso_24,24-5,X310,2829,DG_CORAL,3962,0.53810891198290423,0.5621519287875939,0.65598182735991928,0.21332444827524111,0.9009682660652536,0.897489457598874,64774.0,305.3142614399985,166500864.0,,,,,,
receiver_loso_24,24-5,X310,2829,DG_DANN,3962,0.53449479640546016,0.56460102223820918,0.64891468955073195,0.196820961257865,0.8901665339542101,0.8873277828566146,70754.0,26.589630545000546,166447616.0,,,,,,
receiver_loso_24,24-5,X310,2829,DG_GROUPDRO,3962,0.55385213089797658,0.58582264021730668,0.67390206966178701,0.11663088673732309,0.8737609966097203,0.8706769526943722,64774.0,84.53298338700552,166501376.0,,,,,,
receiver_loso_24,24-5,X310,2829,P0,3962,0.55858670767810736,0.5886035245775656,0.67314487632508835,0.18003067289230379,0.907877085389716,0.904936233338436,64774.0,31.12829561499529,166500864.0,,,,,,
receiver_loso_24,24-5,X310,2829,P0_WIDE,3962,0.4866581658178934,0.52015022526314225,0.59868753154972232,0.2477976030800331,0.8728353567237274,0.8663905975991156,74827.0,30.740972366998903,166664704.0,,,,,,
receiver_loso_24,24-5,X310,2829,P1,3962,0.51797930853115381,0.540545662112212,0.63250883392226154,0.23211116644994351,0.8854119431896762,0.8804394170851296,73030.0,99.02732924200244,178401792.0,,,,,,
receiver_loso_24,24-5,X310,2829,P2,3962,0.56822739724003812,0.59392233411215134,0.67163048965169103,0.20987289716714799,0.8875631450216893,0.8841841914792443,75143.0,101.7900626920018,182013952.0,,,,,,
receiver_loso_24,24-5,X310,2829,P2_MISMATCHED_RX,3962,0.56509980260650516,0.5924207634712334,0.67188288743059066,0.21085998029314101,0.8651019541025641,0.8604440723828821,75143.0,2.7550008580001304,80650240.0,,,,,,
receiver_loso_24,24-5,X310,2829,P2_NULL,3962,0.54765531305549053,0.57622919786183735,0.67062089853609286,0.18516600486652701,0.8807276887335305,0.8757641877134454,75143.0,0.5786450339946896,80650240.0,,,,,,
receiver_loso_24,24-5,X310,2829,P2_SHUFFLED,3962,0.56017345920464356,0.58704597127192348,0.67541645633518421,0.2037737640518843,0.8731890217303516,0.8662313258525467,75143.0,3.7076688239976647,80650240.0,,,,,,
receiver_loso_24,24-5,X310,2829,RX_NORM,3962,0.5606336963950217,0.59200508531777007,0.6751640585562847,0.18012544588721319,0.8915639212588515,0.8882541318115081,64774.0,0.4858603719985694,71660544.0,,,,,,
receiver_loso_24,24-5,X310,2829,SOURCE_NORM,3962,0.57457303353163836,0.603734198368026,0.68500757193336703,0.17346746085615,0.9109334356101416,0.9098038490310616,64774.0,38.15819653200015,166500864.0,,,,,,
receiver_loso_24,24-5,X310,2829,T3A,3962,0.61743516057763059,0.68704908216321803,0.69813225643614341,0.094494205383806706,0.92908982195048,0.9293247122291026,64774.0,0.5991911949968198,73746944.0,,,,,,
receiver_loso_24,24-5,X310,3829,DG_CORAL,3962,0.56350859114655727,0.58971168994687306,0.68702675416456338,0.1527379962537157,0.8497016817310047,0.8406563023920928,64774.0,337.2166928269944,166500864.0,,,,,,
receiver_loso_24,24-5,X310,3829,DG_DANN,3962,0.55426501557482843,0.57917551530571831,0.66885411408379603,0.15726795920078221,0.8341543038498163,0.8256803761987509,70754.0,38.46255137699336,166447616.0,,,,,,
receiver_loso_24,24-5,X310,3829,DG_GROUPDRO,3962,0.55211673097585834,0.5725969536670753,0.6590106007067138,0.1343893350103417,0.8007171761572017,0.7918970932293351,64774.0,136.88208699999814,166501376.0,,,,,,
receiver_loso_24,24-5,X310,3829,P0,3962,0.56005645433921147,0.58029625958647968,0.66809692074709748,0.1822143482370607,0.845432545669715,0.8349003405426503,64774.0,31.92894056300429,166500864.0,,,,,,
receiver_loso_24,24-5,X310,3829,P0_WIDE,3962,0.56144583306630857,0.59703102045160172,0.70141342756183744,0.1557035632299871,0.864158012160302,0.8568016240375863,74827.0,42.19512203799968,166664704.0,,,,,,
receiver_loso_24,24-5,X310,3829,P1,3962,0.5892722101047404,0.61017419293574016,0.70292781423523476,0.17961547346592921,0.8576455765169007,0.8484565561580862,73030.0,100.07966290199693,181449728.0,,,,,,
receiver_loso_24,24-5,X310,3829,P2,3962,0.55982013827323474,0.58915188237047189,0.67264008076728921,0.2252993814229724,0.8834069313881954,0.8798553996694882,75143.0,102.17020525100088,185805312.0,,,,,,
receiver_loso_24,24-5,X310,3829,P2_MISMATCHED_RX,3962,0.5473482319638604,0.57570441084443003,0.65270065623422513,0.2274909672909827,0.8568332062955663,0.8416992471751102,75143.0,2.773914229001093,80650240.0,,,,,,
receiver_loso_24,24-5,X310,3829,P2_NULL,3962,0.53097914244796363,0.56481568636529211,0.64437152953054011,0.2136731935699801,0.8698549932289245,0.8656495734644905,75143.0,0.5778935179987457,80650240.0,,,,,,
receiver_loso_24,24-5,X310,3829,P2_SHUFFLED,3962,0.54994253418134742,0.58104432088780633,0.66708732963149919,0.231626749557717,0.868171380173601,0.8612749529653714,75143.0,3.447450697000022,80650240.0,,,,,,
receiver_loso_24,24-5,X310,3829,RX_NORM,3962,0.58237567244863309,0.6088674731309287,0.69964664310954061,0.13787424829137379,0.850570058294737,0.8400117218656279,64774.0,0.472324527996534,71660544.0,,,,,,
receiver_loso_24,24-5,X310,3829,SOURCE_NORM,3962,0.58344971373575716,0.61012983281341893,0.69914184755174158,0.1382243889884657,0.8517872144315203,0.8408917996937207,64774.0,42.86815327099612,166500864.0,,,,,,
receiver_loso_24,24-5,X310,3829,T3A,3962,0.58787648797130299,0.63384302484313915,0.66203937405350832,0.14947952821301669,0.8810809590148981,0.8802200530278146,64774.0,0.7105417409984511,73746944.0,,,,,,
receiver_loso_24,24-5,X310,4829,DG_CORAL,3962,0.56837065821133026,0.59720332197420256,0.69459868753154974,0.17266112154162569,0.9042355486629368,0.9006606372983096,64774.0,342.58872180300386,166500864.0,,,,,,
receiver_loso_24,24-5,X310,4829,DG_DANN,3962,0.55847766722422776,0.58914505247821636,0.67895002523977788,0.15986044600357729,0.8951753038419762,0.8914100452533638,70754.0,34.6753511900024,166447616.0,,,,,,
receiver_loso_24,24-5,X310,4829,DG_GROUPDRO,3962,0.57261691905246581,0.60321932114893639,0.69560827864714792,0.1185708328073582,0.8672658498958858,0.8561820657288984,64774.0,118.2370862539974,166501376.0,,,,,,
receiver_loso_24,24-5,X310,4829,P0,3962,0.57577188185954287,0.60556289049577205,0.70848056537102477,0.1691593822131309,0.9124837524226194,0.9092387731045584,64774.0,44.54341589600517,166500864.0,,,,,,
receiver_loso_24,24-5,X310,4829,P0_WIDE,3962,0.58144409484421666,0.60821805182069,0.69737506309944475,0.1485226442496744,0.9012054339135964,0.8964556695968455,74827.0,42.15163705099985,166664704.0,,,,,,
receiver_loso_24,24-5,X310,4829,P1,3962,0.55073217985082146,0.57187497163491585,0.66052498738011101,0.2213477550778708,0.9023571959356592,0.8994966537999,73030.0,98.09403738199762,181449728.0,,,,,,
receiver_loso_24,24-5,X310,4829,P2,3962,0.6017546106995979,0.62776233747035948,0.69384149419485108,0.1818092373293316,0.8929622080011729,0.8863715966722011,75143.0,101.9881270390033,185805312.0,,,,,,
receiver_loso_24,24-5,X310,4829,P2_MISMATCHED_RX,3962,0.59340845139442422,0.62693892524861683,0.69914184755174158,0.1745458169793733,0.862795908465687,0.8479296603680279,75143.0,2.6366617210005643,80650240.0,,,,,,
receiver_loso_24,24-5,X310,4829,P2_NULL,3962,0.57300212403580464,0.5995695901623298,0.68929833417465924,0.17573909088781181,0.8854133121316267,0.8743926133146229,75143.0,0.5340265650011133,80650240.0,,,,,,
receiver_loso_24,24-5,X310,4829,P2_SHUFFLED,3962,0.58525387445747423,0.62080826969925118,0.69182231196365473,0.1898432537642529,0.8873213010281544,0.8795379785156797,75143.0,3.4110611510041053,80650240.0,,,,,,
receiver_loso_24,24-5,X310,4829,RX_NORM,3962,0.5698663334502746,0.6008044176313514,0.70292781423523476,0.1611518060119991,0.9059305674133136,0.9030141617824232,64774.0,0.4846709670018754,71660544.0,,,,,,
receiver_loso_24,24-5,X310,4829,SOURCE_NORM,3962,0.56686776978920028,0.59845638161191583,0.70015143866733975,0.16456680750904029,0.9110262572488436,0.9088888666752372,64774.0,35.33393458399951,166500864.0,,,,,,
receiver_loso_24,24-5,X310,4829,T3A,3962,0.60639996636962545,0.64357924857768267,0.71075214538112064,0.1199537443014963,0.9231808567787302,0.9234461300724446,64774.0,0.687592513000709,73746944.0,,,,,,
receiver_loso_25,24-6,X310,829,DG_CORAL,4225,0.87424087107069592,0.88088925026656462,0.88591715976331364,0.025636758060144899,0.8662781012104963,0.8542708510585605,64774.0,323.1519181129988,166500864.0,,,,,,
receiver_loso_25,24-6,X310,829,DG_DANN,4225,0.8373620752491403,0.83918154911605036,0.85112426035502964,0.035533381051565699,0.8582070165605314,0.8481716040592974,70754.0,41.78860836900276,166447616.0,,,,,,
receiver_loso_25,24-6,X310,829,DG_GROUPDRO,4225,0.80572847760260746,0.81116884573823145,0.82082840236686394,0.016165632376304001,0.8065523452673998,0.7880643336626664,64774.0,77.99098516400045,166501376.0,,,,,,
receiver_loso_25,24-6,X310,829,P0,4225,0.86297835870829731,0.87095769415328095,0.87218934911242607,0.037990660265352499,0.8680361236054069,0.8580972836601638,64774.0,35.902871853999386,166500864.0,,,,,,
receiver_loso_25,24-6,X310,829,P0_WIDE,4225,0.89426323931990226,0.89967526300931755,0.90485207100591725,0.0187675298177278,0.8615148632900348,0.8471635082806074,74827.0,33.25275043900183,166664704.0,,,,,,
receiver_loso_25,24-6,X310,829,P1,4225,0.90689620209727384,0.91815892097592677,0.91763313609467456,0.039214942405915103,0.902879538547848,0.8991656537378598,73030.0,88.96183867000218,181449728.0,,,,,,
receiver_loso_25,24-6,X310,829,P2,4225,0.88498953163087324,0.88877579146866104,0.89065088757396449,0.063217624052036403,0.8609015448614468,0.8519912836757527,75143.0,107.03094588800012,185805312.0,,,,,,
receiver_loso_25,24-6,X310,829,P2_MISMATCHED_RX,4225,0.8614860831036687,0.86296980916674004,0.86603550295857989,0.0726067859287092,0.8320306725866825,0.8164202044874411,75143.0,2.7509357359958813,80650240.0,,,,,,
receiver_loso_25,24-6,X310,829,P2_NULL,4225,0.83779265695415328,0.84697967992146861,0.84260355029585798,0.082316164963344096,0.8355095798054374,0.8217183035979995,75143.0,0.5519606040033977,80650240.0,,,,,,
receiver_loso_25,24-6,X310,829,P2_SHUFFLED,4225,0.85617510266338215,0.85749718041172274,0.85940828402366864,0.078882008544086599,0.8454147516070997,0.8322998693862177,75143.0,3.546221983997384,80650240.0,,,,,,
receiver_loso_25,24-6,X310,829,RX_NORM,4225,0.88411092051383677,0.89442927896229352,0.89443786982248519,0.0246645737893482,0.8497287691150385,0.8366758184589234,64774.0,0.515657055999327,71660544.0,,,,,,
receiver_loso_25,24-6,X310,829,SOURCE_NORM,4225,0.88278447945987126,0.89301368088152122,0.89349112426035504,0.0269213923053628,0.8732633960897417,0.8606077350064351,64774.0,45.78647391499908,166500864.0,,,,,,
receiver_loso_25,24-6,X310,829,T3A,4225,0.87666860831090221,0.8958662947673961,0.88686390532544379,0.1085306796061216,0.8880907199133424,0.8832536786194992,64774.0,0.708925637001812,73746944.0,,,,,,
receiver_loso_25,24-6,X310,1829,DG_CORAL,4225,0.87256684221873726,0.87084772561444146,0.88970414201183434,0.036909337431721402,0.8809029963542517,0.8734835267400373,64774.0,302.8848148479956,166500864.0,,,,,,
receiver_loso_25,24-6,X310,1829,DG_DANN,4225,0.82807393939588414,0.82367365414215243,0.8546745562130178,0.043609044975077602,0.8921630893938972,0.8889508326825998,70754.0,29.05281702100183,166447616.0,,,,,,
receiver_loso_25,24-6,X310,1829,DG_GROUPDRO,4225,0.85789632438612073,0.86679842091315529,0.87218934911242607,0.0166108193799589,0.8605566489083523,0.8524695627819022,64774.0,98.962916976001,166501376.0,,,,,,
receiver_loso_25,24-6,X310,1829,P0,4225,0.87169474488289811,0.87704025947097219,0.88639053254437872,0.028208315696941998,0.880545712241528,0.871452396781954,64774.0,37.7047590239963,166500864.0,,,,,,
receiver_loso_25,24-6,X310,1829,P0_WIDE,4225,0.8898078670774735,0.89501972553478337,0.89372781065088758,0.035624172285463697,0.8763600837446756,0.8713890031629203,74827.0,36.36566875499557,166664704.0,,,,,,
receiver_loso_25,24-6,X310,1829,P1,4225,0.85618345055183742,0.86822156849612053,0.86532544378698228,0.0640774878665539,0.8734468695156634,0.8680744295538775,73030.0,103.03127618000144,178401792.0,,,,,,
receiver_loso_25,24-6,X310,1829,P2,4225,0.88682920132280751,0.89507921160100568,0.89609467455621306,0.048296014010553501,0.8724598803374217,0.8666252754954286,75143.0,107.98160725399794,182013952.0,,,,,,
receiver_loso_25,24-6,X310,1829,P2_MISMATCHED_RX,4225,0.87176865754985411,0.86659008646875846,0.88710059171597633,0.044222663570437901,0.8699745432439053,0.8653652793035228,75143.0,2.767110474997025,80650240.0,,,,,,
receiver_loso_25,24-6,X310,1829,P2_NULL,4225,0.87574569906290245,0.88180368605391146,0.88355029585798817,0.043330708805625902,0.8431022383239087,0.8346449368008098,75143.0,0.5272966129996348,80650240.0,,,,,,
receiver_loso_25,24-6,X310,1829,P2_SHUFFLED,4225,0.88384318161498099,0.8845808181641025,0.89372781065088758,0.045037318796095703,0.8625997875998564,0.8558570190815765,75143.0,3.5126960199995665,80650240.0,,,,,,
receiver_loso_25,24-6,X310,1829,RX_NORM,4225,0.89327100896888556,0.89765146318758415,0.90532544378698221,0.028051073805114901,0.8758701268498457,0.8712157168216713,64774.0,0.4528414309970685,71660544.0,,,,,,
receiver_loso_25,24-6,X310,1829,SOURCE_NORM,4225,0.89540488456575495,0.89947859348915171,0.906508875739645,0.029426401800657798,0.8870254169320254,0.8816718142223774,64774.0,42.19549215999723,166500864.0,,,,,,
receiver_loso_25,24-6,X310,1829,T3A,4225,0.89195722193124105,0.90945234394078478,0.90485207100591725,0.1401524711466399,0.9091578643646044,0.9018137154002348,64774.0,0.6737472659951891,73746944.0,,,,,,
receiver_loso_25,24-6,X310,2829,DG_CORAL,4225,0.87729083356581128,0.88153005014854913,0.89065088757396449,0.0258276847410484,0.8576335445981628,0.8471282838680807,64774.0,309.329179114,166500864.0,,,,,,
receiver_loso_25,24-6,X310,2829,DG_DANN,4225,0.87736682359505413,0.87449408792945416,0.88615384615384618,0.020506928989873101,0.8612802553547496,0.8491262013467179,70754.0,32.043753895995906,166447616.0,,,,,,
receiver_loso_25,24-6,X310,2829,DG_GROUPDRO,4225,0.85587960559732545,0.85863447969513695,0.86579881656804736,0.0118655142911087,0.8460627724035192,0.8344664522595329,64774.0,98.93420827700174,166501376.0,,,,,,
receiver_loso_25,24-6,X310,2829,P0,4225,0.8811509560786206,0.89053490987818062,0.89207100591715971,0.034859871617435603,0.8678449987996896,0.8576681370493606,64774.0,40.33736459800275,166500864.0,,,,,,
receiver_loso_25,24-6,X310,2829,P0_WIDE,4225,0.88264936399664273,0.88476524811307644,0.89254437869822489,0.044268995840873897,0.8630520250185599,0.8531750176109082,74827.0,38.96522561999882,166664704.0,,,,,,
receiver_loso_25,24-6,X310,2829,P1,4225,0.88042734714276039,0.8901941174912773,0.89041420118343195,0.041216422735586698,0.8558771696766941,0.8468132696521126,73030.0,97.57104282700313,178401792.0,,,,,,
receiver_loso_25,24-6,X310,2829,P2,4225,0.90894889279840363,0.91463006048573181,0.92118343195266283,0.0372956289483245,0.8674076643133418,0.8593085026381865,75143.0,108.92645619399993,182013952.0,,,,,,
receiver_loso_25,24-6,X310,2829,P2_MISMATCHED_RX,4225,0.86204594846266114,0.85551862469457707,0.8913609467455621,0.049787270888774299,0.8636165531595371,0.8532176458249617,75143.0,2.6290091090049827,80650240.0,,,,,,
receiver_loso_25,24-6,X310,2829,P2_NULL,4225,0.88448038568454901,0.88454013810174159,0.89798816568047335,0.040724479143436097,0.859807358317541,0.850161557528616,75143.0,0.529815478999808,80650240.0,,,,,,
receiver_loso_25,24-6,X310,2829,P2_SHUFFLED,4225,0.8692444986942055,0.86378970928671039,0.8951479289940828,0.0447389551027286,0.8655248614543983,0.8555741756962947,75143.0,3.456616452000162,80650240.0,,,,,,
receiver_loso_25,24-6,X310,2829,RX_NORM,4225,0.87635814306833659,0.88154592424232925,0.88544378698224857,0.029433139576714399,0.8648361104324778,0.8574346041218716,64774.0,0.4394852139957947,71660544.0,,,,,,
receiver_loso_25,24-6,X310,2829,SOURCE_NORM,4225,0.87343407504571113,0.87828359255302191,0.88331360946745563,0.032667307352878601,0.8704288588459418,0.8628709839851104,64774.0,40.07365016199765,166500864.0,,,,,,
receiver_loso_25,24-6,X310,2829,T3A,4225,0.88398171400873038,0.90414712517748441,0.89585798816568052,0.094514830916590895,0.9003035895061764,0.8971845817235552,64774.0,0.5822667650063522,73746944.0,,,,,,
receiver_loso_25,24-6,X310,3829,DG_CORAL,4225,0.88613733993185961,0.88315184602260788,0.90130177514792897,0.0086077878602158001,0.8806944548189352,0.8735029225681648,64774.0,336.69205487800355,166500864.0,,,,,,
receiver_loso_25,24-6,X310,3829,DG_DANN,4225,0.84567105257058317,0.83987144093570076,0.86556213017751482,0.030335804968190602,0.8651074902574427,0.8606256978021937,70754.0,33.798776171999634,166447616.0,,,,,,
receiver_loso_25,24-6,X310,3829,DG_GROUPDRO,4225,0.88572758310618138,0.89240764016564611,0.89230769230769236,0.022662725462715999,0.8091175664660336,0.7968053733568005,64774.0,107.8588196579949,166501376.0,,,,,,
receiver_loso_25,24-6,X310,3829,P0,4225,0.89527378713202532,0.89391587367682013,0.90887573964497037,0.0140086157858019,0.8591439288079951,0.8463101147686527,64774.0,34.40070675699826,166500864.0,,,,,,
receiver_loso_25,24-6,X310,3829,P0_WIDE,4225,0.87994519886137812,0.88284797615461141,0.89183431952662717,0.036395924482825102,0.8915476527903086,0.8882023887160423,74827.0,41.40827097400325,166664704.0,,,,,,
receiver_loso_25,24-6,X310,3829,P1,4225,0.91928723096269638,0.92922134141820356,0.93065088757396441,0.0212409139455422,0.8874335664455367,0.8783976259248137,73030.0,96.99387332699553,181449728.0,,,,,,
receiver_loso_25,24-6,X310,3829,P2,4225,0.86201964679767906,0.88201068050577902,0.87573964497041423,0.063752716779708798,0.8823971641677378,0.8793002117277071,75143.0,97.18775125999672,185805312.0,,,,,,
receiver_loso_25,24-6,X310,3829,P2_MISMATCHED_RX,4225,0.80234962721716807,0.80637827754768798,0.80994082840236692,0.1008808847715163,0.8675962030047364,0.8612563476066227,75143.0,2.7906518089948804,80650240.0,,,,,,
receiver_loso_25,24-6,X310,3829,P2_NULL,4225,0.75756404278610623,0.77520288074526389,0.7592899408284024,0.13049148040763009,0.8382926389810258,0.833401814273549,75143.0,0.4736631449995911,80650240.0,,,,,,
receiver_loso_25,24-6,X310,3829,P2_SHUFFLED,4225,0.83862576272664047,0.84137042935037643,0.85207100591715978,0.069940137475199907,0.8733493005229884,0.8674279832680352,75143.0,3.5083510339973145,80650240.0,,,,,,
receiver_loso_25,24-6,X310,3829,RX_NORM,4225,0.89996091061851846,0.90101423865800645,0.91029585798816559,0.015372135191274,0.8622584805398535,0.8494559688570633,64774.0,0.4550525119993835,71660544.0,,,,,,
receiver_loso_25,24-6,X310,3829,SOURCE_NORM,4225,0.90102569936541244,0.90187584366684803,0.91124260355029585,0.0141785562496918,0.8632539142701784,0.8516860494535106,64774.0,42.35897373899934,166500864.0,,,,,,
receiver_loso_25,24-6,X310,3829,T3A,4225,0.91054483852774182,0.92819990363679483,0.92284023668639037,0.15034418559638699,0.8734197281290954,0.8647208949979782,64774.0,0.6647447869981988,73746944.0,,,,,,
receiver_loso_25,24-6,X310,4829,DG_CORAL,4225,0.91006680350051483,0.90776029399543323,0.91881656804733725,0.0092882061216253003,0.8482590274084839,0.8374252887491558,64774.0,300.846444599003,166500864.0,,,,,,
receiver_loso_25,24-6,X310,4829,DG_DANN,4225,0.90289951863463835,0.90187332255810004,0.91147928994082839,0.025310417293796801,0.8396009949607355,0.8262867622306698,70754.0,20.26242614399962,166447616.0,,,,,,
receiver_loso_25,24-6,X310,4829,DG_GROUPDRO,4225,0.85816367058522613,0.84851330736026076,0.87881656804733732,0.0268058948262908,0.8125703732422612,0.7973887534563944,64774.0,89.00571953999315,166501376.0,,,,,,
receiver_loso_25,24-6,X310,4829,P0,4225,0.91090424737687836,0.90717030724749881,0.91905325443786978,0.0076081003874716004,0.84313304547068,0.8303667272613593,64774.0,26.28226381499553,166500864.0,,,,,,
receiver_loso_25,24-6,X310,4829,P0_WIDE,4225,0.91944506072344523,0.91434010524148401,0.93183431952662721,0.020361843810984302,0.8914782312782342,0.8833119451715467,74827.0,41.44626309800515,166664704.0,,,,,,
receiver_loso_25,24-6,X310,4829,P1,4225,0.87725174222154934,0.87748921754207576,0.88923076923076927,0.053202325698186601,0.8574867719320087,0.8474484689096796,73030.0,89.4773548919984,181449728.0,,,,,,
receiver_loso_25,24-6,X310,4829,P2,4225,0.89957410101258317,0.90112202043246059,0.90982248520710063,0.0265860397646413,0.8539800838737462,0.8410756910290761,75143.0,96.94806511999924,185805312.0,,,,,,
receiver_loso_25,24-6,X310,4829,P2_MISMATCHED_RX,4225,0.86535992371271353,0.85551821524633909,0.89467455621301772,0.031966681995335401,0.8567702709293247,0.8478521813932316,75143.0,2.7703915539968875,80650240.0,,,,,,
receiver_loso_25,24-6,X310,4829,P2_NULL,4225,0.86048603759591835,0.8515072129307395,0.87976331360946747,0.035808103049295097,0.8341759614485964,0.8174883420079259,75143.0,0.4672160409973003,80650240.0,,,,,,
receiver_loso_25,24-6,X310,4829,P2_SHUFFLED,4225,0.87865040781276982,0.87037726284295613,0.90011834319526629,0.026709361489002499,0.8423211500551541,0.8272909917754303,75143.0,3.4798918809974566,80650240.0,,,,,,
receiver_loso_25,24-6,X310,4829,RX_NORM,4225,0.92256099346742881,0.91829534093211118,0.93325443786982243,0.0068762478391094003,0.861990120983417,0.8501589040088707,64774.0,0.5190321379996021,71660544.0,,,,,,
receiver_loso_25,24-6,X310,4829,SOURCE_NORM,4225,0.92308903839796319,0.91798321540776018,0.93349112426035519,0.0067924755776421998,0.8653108854597718,0.8537969123140257,64774.0,36.255026630999055,166500864.0,,,,,,
receiver_loso_25,24-6,X310,4829,T3A,4225,0.91409962075592477,0.92484319131055481,0.92378698224852085,0.14451231802709,0.8679505072356251,0.8620378249575283,64774.0,0.6469738539963146,73746944.0,,,,,,
receiver_loso_26,3-19,B210,829,DG_CORAL,4672,0.64855001793437361,0.67713686827846964,0.67658390410958902,0.18261150427621931,0.7853667638452803,0.7651583434039403,64774.0,275.73629533200074,166500864.0,,,,,,
receiver_loso_26,3-19,B210,829,DG_DANN,4672,0.61075377992985802,0.64142478431651395,0.6408390410958904,0.22221352468716771,0.7831021098032895,0.768499539507078,70754.0,32.3280918950004,166447616.0,,,,,,
receiver_loso_26,3-19,B210,829,DG_GROUPDRO,4672,0.67182376534254828,0.6944601104906315,0.69392123287671237,0.123414480873728,0.7498464473831113,0.7291277228926006,64774.0,67.32996568800081,166501376.0,,,,,,
receiver_loso_26,3-19,B210,829,P0,4672,0.66036962720986903,0.68463735740529141,0.68407534246575341,0.1801005859910319,0.7823883197570644,0.7671608655115052,64774.0,35.53702771399912,166500864.0,,,,,,
receiver_loso_26,3-19,B210,829,P0_WIDE,4672,0.69127297753151717,0.71135340844223416,0.7108304794520548,0.18068122620732599,0.7948109161107961,0.7776857180117108,74827.0,36.33919194100236,166664704.0,,,,,,
receiver_loso_26,3-19,B210,829,P1,4672,0.67464394877909217,0.68287852446343023,0.68257705479452058,0.19820507381698249,0.7940138219729462,0.7810002741048351,73030.0,103.02211641700342,181449728.0,,,,,,
receiver_loso_26,3-19,B210,829,P2,4672,0.69207251455531893,0.69774472360616591,0.69734589041095896,0.20377487240180581,0.8071259837457476,0.7960348445609182,75143.0,109.55662145400127,185805312.0,,,,,,
receiver_loso_26,3-19,B210,829,P2_MISMATCHED_RX,4672,0.67937472889883332,0.69532675311773984,0.69477739726027399,0.21595683743003499,0.7936297648202806,0.779708929570548,75143.0,2.908442763000494,80650240.0,,,,,,
receiver_loso_26,3-19,B210,829,P2_NULL,4672,0.66925361700783925,0.67481210539200909,0.67444349315068497,0.200160540729659,0.7857491152110679,0.771423779913076,75143.0,0.5652234420012974,80650240.0,,,,,,
receiver_loso_26,3-19,B210,829,P2_SHUFFLED,4672,0.69130412789808027,0.69871084003591166,0.69820205479452058,0.2090428858414955,0.7920309049029859,0.7787353331296146,75143.0,3.7758547230005206,80650240.0,,,,,,
receiver_loso_26,3-19,B210,829,RX_NORM,4672,0.66147342842209422,0.68540601532707113,0.68493150684931503,0.17204583540227111,0.78690652914073,0.7713272120080893,64774.0,0.5316266359986912,71660544.0,,,,,,
receiver_loso_26,3-19,B210,829,SOURCE_NORM,4672,0.6556653588782817,0.67962138318465026,0.67915239726027399,0.1700358654129995,0.7866340136362283,0.7701769439317233,64774.0,32.193061152000155,166500864.0,,,,,,
receiver_loso_26,3-19,B210,829,T3A,4672,0.72058783266746584,0.74255381785072627,0.74186643835616439,0.091815212955188005,0.8115570224840658,0.8027832156996455,64774.0,0.6945874369994272,73746944.0,,,,,,
receiver_loso_26,3-19,B210,1829,DG_CORAL,4672,0.53704637776267472,0.5456769611204787,0.54473458904109584,0.20228553196249449,0.7666810053274283,0.7519107894428577,64774.0,171.71802874599962,166500864.0,,,,,,
receiver_loso_26,3-19,B210,1829,DG_DANN,4672,0.4889216217571844,0.52560617919129826,0.52418664383561642,0.2363163871524778,0.7645871042122243,0.7477048429350764,70754.0,19.91758676000245,166447616.0,,,,,,
receiver_loso_26,3-19,B210,1829,DG_GROUPDRO,4672,0.6728787364660983,0.68109225946393082,0.68022260273972601,0.083380940124673203,0.7497430244685276,0.7336948157261869,64774.0,87.55053686300016,166501376.0,,,,,,
receiver_loso_26,3-19,B210,1829,P0,4672,0.54741765114445595,0.55466437172813077,0.55393835616438358,0.2501934096121472,0.7775070138144677,0.7643894474128642,64774.0,31.266751104998548,166500864.0,,,,,,
receiver_loso_26,3-19,B210,1829,P0_WIDE,4672,0.48338556131774468,0.50801270226715101,0.50684931506849318,0.2507712331389983,0.740068416119113,0.7251578927436308,74827.0,20.9058211340016,166664704.0,,,,,,
receiver_loso_26,3-19,B210,1829,P1,4672,0.59616920014354535,0.59646633310642716,0.59589041095890416,0.26190636665496508,0.7912784632718409,0.776764376797339,73030.0,89.93815981300213,181449728.0,,,,,,
receiver_loso_26,3-19,B210,1829,P2,4672,0.58767552648733001,0.5888235055365405,0.58861301369863017,0.2498035358029021,0.7628224927830732,0.7438006453586127,75143.0,111.32973306999702,185805312.0,,,,,,
receiver_loso_26,3-19,B210,1829,P2_MISMATCHED_RX,4672,0.54442363792688842,0.55366863481563822,0.55329623287671237,0.27753941722418352,0.7295004300417296,0.7090056034323916,75143.0,2.8351398539998627,80650240.0,,,,,,
receiver_loso_26,3-19,B210,1829,P2_NULL,4672,0.567206340583567,0.57522662395584656,0.5740582191780822,0.21726064261189371,0.7485420921800632,0.7272034411732724,75143.0,0.5365572390001034,80650240.0,,,,,,
receiver_loso_26,3-19,B210,1829,P2_SHUFFLED,4672,0.56981842313134468,0.57703497980771179,0.57662671232876717,0.25479023846835908,0.7564368139396064,0.7361241561356544,75143.0,3.6927127449998807,80650240.0,,,,,,
receiver_loso_26,3-19,B210,1829,RX_NORM,4672,0.51007726431699085,0.51842046429543776,0.51776541095890416,0.24776393811741509,0.7640584991923384,0.7512650130754808,64774.0,0.5188570899990737,71660544.0,,,,,,
receiver_loso_26,3-19,B210,1829,SOURCE_NORM,4672,0.51453788666985112,0.52272322340967192,0.52204623287671237,0.24432124711305209,0.7713883679604102,0.7586917360004674,64774.0,21.21837339200283,166500864.0,,,,,,
receiver_loso_26,3-19,B210,1829,T3A,4672,0.68758003333451423,0.69659632858922527,0.69584760273972601,0.13532416890885629,0.818145283081907,0.8150191748120513,64774.0,0.6840632630010077,73746944.0,,,,,,
receiver_loso_26,3-19,B210,2829,DG_CORAL,4672,0.66734750609670745,0.68323098673021676,0.6836472602739726,0.16605998590996821,0.7903363341794479,0.7806363174222147,64774.0,304.1537669190002,166500864.0,,,,,,
receiver_loso_26,3-19,B210,2829,DG_DANN,4672,0.65753918113037413,0.66960014051226924,0.66994863013698636,0.1505191662055376,0.7746746211210143,0.7650500067668285,70754.0,32.61125575799815,166447616.0,,,,,,
receiver_loso_26,3-19,B210,2829,DG_GROUPDRO,4672,0.6950657315242097,0.70073467018445079,0.70119863013698636,0.081662203440417094,0.7559730212433543,0.7409938044937419,64774.0,96.62021261999688,166501376.0,,,,,,
receiver_loso_26,3-19,B210,2829,P0,4672,0.67502541749002687,0.68728217196033581,0.6877140410958904,0.15781578110301331,0.7896648262544099,0.7811858565777037,64774.0,33.41472491699824,166500864.0,,,,,,
receiver_loso_26,3-19,B210,2829,P0_WIDE,4672,0.58086434165186485,0.60880120862985387,0.6095890410958904,0.228134652341346,0.7668397408389627,0.7515683743311062,74827.0,32.462505611998495,166664704.0,,,,,,
receiver_loso_26,3-19,B210,2829,P1,4672,0.52312331976159765,0.54673141674873094,0.5466609589041096,0.26133917927206168,0.728525050842442,0.7120883410983532,73030.0,65.15650600799927,178401792.0,,,,,,
receiver_loso_26,3-19,B210,2829,P2,4672,0.61445471721650402,0.61590710766248247,0.61622431506849318,0.2165490362142557,0.795384300668044,0.7861935531866219,75143.0,106.26881028799836,182013952.0,,,,,,
receiver_loso_26,3-19,B210,2829,P2_MISMATCHED_RX,4672,0.64205023023164609,0.64420534998038548,0.6446917808219178,0.19729112214345029,0.7872939957746455,0.7809463986431889,75143.0,2.7718344460008666,80650240.0,,,,,,
receiver_loso_26,3-19,B210,2829,P2_NULL,4672,0.65198763457097664,0.65307728945935872,0.65389554794520544,0.14493300713126681,0.790060038063081,0.7777465906920562,75143.0,0.5318925630017475,80650240.0,,,,,,
receiver_loso_26,3-19,B210,2829,P2_SHUFFLED,4672,0.60799452490756756,0.61510519379992157,0.61579623287671237,0.23084212921572569,0.780712347838007,0.7699482905464032,75143.0,3.4754075220007508,80650240.0,,,,,,
receiver_loso_26,3-19,B210,2829,RX_NORM,4672,0.6536655973540344,0.66741106545524609,0.6678082191780822,0.15528002261401039,0.7763317859948056,0.7631496083786898,64774.0,0.4625308989998302,71660544.0,,,,,,
receiver_loso_26,3-19,B210,2829,SOURCE_NORM,4672,0.6547254761434137,0.66781754372022017,0.66823630136986301,0.1541266940432052,0.7768764964589957,0.7639467548738307,64774.0,25.072988676998648,166500864.0,,,,,,
receiver_loso_26,3-19,B210,2829,T3A,4672,0.7115629285648426,0.71966912346735468,0.72024828767123283,0.091581181741051607,0.8200734691764154,0.8164750194228758,64774.0,0.6529238050025015,73746944.0,,,,,,
receiver_loso_26,3-19,B210,3829,DG_CORAL,4672,0.60840054504505525,0.61827897367706131,0.61772260273972601,0.1648725988821777,0.7710692658171721,0.7592985098183954,64774.0,262.6245892750012,166500864.0,,,,,,
receiver_loso_26,3-19,B210,3829,DG_DANN,4672,0.6092610139096587,0.6108831841067095,0.61065924657534243,0.14284274524894269,0.7683772882530849,0.7546613801036374,70754.0,36.12570864100053,166447616.0,,,,,,
receiver_loso_26,3-19,B210,3829,DG_GROUPDRO,4672,0.60206686881229399,0.61288293025097318,0.61279965753424659,0.1161417888496581,0.744985400763206,0.7314493179674039,64774.0,79.475172208,166501376.0,,,,,,
receiver_loso_26,3-19,B210,3829,P0,4672,0.61468807200042419,0.61949360528577524,0.61922089041095896,0.17927571994647989,0.766232101517216,0.7500729581165128,64774.0,31.231950354998844,166500864.0,,,,,,
receiver_loso_26,3-19,B210,3829,P0_WIDE,4672,0.5359877150312321,0.55480416183638814,0.5545804794520548,0.2246550424024463,0.7346432892140183,0.7194082508572159,74827.0,33.379909833001875,166664704.0,,,,,,
receiver_loso_26,3-19,B210,3829,P1,4672,0.59564910041286456,0.60263793993765546,0.60273972602739723,0.193478029489211,0.7678265044608193,0.7544378371507637,73030.0,81.95822443799989,181449728.0,,,,,,
receiver_loso_26,3-19,B210,3829,P2,4672,0.6020535564007653,0.620534707438683,0.6209332191780822,0.2382734801926433,0.7958676764087566,0.78904901984514,75143.0,103.86751218500284,185805312.0,,,,,,
receiver_loso_26,3-19,B210,3829,P2_MISMATCHED_RX,4672,0.57431110794662044,0.59679991356784534,0.59696061643835618,0.2601144180046267,0.7864468620551827,0.7769434881714302,75143.0,3.08635380099804,80650240.0,,,,,,
receiver_loso_26,3-19,B210,3829,P2_NULL,4672,0.51091849664348576,0.51740624908950705,0.51712328767123283,0.25840220629390681,0.7760111808805906,0.7613034037338285,75143.0,0.6155659789983474,80650240.0,,,,,,
receiver_loso_26,3-19,B210,3829,P2_SHUFFLED,4672,0.57023352659952176,0.5956513556478934,0.59589041095890416,0.2603154147222434,0.7854353583288192,0.7754825833300504,75143.0,3.727456003998668,80650240.0,,,,,,
receiver_loso_26,3-19,B210,3829,RX_NORM,4672,0.59997114323140421,0.60664192379309267,0.60637842465753422,0.1882700294524125,0.766176734422323,0.7539224019444298,64774.0,0.5315402529995481,71660544.0,,,,,,
receiver_loso_26,3-19,B210,3829,SOURCE_NORM,4672,0.60354224223959096,0.60964485597594686,0.609375,0.1848741333281034,0.7657348046257016,0.7529792705239632,64774.0,40.29276987100093,166500864.0,,,,,,
receiver_loso_26,3-19,B210,3829,T3A,4672,0.69359541710693851,0.69647420315832198,0.69584760273972601,0.17986089071858519,0.7872026373786847,0.7740277628443466,64774.0,0.6031379559972265,73746944.0,,,,,,
receiver_loso_26,3-19,B210,4829,DG_CORAL,4672,0.62009060889727108,0.62887783027618216,0.62970890410958902,0.17886377622577521,0.7872001725863521,0.7754183240698227,64774.0,312.6739712029994,166500864.0,,,,,,
receiver_loso_26,3-19,B210,4829,DG_DANN,4672,0.58794285922709155,0.59461744854082521,0.59524828767123283,0.18454820480618681,0.7725255447980465,0.7621585885623993,70754.0,21.648724268001388,166447616.0,,,,,,
receiver_loso_26,3-19,B210,4829,DG_GROUPDRO,4672,0.74041537985536132,0.74818849995397818,0.74892979452054798,0.065600812926327107,0.7567040306910607,0.7432147260969634,64774.0,131.4549832140001,166501376.0,,,,,,
receiver_loso_26,3-19,B210,4829,P0,4672,0.58974965494392351,0.59517526823131961,0.59589041095890416,0.21900663155845479,0.784094231491915,0.7730069184695569,64774.0,26.837717200000043,166500864.0,,,,,,
receiver_loso_26,3-19,B210,4829,P0_WIDE,4672,0.58261448063059673,0.59057943212610142,0.59118150684931503,0.24387943243914059,0.8014061377096323,0.7908574428631804,74827.0,37.22753726999872,166664704.0,,,,,,
receiver_loso_26,3-19,B210,4829,P1,4672,0.59450246758360725,0.59811223890419496,0.59888698630136983,0.22355627318308369,0.7954646908830788,0.7854550500799474,73030.0,87.33711822999976,181449728.0,,,,,,
receiver_loso_26,3-19,B210,4829,P2,4672,0.53050924277250622,0.54393423918657113,0.54516267123287676,0.29351341675915948,0.7494201031581004,0.7364984299842771,75143.0,107.71291316299904,185805312.0,,,,,,
receiver_loso_26,3-19,B210,4829,P2_MISMATCHED_RX,4672,0.52172946122720609,0.5390357203087327,0.54023972602739723,0.30602914781934798,0.7375622221581616,0.7217808314819929,75143.0,2.8226826039972366,80650240.0,,,,,,
receiver_loso_26,3-19,B210,4829,P2_NULL,4672,0.49993496766632189,0.53080669264119007,0.53253424657534243,0.27435581272225568,0.7262086214421742,0.7091000066176232,75143.0,0.5484728390001692,80650240.0,,,,,,
receiver_loso_26,3-19,B210,4829,P2_SHUFFLED,4672,0.51766218652712681,0.53361665486670706,0.53488869863013699,0.30823316711498661,0.7420419862886803,0.7243902047634521,75143.0,3.5242108209968137,80650240.0,,,,,,
receiver_loso_26,3-19,B210,4829,RX_NORM,4672,0.62931773828592152,0.63076921443243272,0.63163527397260277,0.1707200629808876,0.7846862816085628,0.7756597329837943,64774.0,0.4762935499966261,71660544.0,,,,,,
receiver_loso_26,3-19,B210,4829,SOURCE_NORM,4672,0.62994192438818009,0.62950950528513028,0.63035102739726023,0.1743556472619561,0.7840749581409776,0.7751316606617512,64774.0,26.591335643999628,166500864.0,,,,,,
receiver_loso_26,3-19,B210,4829,T3A,4672,0.69908666510160289,0.69989641442724781,0.70034246575342463,0.13109784086604839,0.8188843754829609,0.8116173567709065,64774.0,0.687443445000099,73746944.0,,,,,,
receiver_loso_27,7-14,N210,829,DG_CORAL,4672,0.71868940008876614,0.73545309233840162,0.73501712328767121,0.16480848355193251,0.8786395542420129,0.8741477718946503,64774.0,329.32409977299903,166500864.0,,,,,,
receiver_loso_27,7-14,N210,829,DG_DANN,4672,0.71548990708382032,0.74530689622656487,0.74486301369863017,0.1473687338540714,0.8832628868102441,0.8794332270544244,70754.0,36.05914481500077,166447616.0,,,,,,
receiver_loso_27,7-14,N210,829,DG_GROUPDRO,4672,0.66373431112984871,0.66906330070028808,0.66887842465753422,0.1662758525193043,0.8314021687658218,0.8264612920107589,64774.0,100.65463203600302,166501376.0,,,,,,
receiver_loso_27,7-14,N210,829,P0,4672,0.72980887229134328,0.73552944654277896,0.73523116438356162,0.15563946000415169,0.8817345228705517,0.876453251383321,64774.0,24.845204833000025,166500864.0,,,,,,
receiver_loso_27,7-14,N210,829,P0_WIDE,4672,0.70220187177705229,0.71867036995112021,0.71832191780821919,0.19544701366876699,0.8880340943318981,0.8837111895091012,74827.0,36.45504180900025,166664704.0,,,,,,
receiver_loso_27,7-14,N210,829,P1,4672,0.74773826258645482,0.76109147712079572,0.76070205479452058,0.17974648897038539,0.9067858849749948,0.905262666067067,73030.0,103.24884381000084,181449728.0,,,,,,
receiver_loso_27,7-14,N210,829,P2,4672,0.71870179945068136,0.72854764960754181,0.72816780821917804,0.173961249428916,0.881495672374068,0.879728174017686,75143.0,68.00563039199915,185805312.0,,,,,,
receiver_loso_27,7-14,N210,829,P2_MISMATCHED_RX,4672,0.70637151219886007,0.72596821937187428,0.72559931506849318,0.18223363946651239,0.8763175781598362,0.8735026845806769,75143.0,2.896459118001076,80650240.0,,,,,,
receiver_loso_27,7-14,N210,829,P2_NULL,4672,0.70584951323717438,0.72448113046605911,0.72410102739726023,0.15199025183252679,0.8704515019556488,0.8676180114265257,75143.0,0.5583467819997168,80650240.0,,,,,,
receiver_loso_27,7-14,N210,829,P2_SHUFFLED,4672,0.71487905994873024,0.72915137136125774,0.72880993150684936,0.17745876060288451,0.867607896908212,0.86313615090314,75143.0,3.674279652001133,80650240.0,,,,,,
receiver_loso_27,7-14,N210,829,RX_NORM,4672,0.70414060123226196,0.71873567400099025,0.71832191780821919,0.196494616357584,0.8691529286247941,0.8651523333683677,64774.0,0.4618377480001072,71660544.0,,,,,,
receiver_loso_27,7-14,N210,829,SOURCE_NORM,4672,0.71536208085202835,0.72794357866034598,0.72752568493150682,0.18589069958367979,0.8806278558803055,0.8768355212664577,64774.0,42.29759779199958,166500864.0,,,,,,
receiver_loso_27,7-14,N210,829,T3A,4672,0.72052832080491536,0.72653764055518499,0.72624143835616439,0.0597654069480422,0.909976273229274,0.909163740541518,64774.0,0.6609513000003062,73746944.0,,,,,,
receiver_loso_27,7-14,N210,1829,DG_CORAL,4672,0.75475183440243099,0.76129832013075049,0.76091609589041098,0.15292061712235619,0.9016497335908294,0.8993803478296157,64774.0,332.3137953289988,166500864.0,,,,,,
receiver_loso_27,7-14,N210,1829,DG_DANN,4672,0.76444233470567047,0.76734010723173995,0.76690924657534243,0.13716299241816959,0.9013499682364294,0.8987668323429427,70754.0,35.802186665998306,166447616.0,,,,,,
receiver_loso_27,7-14,N210,1829,DG_GROUPDRO,4672,0.66604433816007547,0.68887254445366863,0.68857020547945202,0.16461778130726759,0.867018624861989,0.8650527812182937,64774.0,104.71321701699708,166501376.0,,,,,,
receiver_loso_27,7-14,N210,1829,P0,4672,0.7780532016685836,0.78439410454467906,0.78403253424657537,0.1328078203273248,0.9077882076738694,0.9061521179581016,64774.0,28.51901457799977,166500864.0,,,,,,
receiver_loso_27,7-14,N210,1829,P0_WIDE,4672,0.77459889627855605,0.77945077649336447,0.77932363013698636,0.1411998479033833,0.8813302211919153,0.8794170454272553,74827.0,28.76445935299853,166664704.0,,,,,,
receiver_loso_27,7-14,N210,1829,P1,4672,0.77802027989486378,0.78125234513728259,0.78125,0.16055794220979089,0.8927521761557782,0.8912077853649166,73030.0,98.96586313700028,181449728.0,,,,,,
receiver_loso_27,7-14,N210,1829,P2,4672,0.74124354281567539,0.7556038723523324,0.75513698630136983,0.1835883863091673,0.8880198044188509,0.8875187200858835,75143.0,104.43185073000132,185805312.0,,,,,,
receiver_loso_27,7-14,N210,1829,P2_MISMATCHED_RX,4672,0.74224776311088603,0.75359366426607843,0.75321061643835618,0.18255837139201481,0.834938872570102,0.83318988782746,75143.0,2.7509411920000275,80650240.0,,,,,,
receiver_loso_27,7-14,N210,1829,P2_NULL,4672,0.75293808647645077,0.76560801237679355,0.76519691780821919,0.1607589630333528,0.8712684616714571,0.8707965771867507,75143.0,0.507579788001749,80650240.0,,,,,,
receiver_loso_27,7-14,N210,1829,P2_SHUFFLED,4672,0.73816043898890593,0.7529806524323156,0.75256849315068497,0.18472045346175969,0.8523689445819024,0.8522581511340434,75143.0,3.592559746997722,80650240.0,,,,,,
receiver_loso_27,7-14,N210,1829,RX_NORM,4672,0.76189991800928369,0.77170232206839184,0.77140410958904104,0.13537777564807299,0.9026244571313724,0.900633778855937,64774.0,0.4618320490008045,71660544.0,,,,,,
receiver_loso_27,7-14,N210,1829,SOURCE_NORM,4672,0.76428622971635074,0.77428378469859271,0.77397260273972601,0.13198862620948321,0.9079184166140823,0.9060371048141304,64774.0,41.87510346700219,166500864.0,,,,,,
receiver_loso_27,7-14,N210,1829,T3A,4672,0.79060595832877756,0.79555785376775334,0.79516267123287676,0.060308424242427702,0.920567846890091,0.9202788240601028,64774.0,0.5718532690007123,73746944.0,,,,,,
receiver_loso_27,7-14,N210,2829,DG_CORAL,4672,0.74205537716678949,0.75627913563990423,0.75599315068493156,0.14725870857882789,0.9049003811771212,0.902405620312451,64774.0,332.554849832999,166500864.0,,,,,,
receiver_loso_27,7-14,N210,2829,DG_DANN,4672,0.72631238166991341,0.72880501125331687,0.72859589041095896,0.16420193815807971,0.8952951345558372,0.8919335491472505,70754.0,41.41793170100209,166447616.0,,,,,,
receiver_loso_27,7-14,N210,2829,DG_GROUPDRO,4672,0.67542990390319479,0.67964561890968211,0.67893835616438358,0.17843944680787721,0.8615990515428908,0.8596297523992713,64774.0,101.98201913999948,166501376.0,,,,,,
receiver_loso_27,7-14,N210,2829,P0,4672,0.72004997105837776,0.7348412816541553,0.734375,0.16526022695693859,0.8983414301592266,0.8951584697637253,64774.0,24.3699522479983,166500864.0,,,,,,
receiver_loso_27,7-14,N210,2829,P0_WIDE,4672,0.75862961434025333,0.77316278081631928,0.77311643835616439,0.15892912007944829,0.8844119281933535,0.8817587754919908,74827.0,35.41815954300182,166664704.0,,,,,,
receiver_loso_27,7-14,N210,2829,P1,4672,0.7913279745406504,0.79836104672965236,0.79815924657534243,0.13485911917196561,0.8816882746112912,0.8776509079055622,73030.0,89.58361022300232,178401792.0,,,,,,
receiver_loso_27,7-14,N210,2829,P2,4672,0.74413012523980104,0.75652768605705878,0.75642123287671237,0.17836248130244131,0.8945398982723815,0.8938384150156101,75143.0,105.85771283900247,182013952.0,,,,,,
receiver_loso_27,7-14,N210,2829,P2_MISMATCHED_RX,4672,0.71877430136298182,0.75291608445197877,0.75256849315068497,0.19335199000747649,0.8774348731336169,0.8744093285792197,75143.0,2.919339223000861,80650240.0,,,,,,
receiver_loso_27,7-14,N210,2829,P2_NULL,4672,0.73709625189331929,0.76477989779033118,0.76455479452054798,0.1602626212343114,0.8913806432490431,0.8898390959509542,75143.0,0.5296472150002955,80650240.0,,,,,,
receiver_loso_27,7-14,N210,2829,P2_SHUFFLED,4672,0.7344836427992637,0.76389806275751682,0.76369863013698636,0.17748819769372881,0.8839912294498271,0.8821971165148438,75143.0,3.690797629998997,80650240.0,,,,,,
receiver_loso_27,7-14,N210,2829,RX_NORM,4672,0.74001701397182673,0.7459977103734321,0.74571917808219179,0.1695647241471156,0.8969979734324037,0.8934242814358413,64774.0,0.5750551800010726,71660544.0,,,,,,
receiver_loso_27,7-14,N210,2829,SOURCE_NORM,4672,0.73196439597627061,0.73720731599271161,0.73694349315068497,0.17726194010154431,0.8994289218152042,0.8960936116354216,64774.0,38.1524905160004,166500864.0,,,,,,
receiver_loso_27,7-14,N210,2829,T3A,4672,0.7391937289803262,0.7420661308192269,0.74186643835616439,0.072296474435149694,0.9229362975902649,0.9224233812970436,64774.0,0.6320354109993787,73746944.0,,,,,,
receiver_loso_27,7-14,N210,3829,DG_CORAL,4672,0.70708000913321956,0.71686077486784583,0.71703767123287676,0.1514678929760184,0.8789987756679648,0.8766291158734281,64774.0,300.8533461650004,166500864.0,,,,,,
receiver_loso_27,7-14,N210,3829,DG_DANN,4672,0.72002937055545946,0.72697722849033386,0.72731164383561642,0.16141480319074369,0.8605815871404737,0.8588350701913955,70754.0,31.222711233000155,166447616.0,,,,,,
receiver_loso_27,7-14,N210,3829,DG_GROUPDRO,4672,0.6579688576690047,0.69512660259645698,0.69563356164383561,0.1859467834017354,0.8459770179415319,0.8433630171164128,64774.0,90.46439535100215,166501376.0,,,,,,
receiver_loso_27,7-14,N210,3829,P0,4672,0.71817653143586035,0.72874411571701725,0.72902397260273977,0.1732127315855955,0.8701023135795208,0.867110639654772,64774.0,35.171082195000054,166500864.0,,,,,,
receiver_loso_27,7-14,N210,3829,P0_WIDE,4672,0.7568883327697028,0.76955331907605429,0.76990582191780821,0.1097113959083002,0.8551262578135547,0.8526677462236835,74827.0,31.858138449999387,166664704.0,,,,,,
receiver_loso_27,7-14,N210,3829,P1,4672,0.80952228892235523,0.81212037296126549,0.8122859589041096,0.12985896540818451,0.9040032895123926,0.9029546427846936,73030.0,105.59431393200066,181449728.0,,,,,,
receiver_loso_27,7-14,N210,3829,P2,4672,0.77300900873843814,0.78027939515486977,0.78060787671232879,0.1610724173760526,0.8820940138309002,0.881563651641824,75143.0,110.4704245719986,185805312.0,,,,,,
receiver_loso_27,7-14,N210,3829,P2_MISMATCHED_RX,4672,0.73843234789216439,0.76705791684395974,0.76755136986301364,0.17876345675744831,0.8471752940129624,0.8467014249378537,75143.0,3.073899629001972,80650240.0,,,,,,
receiver_loso_27,7-14,N210,3829,P2_NULL,4672,0.73992193132363082,0.76679076893054854,0.76733732876712324,0.16886652723171641,0.8673962222051999,0.8648094567620669,75143.0,0.6382019919983577,80650240.0,,,,,,
receiver_loso_27,7-14,N210,3829,P2_SHUFFLED,4672,0.75458295180078594,0.77286609766694581,0.7733304794520548,0.1722571639127212,0.8657314361578686,0.8638271753515879,75143.0,3.800108891999116,80650240.0,,,,,,
receiver_loso_27,7-14,N210,3829,RX_NORM,4672,0.73727941595726454,0.7528286298476442,0.75321061643835618,0.1155487139237253,0.8748999296029533,0.8734957784361486,64774.0,0.5389976340011344,71660544.0,,,,,,
receiver_loso_27,7-14,N210,3829,SOURCE_NORM,4672,0.73341405911657898,0.74898352598551565,0.74935787671232879,0.11766627583372059,0.8748542499148996,0.8733124703185849,64774.0,34.981610668997746,166500864.0,,,,,,
receiver_loso_27,7-14,N210,3829,T3A,4672,0.74432864332890036,0.74445423787582798,0.74464897260273977,0.045491935117552902,0.8826602523592418,0.8812589140347454,64774.0,0.7970226230027038,73746944.0,,,,,,
receiver_loso_27,7-14,N210,4829,DG_CORAL,4672,0.83650621955597571,0.8457467913011657,0.84610445205479456,0.069067031591620295,0.8885201813846481,0.8851989938686348,64774.0,227.2234269670007,166500864.0,,,,,,
receiver_loso_27,7-14,N210,4829,DG_DANN,4672,0.80843279565665949,0.82003593364596583,0.8204195205479452,0.085858907244385094,0.903480336762478,0.9019307454338557,70754.0,33.14162934400156,166447616.0,,,,,,
receiver_loso_27,7-14,N210,4829,DG_GROUPDRO,4672,0.72792494811849717,0.75005067575110396,0.7502140410958904,0.11580869833594309,0.8597092857771059,0.8578360946466717,64774.0,51.66581759800101,166501376.0,,,,,,
receiver_loso_27,7-14,N210,4829,P0,4672,0.86552804305831044,0.86895780104251552,0.86922089041095896,0.056150292550302898,0.9007972742722916,0.8984070595594074,64774.0,36.16769112000111,166500864.0,,,,,,
receiver_loso_27,7-14,N210,4829,P0_WIDE,4672,0.82314654764105954,0.83306752049748256,0.83347602739726023,0.091507806155626495,0.9006553505933392,0.897753697871679,74827.0,34.18940222600213,166664704.0,,,,,,
receiver_loso_27,7-14,N210,4829,P1,4672,0.77320706140560924,0.77853167231821141,0.77910958904109584,0.1486796810840294,0.8886952515901351,0.8862974818685895,73030.0,102.52668681000068,181449728.0,,,,,,
receiver_loso_27,7-14,N210,4829,P2,4672,0.79659240011911503,0.81072397679458019,0.81100171232876717,0.1431124627347779,0.8912174726043495,0.8904830351481049,75143.0,108.82653175999803,185805312.0,,,,,,
receiver_loso_27,7-14,N210,4829,P2_MISMATCHED_RX,4672,0.78110422769934862,0.80414776439600633,0.80436643835616439,0.15106374655582311,0.8733022768201654,0.8736285217092353,75143.0,2.8076982319980743,80650240.0,,,,,,
receiver_loso_27,7-14,N210,4829,P2_NULL,4672,0.75470365576973109,0.7834800809622452,0.78360445205479456,0.17281342736343311,0.88002048747851,0.878850735168705,75143.0,0.5751335879976978,80650240.0,,,,,,
receiver_loso_27,7-14,N210,4829,P2_SHUFFLED,4672,0.7823375235586939,0.80434000062115274,0.8045804794520548,0.15074222433470091,0.8820559757318186,0.8809033624680881,75143.0,3.686093502998119,80650240.0,,,,,,
receiver_loso_27,7-14,N210,4829,RX_NORM,4672,0.83040798168182794,0.84870327689228231,0.84910102739726023,0.086666651535779196,0.9032322944036112,0.9012236281222602,64774.0,0.5627414349983155,71660544.0,,,,,,
receiver_loso_27,7-14,N210,4829,SOURCE_NORM,4672,0.83250983733096895,0.85020562034517855,0.85059931506849318,0.084283706228159394,0.903001821793001,0.9007465982235822,64774.0,31.034615982000105,166500864.0,,,,,,
receiver_loso_27,7-14,N210,4829,T3A,4672,0.90139460364810042,0.90295817562497405,0.90325342465753422,0.1294826653958234,0.9157826771209048,0.9152749931237316,64774.0,0.6642030120019626,73746944.0,,,,,,
receiver_loso_28,7-7,N210,829,DG_CORAL,4672,0.89345179005065045,0.90074935745307605,0.90047089041095896,0.051795084578023301,0.8625794025477361,0.8618936507503174,64774.0,327.5327016270021,166500864.0,,,,,,
receiver_loso_28,7-7,N210,829,DG_DANN,4672,0.87644331131416175,0.88149390587929277,0.88120719178082196,0.036735931194502199,0.8360012968281435,0.8340792541244587,70754.0,27.41314049900029,166447616.0,,,,,,
receiver_loso_28,7-7,N210,829,DG_GROUPDRO,4672,0.82262487278245722,0.82677922381357905,0.82641267123287676,0.0373065087319134,0.7947921654651985,0.7918049829299361,64774.0,66.21108846700008,166501376.0,,,,,,
receiver_loso_28,7-7,N210,829,P0,4672,0.90524705749485657,0.90691117982837444,0.90667808219178081,0.037392683639765098,0.8452384178901123,0.8438490757540205,64774.0,37.69159241299712,166500864.0,,,,,,
receiver_loso_28,7-7,N210,829,P0_WIDE,4672,0.95228770888826897,0.95281494617640039,0.95269691780821919,0.0145092942458513,0.8824485070224292,0.8813627341250209,74827.0,38.29263346999869,166664704.0,,,,,,
receiver_loso_28,7-7,N210,829,P1,4672,0.91884294956668944,0.92141393069920541,0.92123287671232879,0.037857803158870197,0.876777151292989,0.8759770988601709,73030.0,92.63591930599796,181449728.0,,,,,,
receiver_loso_28,7-7,N210,829,P2,4672,0.88988216632667116,0.89839807760141088,0.89811643835616439,0.072573054262934505,0.8527750068537433,0.8524290293787239,75143.0,103.14050988999952,185805312.0,,,,,,
receiver_loso_28,7-7,N210,829,P2_MISMATCHED_RX,4672,0.89958977874835855,0.90479052311366515,0.90453767123287676,0.070040571260942097,0.8485528033140498,0.8469587636008137,75143.0,2.8924222989990085,80650240.0,,,,,,
receiver_loso_28,7-7,N210,829,P2_NULL,4672,0.8496483130574829,0.86508773238741732,0.86472602739726023,0.091481781717746999,0.8389722669345266,0.8377273612841614,75143.0,0.5229671130000497,80650240.0,,,,,,
receiver_loso_28,7-7,N210,829,P2_SHUFFLED,4672,0.89375951969509815,0.90074247960184683,0.90047089041095896,0.071661436209480595,0.8463433692046144,0.8450968018057439,75143.0,3.77280419499948,80650240.0,,,,,,
receiver_loso_28,7-7,N210,829,RX_NORM,4672,0.89494130695896013,0.90095674216478738,0.90068493150684936,0.043989818358206999,0.8502119283418584,0.8486298289832986,64774.0,0.5474951229989529,71660544.0,,,,,,
receiver_loso_28,7-7,N210,829,SOURCE_NORM,4672,0.89528043924549083,0.90138272041309797,0.90111301369863017,0.042531532388537602,0.848939025077483,0.8475731258215945,64774.0,42.26319194000098,166500864.0,,,,,,
receiver_loso_28,7-7,N210,829,T3A,4672,0.90862085013637883,0.91248233855768524,0.91224315068493156,0.098399271321010895,0.8641238577127961,0.8634591767488294,64774.0,0.5921371650001674,73746944.0,,,,,,
receiver_loso_28,7-7,N210,1829,DG_CORAL,4672,0.8967289609154433,0.90222973082499003,0.9021832191780822,0.055809104304811702,0.8691235891305715,0.8677856883337692,64774.0,329.6797805399983,166500864.0,,,,,,
receiver_loso_28,7-7,N210,1829,DG_DANN,4672,0.89525163070461922,0.90244478174607423,0.9023972602739726,0.061056144656741002,0.8701705667475065,0.8692934452565101,70754.0,40.689228775998345,166447616.0,,,,,,
receiver_loso_28,7-7,N210,1829,DG_GROUPDRO,4672,0.83113752368845029,0.83677297181880883,0.83668664383561642,0.086758525735915401,0.8229071553739059,0.8200519160366831,64774.0,101.820016200003,166501376.0,,,,,,
receiver_loso_28,7-7,N210,1829,P0,4672,0.88254797250654959,0.89516748406350466,0.89511986301369861,0.058471272138189798,0.8815749963603835,0.8800592907799408,64774.0,27.30712145799771,166500864.0,,,,,,
receiver_loso_28,7-7,N210,1829,P0_WIDE,4672,0.92292256565871744,0.92618851482779596,0.92615582191780821,0.036084939374856302,0.860505807994091,0.8589400535283384,74827.0,38.54300901700117,166664704.0,,,,,,
receiver_loso_28,7-7,N210,1829,P1,4672,0.90923231120773196,0.91271079300604319,0.91267123287671237,0.0590050068734954,0.8458022051715858,0.8445190973740161,73030.0,91.59015947200167,181449728.0,,,,,,
receiver_loso_28,7-7,N210,1829,P2,4672,0.90625448698347322,0.90992174728912878,0.90988869863013699,0.059662129366387602,0.8216023729249796,0.8201524478999646,75143.0,97.13065466600165,185805312.0,,,,,,
receiver_loso_28,7-7,N210,1829,P2_MISMATCHED_RX,4672,0.890672238143566,0.89794661214235438,0.89790239726027399,0.075097777249215,0.7992463315698483,0.7961293716004105,75143.0,2.778243991000636,80650240.0,,,,,,
receiver_loso_28,7-7,N210,1829,P2_NULL,4672,0.88285220504939577,0.8915237374891668,0.89148116438356162,0.074484075189963597,0.7956227162407501,0.7904949260317696,75143.0,0.553819566997845,80650240.0,,,,,,
receiver_loso_28,7-7,N210,1829,P2_SHUFFLED,4672,0.88998151235261702,0.89666045068289391,0.89661815068493156,0.073111805975539207,0.8133971198867723,0.8097158952318222,75143.0,3.5888936420014943,80650240.0,,,,,,
receiver_loso_28,7-7,N210,1829,RX_NORM,4672,0.8920827522980822,0.90009242868678052,0.90004280821917804,0.065694008437176599,0.8726626219675634,0.8710566408325876,64774.0,0.4688786279984924,71660544.0,,,,,,
receiver_loso_28,7-7,N210,1829,SOURCE_NORM,4672,0.89187697564954271,0.9000927029810214,0.90004280821917804,0.066193866281936006,0.8807587202596202,0.8797896038109253,64774.0,41.75007174200073,166500864.0,,,,,,
receiver_loso_28,7-7,N210,1829,T3A,4672,0.90312722919523036,0.91142627519392605,0.91138698630136983,0.062013450824999997,0.8920310513790332,0.8917382932873443,64774.0,0.6879594979982357,73746944.0,,,,,,
receiver_loso_28,7-7,N210,2829,DG_CORAL,4672,0.89670355816245106,0.90586158742425438,0.90517979452054798,0.040727662911306903,0.8441290190603968,0.8413162299002686,64774.0,303.51633427699926,166500864.0,,,,,,
receiver_loso_28,7-7,N210,2829,DG_DANN,4672,0.92775726927821078,0.93026749097026362,0.9297945205479452,0.036942745354792,0.8536294393078984,0.8521446006809149,70754.0,39.29766464000204,166447616.0,,,,,,
receiver_loso_28,7-7,N210,2829,DG_GROUPDRO,4672,0.82872491978480323,0.83680571019674554,0.83625856164383561,0.067999107667487402,0.8026663078396085,0.7985149682538683,64774.0,83.89379639899926,166501376.0,,,,,,
receiver_loso_28,7-7,N210,2829,P0,4672,0.91711059194507238,0.92028493702149639,0.91973458904109584,0.034416483166589303,0.8375416727269851,0.8358065661522204,64774.0,27.678928778001136,166500864.0,,,,,,
receiver_loso_28,7-7,N210,2829,P0_WIDE,4672,0.92289007582353677,0.92510988305672404,0.92465753424657537,0.049058066489659699,0.8737361597262253,0.8726521897913707,74827.0,36.61558358399998,166664704.0,,,,,,
receiver_loso_28,7-7,N210,2829,P1,4672,0.91900427440206156,0.9193367503135248,0.91887842465753422,0.055082928312763797,0.8385178244212459,0.8367010629726807,73030.0,92.64234363200012,178401792.0,,,,,,
receiver_loso_28,7-7,N210,2829,P2,4672,0.89450145768185341,0.89536705210919043,0.8946917808219178,0.081274364022410506,0.8388816880800936,0.8377621844027495,75143.0,103.91531425200084,182013952.0,,,,,,
receiver_loso_28,7-7,N210,2829,P2_MISMATCHED_RX,4672,0.89185379248755536,0.89427560061163103,0.89362157534246578,0.081186005124847693,0.8233398557764167,0.8183052982684734,75143.0,2.7294825030003267,80650240.0,,,,,,
receiver_loso_28,7-7,N210,2829,P2_NULL,4672,0.89068780025946459,0.89335672084276752,0.89276541095890416,0.078081821837806903,0.8220626451359211,0.817806777107855,75143.0,0.5361462549990392,80650240.0,,,,,,
receiver_loso_28,7-7,N210,2829,P2_SHUFFLED,4672,0.89177942227020146,0.89290814694206455,0.89233732876712324,0.0833353192405136,0.8221842509499941,0.8188892156965566,75143.0,3.729931141002453,80650240.0,,,,,,
receiver_loso_28,7-7,N210,2829,RX_NORM,4672,0.92283796229517878,0.92399665090117777,0.92358732876712324,0.024756321600600002,0.8201691880021312,0.816297434327832,64774.0,0.4491965020024508,71660544.0,,,,,,
receiver_loso_28,7-7,N210,2829,SOURCE_NORM,4672,0.9231666605291724,0.92417679845755085,0.92380136986301364,0.022815074286844601,0.8295081874617479,0.8264317412081996,64774.0,21.617053351001232,166500864.0,,,,,,
receiver_loso_28,7-7,N210,2829,T3A,4672,0.935671186622133,0.93661657137461518,0.93621575342465757,0.096565663974017696,0.8570463396673297,0.8565823500863531,64774.0,0.6941355490016576,73746944.0,,,,,,
receiver_loso_28,7-7,N210,3829,DG_CORAL,4672,0.85036293312697919,0.85336976986484936,0.85295376712328763,0.085582090088816898,0.818189596182478,0.8138369976937856,64774.0,253.50167278400116,166500864.0,,,,,,
receiver_loso_28,7-7,N210,3829,DG_DANN,4672,0.84678595746101326,0.85953760039891458,0.8591609589041096,0.089888996425505699,0.815185450453188,0.8098373358496661,70754.0,42.80667020599867,166447616.0,,,,,,
receiver_loso_28,7-7,N210,3829,DG_GROUPDRO,4672,0.8363116252129571,0.84158144608502583,0.84118150684931503,0.051752757727589402,0.7852328997333903,0.7801271337097436,64774.0,85.83302798300065,166501376.0,,,,,,
receiver_loso_28,7-7,N210,3829,P0,4672,0.85831633221284642,0.8657618232884392,0.86536815068493156,0.082296792730331803,0.8297630571470433,0.8250497615556736,64774.0,36.97230358900197,166500864.0,,,,,,
receiver_loso_28,7-7,N210,3829,P0_WIDE,4672,0.86623038153374854,0.8724488886340076,0.87200342465753422,0.079802882258002,0.8245712327009346,0.8211314786812888,74827.0,37.3672038529985,166664704.0,,,,,,
receiver_loso_28,7-7,N210,3829,P1,4672,0.84875589958431641,0.85063142913794743,0.85017123287671237,0.1097323076786753,0.8282140839616917,0.8245762963573098,73030.0,93.4949330399977,181449728.0,,,,,,
receiver_loso_28,7-7,N210,3829,P2,4672,0.91802360032792985,0.92010471949914641,0.91994863013698636,0.059060486046316703,0.8618019660609697,0.859291148790574,75143.0,96.91883419300213,185805312.0,,,,,,
receiver_loso_28,7-7,N210,3829,P2_MISMATCHED_RX,4672,0.91010513308670216,0.91327870614106599,0.91309931506849318,0.067986490173035694,0.8296256302698565,0.8247560992890283,75143.0,3.0833867699984694,80650240.0,,,,,,
receiver_loso_28,7-7,N210,3829,P2_NULL,4672,0.91730797359429495,0.91942420681585402,0.91930650684931503,0.054872670252360901,0.8623265437984187,0.8595545973889208,75143.0,0.560643112003163,80650240.0,,,,,,
receiver_loso_28,7-7,N210,3829,P2_SHUFFLED,4672,0.90667800567917201,0.91023606940105362,0.9101027397260274,0.070183962908866804,0.856647403762909,0.8541431099085376,75143.0,3.794323717000225,80650240.0,,,,,,
receiver_loso_28,7-7,N210,3829,RX_NORM,4672,0.85693778636551654,0.86278474630323954,0.86237157534246578,0.095791994090102597,0.8269891066778056,0.8226165320364451,64774.0,0.5864111160008179,71660544.0,,,,,,
receiver_loso_28,7-7,N210,3829,SOURCE_NORM,4672,0.85931245117282884,0.86449090506492399,0.86408390410958902,0.094865285727667503,0.8303296267363208,0.8255602350369431,64774.0,39.26480995500242,166500864.0,,,,,,
receiver_loso_28,7-7,N210,3829,T3A,4672,0.86643654675257198,0.86874069400466969,0.86836472602739723,0.071881650120963897,0.8510310061849667,0.847852847024288,64774.0,0.7241637200022524,73746944.0,,,,,,
receiver_loso_28,7-7,N210,4829,DG_CORAL,4672,0.90808375074611158,0.91035655721256381,0.91095890410958902,0.045564726358662197,0.8773750144538904,0.8756572789280385,64774.0,327.078464451999,166500864.0,,,,,,
receiver_loso_28,7-7,N210,4829,DG_DANN,4672,0.91805958647318164,0.92179422253412857,0.92230308219178081,0.028713312357255799,0.8847966285588299,0.8836908585458713,70754.0,40.9637283589982,166447616.0,,,,,,
receiver_loso_28,7-7,N210,4829,DG_GROUPDRO,4672,0.85965204724314559,0.86332416303182757,0.86451198630136983,0.030093153702630899,0.8427014567410138,0.8402793588583797,64774.0,88.7468308919997,166501376.0,,,,,,
receiver_loso_28,7-7,N210,4829,P0,4672,0.89118475517080797,0.9000807150183695,0.90068493150684936,0.053148779278136299,0.8765471165290438,0.8761656791678382,64774.0,37.55860104800013,166500864.0,,,,,,
receiver_loso_28,7-7,N210,4829,P0_WIDE,4672,0.88229670738762656,0.88788659205107956,0.88869863013698636,0.073086151336511099,0.8642157187868028,0.8630516943877745,74827.0,38.81521122399863,166664704.0,,,,,,
receiver_loso_28,7-7,N210,4829,P1,4672,0.90679526471282401,0.91032072130475539,0.91117294520547942,0.046426533861723601,0.8522761660219342,0.8505519008557384,73030.0,100.29152525999962,181449728.0,,,,,,
receiver_loso_28,7-7,N210,4829,P2,4672,0.84550787451380838,0.85103900643347663,0.85231164383561642,0.087503834633947605,0.8623724070868866,0.8603756030435323,75143.0,81.87309372800155,182013952.0,,,,,,
receiver_loso_28,7-7,N210,4829,P2_MISMATCHED_RX,4672,0.86278264591691711,0.86498883435404361,0.86601027397260277,0.078801583773009901,0.8553801598349858,0.8530948178630015,75143.0,2.7483282159992086,80650240.0,,,,,,
receiver_loso_28,7-7,N210,4829,P2_NULL,4672,0.87211281967978282,0.87548843263095144,0.87628424657534243,0.065387225786402603,0.8510154280428271,0.8477146120878466,75143.0,0.5084854880005878,80650240.0,,,,,,
receiver_loso_28,7-7,N210,4829,P2_SHUFFLED,4672,0.86172870645506128,0.86408950530447148,0.86515410958904104,0.0788691203900906,0.8523798080079299,0.8493661785493676,75143.0,3.635336269999243,80650240.0,,,,,,
receiver_loso_28,7-7,N210,4829,RX_NORM,4672,0.92957476266521921,0.92992495685480281,0.93043664383561642,0.011667453097051901,0.8717468130210729,0.8706868211991754,64774.0,0.454285923999123,71660544.0,,,,,,
receiver_loso_28,7-7,N210,4829,SOURCE_NORM,4672,0.93165699737153962,0.93208421286837895,0.93257705479452058,0.0141274964322068,0.8711904506716657,0.8694703661697928,64774.0,31.475518653001927,166500864.0,,,,,,
receiver_loso_28,7-7,N210,4829,T3A,4672,0.90148157449661359,0.90739930686341441,0.90796232876712324,0.058869938139663298,0.8911639383141284,0.8907569680485034,64774.0,0.5773519609974755,73746944.0,,,,,,
receiver_loso_29,8-14,B210,829,DG_CORAL,4672,0.70310679320212455,0.70747039543713586,0.7069777397260274,0.098209363599754296,0.8431891991867135,0.8365553483477443,64774.0,261.28573106099793,166500864.0,,,,,,
receiver_loso_29,8-14,B210,829,DG_DANN,4672,0.70732120615147354,0.71655821429187305,0.71618150684931503,0.12677426508640591,0.8485637581038102,0.8411209809922559,70754.0,30.91431653700056,166447616.0,,,,,,
receiver_loso_29,8-14,B210,829,DG_GROUPDRO,4672,0.61954682832453734,0.64912260342665307,0.6483304794520548,0.18194220859353269,0.8321438715627342,0.8256907728014786,64774.0,123.01289421000185,166501376.0,,,,,,
receiver_loso_29,8-14,B210,829,P0,4672,0.67951655515712817,0.6978260151599126,0.69734589041095896,0.14721571308981671,0.8470807787920553,0.8405836738790127,64774.0,36.12598258700018,166500864.0,,,,,,
receiver_loso_29,8-14,B210,829,P0_WIDE,4672,0.72144136514252422,0.72888298538118901,0.72880993150684936,0.1173878653319424,0.8808130050669184,0.8758720828601697,74827.0,32.264162243998726,166664704.0,,,,,,
receiver_loso_29,8-14,B210,829,P1,4672,0.73746113498128352,0.7417971051232376,0.74165239726027399,0.12193264592158259,0.8746083464795942,0.8728118631798149,73030.0,92.05152429400188,181449728.0,,,,,,
receiver_loso_29,8-14,B210,829,P2,4672,0.67650381462791653,0.69346424569154663,0.69327910958904104,0.16009504160180379,0.8598951173078094,0.8551409036749691,75143.0,103.27896815400165,185805312.0,,,,,,
receiver_loso_29,8-14,B210,829,P2_MISMATCHED_RX,4672,0.62313904157744948,0.66555551101099475,0.66481164383561642,0.20110521404940171,0.8367821742761951,0.8297555205132116,75143.0,2.813086218000535,80650240.0,,,,,,
receiver_loso_29,8-14,B210,829,P2_NULL,4672,0.66311597548858847,0.68528373995409642,0.68471746575342463,0.13622397422624671,0.8372302173127432,0.8283990173699322,75143.0,0.5430156929978693,80650240.0,,,,,,
receiver_loso_29,8-14,B210,829,P2_SHUFFLED,4672,0.65194001378760147,0.6778374790756696,0.67722602739726023,0.17958486567519291,0.8355551714452977,0.8275714026316855,75143.0,3.606485696000163,80650240.0,,,,,,
receiver_loso_29,8-14,B210,829,RX_NORM,4672,0.69048977877361528,0.70503107738220805,0.70462328767123283,0.12821398583266319,0.8405246289456426,0.8339477707096044,64774.0,0.5389527439983794,71660544.0,,,,,,
receiver_loso_29,8-14,B210,829,SOURCE_NORM,4672,0.68533612374449282,0.70076760740986954,0.70034246575342463,0.12859631545382411,0.8519010596567735,0.8460059542893111,64774.0,27.89744242000233,166500864.0,,,,,,
receiver_loso_29,8-14,B210,829,T3A,4672,0.7223038987558178,0.73030794173639568,0.72988013698630139,0.061101177515946799,0.8876254616004403,0.885575794326435,64774.0,0.7439490180004213,73746944.0,,,,,,
receiver_loso_29,8-14,B210,1829,DG_CORAL,4672,0.70968950182638713,0.71619689375145024,0.71618150684931503,0.11279793202953579,0.8834811615405996,0.8812802117421384,64774.0,261.5866474159993,166500864.0,,,,,,
receiver_loso_29,8-14,B210,1829,DG_DANN,4672,0.70182341247515734,0.70681132923858636,0.70676369863013699,0.11918523185567489,0.8604133546674007,0.8575157220005364,70754.0,24.95674432300075,166447616.0,,,,,,
receiver_loso_29,8-14,B210,1829,DG_GROUPDRO,4672,0.65034777387794318,0.65911773924246997,0.65924657534246578,0.1414975860213529,0.8638946828772648,0.8621115215071118,64774.0,90.11851956900136,166501376.0,,,,,,
receiver_loso_29,8-14,B210,1829,P0,4672,0.72607684189059041,0.72800101727089916,0.72795376712328763,0.1157516864166684,0.8801890857890927,0.8777547872941981,64774.0,33.49215818599987,166500864.0,,,,,,
receiver_loso_29,8-14,B210,1829,P0_WIDE,4672,0.67013196841172284,0.68721102558105052,0.6872859589041096,0.1656904626982158,0.8831023833010904,0.8812208992949011,74827.0,35.832302292998065,166664704.0,,,,,,
receiver_loso_29,8-14,B210,1829,P1,4672,0.67950764964714638,0.6904524159115879,0.69049657534246578,0.14452094796483639,0.8818772781662898,0.8794338690365042,73030.0,96.14434342800088,181449728.0,,,,,,
receiver_loso_29,8-14,B210,1829,P2,4672,0.68139618610088259,0.68539604948536959,0.68535958904109584,0.1356296991635981,0.8493188415610892,0.8478386249423074,75143.0,88.04426766699908,185805312.0,,,,,,
receiver_loso_29,8-14,B210,1829,P2_MISMATCHED_RX,4672,0.69072177033448179,0.69275067002549584,0.69263698630136983,0.1322461040786225,0.8184953687845535,0.811547772142839,75143.0,3.400994019997597,80650240.0,,,,,,
receiver_loso_29,8-14,B210,1829,P2_NULL,4672,0.65385290391810513,0.66780158496766806,0.6678082191780822,0.096129975524054806,0.8193950712340962,0.8162313627095673,75143.0,0.536580268999387,80650240.0,,,,,,
receiver_loso_29,8-14,B210,1829,P2_SHUFFLED,4672,0.61877772846878287,0.64136267440819827,0.64169520547945202,0.1855132183736215,0.8271934023008104,0.8249362369161318,75143.0,4.196336778000841,80650240.0,,,,,,
receiver_loso_29,8-14,B210,1829,RX_NORM,4672,0.67017145341254236,0.68351644962710445,0.6836472602739726,0.1386923396175293,0.8715035078050924,0.8687107161404121,64774.0,0.5462674600021273,71660544.0,,,,,,
receiver_loso_29,8-14,B210,1829,SOURCE_NORM,4672,0.69556121431786222,0.70543640874385494,0.70547945205479456,0.12294088712293801,0.8793282588371861,0.8769460466292963,64774.0,26.36540205399797,166500864.0,,,,,,
receiver_loso_29,8-14,B210,1829,T3A,4672,0.74694850531871249,0.74560915023856777,0.74550513698630139,0.086230564843352897,0.9051103820051672,0.9042890060416678,64774.0,0.8069540139986202,73746944.0,,,,,,
receiver_loso_29,8-14,B210,2829,DG_CORAL,4672,0.75526348095925311,0.75744209290381537,0.75684931506849318,0.1067238986007359,0.8880778129828094,0.8851194093488198,64774.0,322.4145513359981,166500864.0,,,,,,
receiver_loso_29,8-14,B210,2829,DG_DANN,4672,0.72923379238435349,0.73814317267054907,0.73737157534246578,0.10925496975597861,0.8732005072832121,0.8685789036726153,70754.0,37.5155368980013,166447616.0,,,,,,
receiver_loso_29,8-14,B210,2829,DG_GROUPDRO,4672,0.66646304315639249,0.68319237681357314,0.68214897260273977,0.14746888816254591,0.8439363141143419,0.8388561394294648,64774.0,91.25548709000212,166501376.0,,,,,,
receiver_loso_29,8-14,B210,2829,P0,4672,0.74748789394744153,0.75128001931203758,0.75064212328767121,0.1149460401016044,0.879452780666974,0.8753407775280113,64774.0,37.118045883999,166500864.0,,,,,,
receiver_loso_29,8-14,B210,2829,P0_WIDE,4672,0.69237462085119494,0.71639460936235777,0.71532534246575341,0.13760961762195681,0.8879777050385901,0.8846521218421367,74827.0,36.61486554700241,166664704.0,,,,,,
receiver_loso_29,8-14,B210,2829,P1,4672,0.71905189679486226,0.7262146227009656,0.72538527397260277,0.14232278903244591,0.8862607051631127,0.8842955488866936,73030.0,87.25659566800095,178401792.0,,,,,,
receiver_loso_29,8-14,B210,2829,P2,4672,0.67700484668452354,0.69117830384613754,0.69006849315068497,0.1935592826443073,0.885093675638727,0.8835213488553936,75143.0,108.15970168100102,182013952.0,,,,,,
receiver_loso_29,8-14,B210,2829,P2_MISMATCHED_RX,4672,0.61726662563554624,0.65910799867776126,0.65774828767123283,0.2271915040144773,0.8490611790196269,0.8451712194614808,75143.0,2.84722607099684,80650240.0,,,,,,
receiver_loso_29,8-14,B210,2829,P2_NULL,4672,0.6380874646457213,0.67142473653661583,0.67016267123287676,0.1933144782350896,0.8665244412919626,0.8632290237861269,75143.0,0.5411587369999324,80650240.0,,,,,,
receiver_loso_29,8-14,B210,2829,P2_SHUFFLED,4672,0.63487345985658095,0.66646633243948883,0.66523972602739723,0.2118033594866475,0.8709915529908298,0.8679703040054099,75143.0,3.604147815996839,80650240.0,,,,,,
receiver_loso_29,8-14,B210,2829,RX_NORM,4672,0.72218633992797654,0.72776238072340493,0.72688356164383561,0.11990742940672559,0.8597336676815157,0.8545481648005465,64774.0,0.4807154459995217,71660544.0,,,,,,
receiver_loso_29,8-14,B210,2829,SOURCE_NORM,4672,0.73057814032146429,0.73691811386238382,0.73608732876712324,0.1143710096302914,0.8661229938242142,0.8613393730364067,64774.0,32.011945983998885,166500864.0,,,,,,
receiver_loso_29,8-14,B210,2829,T3A,4672,0.75113249121872483,0.75424494798266639,0.75363869863013699,0.079725631311765396,0.9073498422624944,0.9056879979892885,64774.0,0.635604136998154,73746944.0,,,,,,
receiver_loso_29,8-14,B210,3829,DG_CORAL,4672,0.72458971786951187,0.72500694243971131,0.72559931506849318,0.071508059077194402,0.8539053695783773,0.8491692023286695,64774.0,311.1713509880028,166500864.0,,,,,,
receiver_loso_29,8-14,B210,3829,DG_DANN,4672,0.62181783112923394,0.63802533377701698,0.63912671232876717,0.15463730435792919,0.844938018199172,0.8412485170694387,70754.0,25.4787996030027,166447616.0,,,,,,
receiver_loso_29,8-14,B210,3829,DG_GROUPDRO,4672,0.63486143905814318,0.64530693225131797,0.64597602739726023,0.1533910114834825,0.8215406228612688,0.819088650699818,64774.0,127.174500789999,166501376.0,,,,,,
receiver_loso_29,8-14,B210,3829,P0,4672,0.68210663806281013,0.6905375314329758,0.6915667808219178,0.14857762704973351,0.8479634370268312,0.842652525822828,64774.0,34.54203971800234,166500864.0,,,,,,
receiver_loso_29,8-14,B210,3829,P0_WIDE,4672,0.57195753344153066,0.59869137077862578,0.60017123287671237,0.25312428064771908,0.8411521253931616,0.8381062560871814,74827.0,36.07392000300024,166664704.0,,,,,,
receiver_loso_29,8-14,B210,3829,P1,4672,0.6439952403129644,0.66927707479197374,0.67016267123287676,0.17429031852045901,0.8672960110699114,0.8653262045839155,73030.0,90.02705323899863,181449728.0,,,,,,
receiver_loso_29,8-14,B210,3829,P2,4672,0.67383654893683909,0.68725172316511784,0.68814212328767121,0.1269062682699208,0.8765475711292341,0.8746918793734938,75143.0,96.71710798300046,185805312.0,,,,,,
receiver_loso_29,8-14,B210,3829,P2_MISMATCHED_RX,4672,0.64813909415170468,0.66795382197015318,0.66909246575342463,0.17089918734225101,0.875357650723597,0.8727889609729472,75143.0,2.9412135379971005,80650240.0,,,,,,
receiver_loso_29,8-14,B210,3829,P2_NULL,4672,0.67266214177879491,0.68140795524519149,0.68236301369863017,0.096741373025595295,0.8643822636471549,0.8609999046328328,75143.0,0.5696280779993685,80650240.0,,,,,,
receiver_loso_29,8-14,B210,3829,P2_SHUFFLED,4672,0.67797333348151678,0.69003418833207775,0.69092465753424659,0.14644156686629939,0.8730781339316529,0.8703015769677672,75143.0,3.6590157879982144,80650240.0,,,,,,
receiver_loso_29,8-14,B210,3829,RX_NORM,4672,0.65421896719669792,0.66467927973568097,0.66588184931506844,0.17833167694075261,0.8536286162531354,0.8481473023214973,64774.0,0.4846887800013064,71660544.0,,,,,,
receiver_loso_29,8-14,B210,3829,SOURCE_NORM,4672,0.65487895365404636,0.66593282387757446,0.66716609589041098,0.17763397396759009,0.8527873319094698,0.8473312608915514,64774.0,31.57554214099946,166500864.0,,,,,,
receiver_loso_29,8-14,B210,3829,T3A,4672,0.72042011105698422,0.72251618610000268,0.72324486301369861,0.049395485248493201,0.8749741982524019,0.872391886452134,64774.0,0.7198315389978234,73746944.0,,,,,,
receiver_loso_29,8-14,B210,4829,DG_CORAL,4672,0.76752256859017853,0.76811341843865488,0.76819349315068497,0.086347407240369503,0.8825853249660768,0.8792613008797154,64774.0,321.27866274400003,166500864.0,,,,,,
receiver_loso_29,8-14,B210,4829,DG_DANN,4672,0.73965514635689444,0.74140312708284151,0.74165239726027399,0.075738309933612594,0.8591451025002028,0.8545943214698313,70754.0,24.474446760999854,166447616.0,,,,,,
receiver_loso_29,8-14,B210,4829,DG_GROUPDRO,4672,0.6999329749744202,0.70992766609966251,0.71061643835616439,0.085826351173375101,0.861071739228365,0.8589282134284342,64774.0,79.18798388600044,166501376.0,,,,,,
receiver_loso_29,8-14,B210,4829,P0,4672,0.69477265515726849,0.695842886733263,0.69670376712328763,0.1172695481664922,0.8653709541138471,0.8628271590797171,64774.0,22.06513611599803,166500864.0,,,,,,
receiver_loso_29,8-14,B210,4829,P0_WIDE,4672,0.70259241510048664,0.70598390895051344,0.7069777397260274,0.106503528102671,0.8764177378674147,0.8739196780539426,74827.0,34.54375830999925,166664704.0,,,,,,
receiver_loso_29,8-14,B210,4829,P1,4672,0.65642295137995443,0.66866219019736561,0.66952054794520544,0.1694491558185178,0.8745694484824321,0.8727634655043075,73030.0,75.75262602899966,178401792.0,,,,,,
receiver_loso_29,8-14,B210,4829,P2,4672,0.68410502522080785,0.69147574965213232,0.69220890410958902,0.16439645674258249,0.8835865593817775,0.881858612768907,75143.0,108.65147424799945,185805312.0,,,,,,
receiver_loso_29,8-14,B210,4829,P2_MISMATCHED_RX,4672,0.65335373308183142,0.6681180265130674,0.66909246575342463,0.1885491764932003,0.8656503004945079,0.8622203626720518,75143.0,2.744441252998513,80650240.0,,,,,,
receiver_loso_29,8-14,B210,4829,P2_NULL,4672,0.69104295218303768,0.69686450900157748,0.69755993150684936,0.14350996079714329,0.8719209863246888,0.8692880136612752,75143.0,0.5120420479979657,80650240.0,,,,,,
receiver_loso_29,8-14,B210,4829,P2_SHUFFLED,4672,0.67099859332816825,0.68151745998172764,0.68236301369863017,0.1759258681806187,0.8618272541501965,0.8587711063135289,75143.0,3.503536863998306,80650240.0,,,,,,
receiver_loso_29,8-14,B210,4829,RX_NORM,4672,0.68824279293753898,0.69796262989147684,0.69884417808219179,0.11419373588343081,0.869178538794264,0.8667809467242581,64774.0,0.4682007129995327,71660544.0,,,,,,
receiver_loso_29,8-14,B210,4829,SOURCE_NORM,4672,0.69905257902903672,0.7089196303326003,0.70976027397260277,0.1048109286133046,0.8763250382692945,0.8739203111753477,64774.0,24.57286901599946,166500864.0,,,,,,
receiver_loso_29,8-14,B210,4829,T3A,4672,0.72919671519235507,0.72846502936155522,0.72923801369863017,0.1047043210527004,0.8930272315269305,0.8921728844225719,64774.0,0.6702317359995504,73746944.0,,,,,,
receiver_loso_30,8-7,B210,829,DG_CORAL,4672,0.85627388585013764,0.85555121649942467,0.8555222602739726,0.044313812041527602,0.7982435551370702,0.7886643028147936,64774.0,320.678625210001,166500864.0,,,,,,
receiver_loso_30,8-7,B210,829,DG_DANN,4672,0.84906274728722153,0.84808615761090245,0.84803082191780821,0.051042746433554401,0.7915216936717244,0.7794822449833175,70754.0,37.42957342799855,166447616.0,,,,,,
receiver_loso_30,8-7,B210,829,DG_GROUPDRO,4672,0.76164029681634504,0.76908250870503958,0.76862157534246578,0.083020745971150806,0.7548619915019409,0.7438332094664943,64774.0,137.3618472849994,166501376.0,,,,,,
receiver_loso_30,8-7,B210,829,P0,4672,0.84436825545296446,0.84394034565987985,0.84375,0.051961193601154199,0.7932274348471894,0.7844798941434378,64774.0,26.30092320299991,166500864.0,,,,,,
receiver_loso_30,8-7,B210,829,P0_WIDE,4672,0.83822242538954994,0.83853756326387996,0.83839897260273977,0.072324367067840303,0.8161125148624307,0.8099113191444011,74827.0,41.37056826900152,166664704.0,,,,,,
receiver_loso_30,8-7,B210,829,P1,4672,0.84679321828525456,0.84648107490334701,0.84631849315068497,0.063711740924938406,0.814704377565261,0.8079333839122297,73030.0,90.01709153199954,181449728.0,,,,,,
receiver_loso_30,8-7,B210,829,P2,4672,0.82626322799096996,0.82562551461619138,0.82555650684931503,0.0749259760845708,0.7916801994554392,0.7821181440968479,75143.0,108.52777967899964,185805312.0,,,,,,
receiver_loso_30,8-7,B210,829,P2_MISMATCHED_RX,4672,0.81956784471842792,0.82020112438209603,0.81999143835616439,0.080582626183096195,0.7803978116851963,0.771203373753861,75143.0,2.7858095510000567,80650240.0,,,,,,
receiver_loso_30,8-7,B210,829,P2_NULL,4672,0.82917791354835568,0.82640300334652539,0.82619863013698636,0.059746176393524003,0.7640413803245587,0.7477363037039839,75143.0,0.5349188359996333,80650240.0,,,,,,
receiver_loso_30,8-7,B210,829,P2_SHUFFLED,4672,0.81691372873054702,0.81778420912062544,0.81763698630136983,0.083131430747166002,0.7700960742450674,0.7572076809141738,75143.0,3.5520032339991303,80650240.0,,,,,,
receiver_loso_30,8-7,B210,829,RX_NORM,4672,0.84290693684300066,0.84243061778402806,0.84225171232876717,0.0667630669609834,0.790410688463434,0.7801409987049336,64774.0,0.4741772870002023,71660544.0,,,,,,
receiver_loso_30,8-7,B210,829,SOURCE_NORM,4672,0.84598688720879844,0.84577335891562555,0.84567636986301364,0.051757944588332501,0.7942071642961984,0.7841618227163635,64774.0,40.846479701000135,166500864.0,,,,,,
receiver_loso_30,8-7,B210,829,T3A,4672,0.85838903562354696,0.8565035195093299,0.85637842465753422,0.086942109438807494,0.8132216435411772,0.807480271424701,64774.0,0.6212835059995996,73746944.0,,,,,,
receiver_loso_30,8-7,B210,1829,DG_CORAL,4672,0.80471611508981278,0.80767977468443963,0.80800513698630139,0.080961596134616204,0.8153034834513192,0.8073810544395553,64774.0,291.6475100809985,166500864.0,,,,,,
receiver_loso_30,8-7,B210,1829,DG_DANN,4672,0.81622008431745707,0.81571500506734129,0.81592465753424659,0.061887419661379402,0.7962056886479075,0.7851126398624474,70754.0,29.88947831599944,166447616.0,,,,,,
receiver_loso_30,8-7,B210,1829,DG_GROUPDRO,4672,0.73921956857714133,0.74718629124410263,0.74764554794520544,0.10290719377042799,0.7834030558894053,0.7703321434836737,64774.0,87.58682174800015,166501376.0,,,,,,
receiver_loso_30,8-7,B210,1829,P0,4672,0.83185378242761265,0.83161447360211038,0.83176369863013699,0.059198318074827297,0.8267359364943027,0.8199174381038045,64774.0,30.181533742999815,166500864.0,,,,,,
receiver_loso_30,8-7,B210,1829,P0_WIDE,4672,0.80778997807113928,0.8106397559255365,0.81100171232876717,0.086141718828999597,0.8123141109121638,0.8056734961240241,74827.0,39.79540019100023,166664704.0,,,,,,
receiver_loso_30,8-7,B210,1829,P1,4672,0.83962646714277589,0.83898219082784298,0.83925513698630139,0.063361474134232001,0.8081174743659928,0.7996146334163705,73030.0,100.52768571999876,181449728.0,,,,,,
receiver_loso_30,8-7,B210,1829,P2,4672,0.81472601517638965,0.81350902362364741,0.81335616438356162,0.1010688856588549,0.8001676021509402,0.7895540479584914,75143.0,100.96230673100035,185805312.0,,,,,,
receiver_loso_30,8-7,B210,1829,P2_MISMATCHED_RX,4672,0.81569205203903472,0.81529648836589652,0.81528253424657537,0.097362911073516495,0.7589295172083186,0.7436602604949288,75143.0,2.7712036140001146,80650240.0,,,,,,
receiver_loso_30,8-7,B210,1829,P2_NULL,4672,0.78927640404936572,0.7908822670632244,0.79088184931506844,0.116792610176673,0.7027667527549054,0.6808040837850952,75143.0,0.5513083149999147,80650240.0,,,,,,
receiver_loso_30,8-7,B210,1829,P2_SHUFFLED,4672,0.80676407337853162,0.80740048330515479,0.80757705479452058,0.1018269806845139,0.7777409885877735,0.7648796044775662,75143.0,3.658709141000145,80650240.0,,,,,,
receiver_loso_30,8-7,B210,1829,RX_NORM,4672,0.82980634521813534,0.83047032096893381,0.83069349315068497,0.077671139497845695,0.8297213331173268,0.8228618893442675,64774.0,0.4518705709997448,71660544.0,,,,,,
receiver_loso_30,8-7,B210,1829,SOURCE_NORM,4672,0.82656545846750074,0.82717313440137075,0.82726883561643838,0.074240403683626499,0.8324477512489348,0.8258987242989574,64774.0,40.72247009200146,166500864.0,,,,,,
receiver_loso_30,8-7,B210,1829,T3A,4672,0.84303342599010833,0.84056693814002459,0.84075342465753422,0.0580218385917785,0.8494079742738602,0.8436362729451465,64774.0,0.6084772220001469,73746944.0,,,,,,
receiver_loso_30,8-7,B210,2829,DG_CORAL,4672,0.83215359260634314,0.83219940140629678,0.8321917808219178,0.058451392384858303,0.8200934873999066,0.8109130288923776,64774.0,333.05817062700044,166500864.0,,,,,,
receiver_loso_30,8-7,B210,2829,DG_DANN,4672,0.84310781604398433,0.84244710634009168,0.84246575342465757,0.051465268163903503,0.8233589175774493,0.8157738219492169,70754.0,34.55459705999965,166447616.0,,,,,,
receiver_loso_30,8-7,B210,2829,DG_GROUPDRO,4672,0.79539295002442112,0.79511662409506656,0.79494863013698636,0.062271571191895303,0.7994358770810358,0.7880330268160228,64774.0,130.25568854599987,166501376.0,,,,,,
receiver_loso_30,8-7,B210,2829,P0,4672,0.83910452545179381,0.8392138895650425,0.83925513698630139,0.055910233510275298,0.8170786688463406,0.8083979853516493,64774.0,27.86912106700038,166500864.0,,,,,,
receiver_loso_30,8-7,B210,2829,P0_WIDE,4672,0.81705450511267441,0.81782231260680327,0.81785102739726023,0.073922079601899199,0.8165517262983468,0.8081459788581994,74827.0,28.4340094119998,166664704.0,,,,,,
receiver_loso_30,8-7,B210,2829,P1,4672,0.82335759069176617,0.82392389113818021,0.82384417808219179,0.063536371882647602,0.7793118137014678,0.7680239474823604,73030.0,100.2957486209998,178401792.0,,,,,,
receiver_loso_30,8-7,B210,2829,P2,4672,0.84150037324624316,0.83892210099290576,0.83882705479452058,0.069562324310002296,0.7947844445081955,0.7898736937606295,75143.0,104.48890659099924,182013952.0,,,,,,
receiver_loso_30,8-7,B210,2829,P2_MISMATCHED_RX,4672,0.83503988770507309,0.83420607976253569,0.83411815068493156,0.074369647300942504,0.7795557696604729,0.7688112038549025,75143.0,2.909999504001462,80650240.0,,,,,,
receiver_loso_30,8-7,B210,2829,P2_NULL,4672,0.83710520769537133,0.83603404369851786,0.8360445205479452,0.055648280833911497,0.784660902360509,0.7734819974560887,75143.0,0.5520288190000429,80650240.0,,,,,,
receiver_loso_30,8-7,B210,2829,P2_SHUFFLED,4672,0.82718717719741008,0.82628554735410065,0.82619863013698636,0.081947872258901405,0.7789894511916634,0.7690899817485617,75143.0,3.821955078999963,80650240.0,,,,,,
receiver_loso_30,8-7,B210,2829,RX_NORM,4672,0.82612284880306996,0.82593294558613817,0.82598458904109584,0.065196861927588903,0.8060442883484559,0.7955418227395837,64774.0,0.4672144800006208,71660544.0,,,,,,
receiver_loso_30,8-7,B210,2829,SOURCE_NORM,4672,0.82764978950294255,0.82763339216696308,0.82769691780821919,0.064286215243580302,0.8123638914962932,0.8022668800633793,64774.0,31.803325413000493,166500864.0,,,,,,
receiver_loso_30,8-7,B210,2829,T3A,4672,0.85295779118751991,0.85138360564181437,0.8514554794520548,0.054839119356610302,0.8414002059249062,0.8351354910676428,64774.0,0.60814276200108,73746944.0,,,,,,
receiver_loso_30,8-7,B210,3829,DG_CORAL,4672,0.76316164191524061,0.77645038599563831,0.77654109589041098,0.1043622199898865,0.7984038904484371,0.7881522900065092,64774.0,332.4458934209997,166500864.0,,,,,,
receiver_loso_30,8-7,B210,3829,DG_DANN,4672,0.79891954392314124,0.80072020720437198,0.8007277397260274,0.086151235099014303,0.7882901017753685,0.7802229072594459,70754.0,40.03348573299809,166447616.0,,,,,,
receiver_loso_30,8-7,B210,3829,DG_GROUPDRO,4672,0.72208696461197819,0.74293717653557101,0.74315068493150682,0.1171938190906474,0.7259617005853486,0.7131147501815808,64774.0,101.64366109600088,166501376.0,,,,,,
receiver_loso_30,8-7,B210,3829,P0,4672,0.76977899223620794,0.77716463105410372,0.7771832191780822,0.11535694850098389,0.7799761104004386,0.7698804801210888,64774.0,27.911348395999084,166500864.0,,,,,,
receiver_loso_30,8-7,B210,3829,P0_WIDE,4672,0.82822795255943937,0.8288958972703947,0.82876712328767121,0.073150999327381505,0.7867527523878768,0.7789990028646332,74827.0,41.55961023599957,166664704.0,,,,,,
receiver_loso_30,8-7,B210,3829,P1,4672,0.8113668198006182,0.81209652055091786,0.81207191780821919,0.081439444839903397,0.8278832360612416,0.8216893412435563,73030.0,86.82716752399938,181449728.0,,,,,,
receiver_loso_30,8-7,B210,3829,P2,4672,0.80574186822257576,0.80701541487948703,0.80714897260273977,0.094244337248398993,0.826101310122641,0.8180034617013777,75143.0,96.76368574200023,185805312.0,,,,,,
receiver_loso_30,8-7,B210,3829,P2_MISMATCHED_RX,4672,0.72929695932262195,0.75319282957210498,0.75342465753424659,0.14260164625330329,0.8179552393566135,0.8070741199637516,75143.0,3.324625280998589,80650240.0,,,,,,
receiver_loso_30,8-7,B210,3829,P2_NULL,4672,0.79083724694555524,0.79628243135218069,0.79623287671232879,0.066449672803410298,0.818017976187015,0.8082569287642595,75143.0,0.5560865760016895,80650240.0,,,,,,
receiver_loso_30,8-7,B210,3829,P2_SHUFFLED,4672,0.78473591810145382,0.79162885074440015,0.79173801369863017,0.10249650639749749,0.8163282979058667,0.8061006713287849,75143.0,4.156665532998886,80650240.0,,,,,,
receiver_loso_30,8-7,B210,3829,RX_NORM,4672,0.78630386406632446,0.79250404109532846,0.79259417808219179,0.089941796802035304,0.7799459600854929,0.7681858171708975,64774.0,0.5863262730017595,71660544.0,,,,,,
receiver_loso_30,8-7,B210,3829,SOURCE_NORM,4672,0.78588869832529562,0.79178436321218471,0.79195205479452058,0.0912672106769854,0.781553564704487,0.7697596361447383,64774.0,42.81739725999796,166500864.0,,,,,,
receiver_loso_30,8-7,B210,3829,T3A,4672,0.78719880262687447,0.78991401543006134,0.78981164383561642,0.065991155487446898,0.8051745725931578,0.8013924224218906,64774.0,0.7146405669991509,73746944.0,,,,,,
receiver_loso_30,8-7,B210,4829,DG_CORAL,4672,0.84271703578287027,0.84256161346086422,0.84267979452054798,0.060105047016468301,0.8483303676822304,0.8434922601019824,64774.0,325.02358715599985,166500864.0,,,,,,
receiver_loso_30,8-7,B210,4829,DG_DANN,4672,0.83171900508448793,0.83126555389181045,0.83133561643835618,0.058336208622315699,0.833531976022603,0.829318169016655,70754.0,36.21511994899993,166447616.0,,,,,,
receiver_loso_30,8-7,B210,4829,DG_GROUPDRO,4672,0.80349254140010196,0.80415026078353835,0.80436643835616439,0.045499956803013601,0.796142476487056,0.7872745046417942,64774.0,74.74337816699699,166501376.0,,,,,,
receiver_loso_30,8-7,B210,4829,P0,4672,0.83895248495269936,0.83755495907287114,0.83754280821917804,0.048769388979377298,0.8359111126173088,0.8270975244049087,64774.0,37.755539042002056,166500864.0,,,,,,
receiver_loso_30,8-7,B210,4829,P0_WIDE,4672,0.84023945529931032,0.8393111523418163,0.83946917808219179,0.045992089964908597,0.7984046227023917,0.7886128484294916,74827.0,27.824053780001123,166664704.0,,,,,,
receiver_loso_30,8-7,B210,4829,P1,4672,0.8460881375012349,0.84514416572401918,0.84524828767123283,0.0603768551652,0.8243009179698794,0.8178907451811536,73030.0,93.56245273199966,181449728.0,,,,,,
receiver_loso_30,8-7,B210,4829,P2,4672,0.78753673904684607,0.78977743120527988,0.79002568493150682,0.1123268936875544,0.8020115827110619,0.7996203228365336,75143.0,105.4953037669984,185805312.0,,,,,,
receiver_loso_30,8-7,B210,4829,P2_MISMATCHED_RX,4672,0.79019904771804095,0.79198182875539569,0.79216609589041098,0.10337066943183131,0.7805268974053831,0.7747439364878672,75143.0,2.762198616997921,80650240.0,,,,,,
receiver_loso_30,8-7,B210,4829,P2_NULL,4672,0.78582363721938187,0.78942820479454923,0.78959760273972601,0.085601089943251302,0.7707409720119712,0.7647056145119122,75143.0,0.5119203070025833,80650240.0,,,,,,
receiver_loso_30,8-7,B210,4829,P2_SHUFFLED,4672,0.75225902294492808,0.76341394973605092,0.76369863013698636,0.1360125988243428,0.7808561035735594,0.7742389219437339,75143.0,3.512826498001232,80650240.0,,,,,,
receiver_loso_30,8-7,B210,4829,RX_NORM,4672,0.82680915720314785,0.82844062772226845,0.82855308219178081,0.069466547562090003,0.8340222689006533,0.8311595680237968,64774.0,0.4840780760023335,71660544.0,,,,,,
receiver_loso_30,8-7,B210,4829,SOURCE_NORM,4672,0.82299201338576555,0.82526381221667888,0.82534246575342463,0.064613472182329199,0.8354812831940537,0.832924297474245,64774.0,36.1372470819988,166500864.0,,,,,,
receiver_loso_30,8-7,B210,4829,T3A,4672,0.85027148262001984,0.84879169996259218,0.84888698630136983,0.17984993553605591,0.8478952012816873,0.8404997834245488,64774.0,0.6808340499992482,73746944.0,,,,,,
receiver_loso_31,8-8,N210,829,DG_CORAL,4672,0.92744239716839705,0.92939938515592402,0.92915239726027399,0.0105976967829955,0.8294707747826314,0.8152806528925769,64774.0,260.9264823409994,166500864.0,,,,,,
receiver_loso_31,8-8,N210,829,DG_DANN,4672,0.88138184339122905,0.88389069258131536,0.88356164383561642,0.021971522639059,0.8163577518461395,0.8003298582272206,70754.0,27.201219615999435,166447616.0,,,,,,
receiver_loso_31,8-8,N210,829,DG_GROUPDRO,4672,0.78481366977955325,0.8006358738360615,0.80008561643835618,0.048414868366432502,0.7924525835477502,0.7784282742871554,64774.0,67.36720395799966,166501376.0,,,,,,
receiver_loso_31,8-8,N210,829,P0,4672,0.91855366319282883,0.91931016102887764,0.91909246575342463,0.0185770845895455,0.8274979334969519,0.8140448836924419,64774.0,36.35800809700049,166500864.0,,,,,,
receiver_loso_31,8-8,N210,829,P0_WIDE,4672,0.86893531012195169,0.87570755116385757,0.87542808219178081,0.049823139411435499,0.8322343159808963,0.8206023121915128,74827.0,28.512308919000134,166664704.0,,,,,,
receiver_loso_31,8-8,N210,829,P1,4672,0.92507461993640516,0.92565414403130097,0.92551369863013699,0.0310684069417008,0.8745230949738922,0.8685266773368706,73030.0,98.7231157160004,178401792.0,,,,,,
receiver_loso_31,8-8,N210,829,P2,4672,0.88335825279871127,0.888717089337828,0.88848458904109584,0.049508682484036698,0.8456305975058004,0.8384682134967368,75143.0,94.26556959399932,182013952.0,,,,,,
receiver_loso_31,8-8,N210,829,P2_MISMATCHED_RX,4672,0.88681718812240673,0.89105088209577465,0.8908390410958904,0.045737320187259199,0.8211956936206676,0.8096481761588316,75143.0,3.088918241999636,80650240.0,,,,,,
receiver_loso_31,8-8,N210,829,P2_NULL,4672,0.85659284147815029,0.85798717544193071,0.85787671232876717,0.036799511999810297,0.8052132504437292,0.7970960838756035,75143.0,0.5806607920003444,80650240.0,,,,,,
receiver_loso_31,8-8,N210,829,P2_SHUFFLED,4672,0.883912381669679,0.89005279474810106,0.88976883561643838,0.045863899242847297,0.832801529140372,0.8234373164485467,75143.0,3.62258312099948,80650240.0,,,,,,
receiver_loso_31,8-8,N210,829,RX_NORM,4672,0.914284489168812,0.91748668700922198,0.91716609589041098,0.014159877708003,0.8239387589284712,0.8102689059119186,64774.0,0.505933651000305,71660544.0,,,,,,
receiver_loso_31,8-8,N210,829,SOURCE_NORM,4672,0.91715407296560403,0.9198226389802604,0.91952054794520544,0.010722056362931,0.8228214710824601,0.8075674120947017,64774.0,44.30394756500027,166500864.0,,,,,,
receiver_loso_31,8-8,N210,829,T3A,4672,0.94090331563193441,0.941057814990088,0.94092465753424659,0.11493819755859259,0.841298808522415,0.8344074221511014,64774.0,0.7320091510009661,73746944.0,,,,,,
receiver_loso_31,8-8,N210,1829,DG_CORAL,4672,0.92140855948081435,0.9205993600733704,0.92080479452054798,0.019558692459425299,0.8555233272129809,0.8484621879478262,64774.0,232.75110546299948,166500864.0,,,,,,
receiver_loso_31,8-8,N210,1829,DG_DANN,4672,0.89925070206811852,0.90036587680101843,0.90089897260273977,0.0342599613151882,0.8634166552808211,0.8579423092630379,70754.0,28.248198630000843,166447616.0,,,,,,
receiver_loso_31,8-8,N210,1829,DG_GROUPDRO,4672,0.84665766742101944,0.84730572266540793,0.8476027397260274,0.020384171237684202,0.8374678838953753,0.8298133347883901,64774.0,45.71242042799895,166501376.0,,,,,,
receiver_loso_31,8-8,N210,1829,P0,4672,0.88520598494443892,0.88756848821016465,0.88805650684931503,0.042812215106893502,0.8615694426403572,0.8541410260789862,64774.0,26.218243528999665,166500864.0,,,,,,
receiver_loso_31,8-8,N210,1829,P0_WIDE,4672,0.87134145434345223,0.87643604109105644,0.87649828767123283,0.063095644358800704,0.8682901725081984,0.8625902065131461,74827.0,36.134211071999744,166664704.0,,,,,,
receiver_loso_31,8-8,N210,1829,P1,4672,0.93218934398105902,0.93362245981463521,0.9336472602739726,0.031269884623638097,0.8701076838491688,0.8660136238429813,73030.0,97.0709790410001,181449728.0,,,,,,
receiver_loso_31,8-8,N210,1829,P2,4672,0.86078532465415147,0.87024912419710965,0.87029109589041098,0.067579925398355001,0.8594218858479831,0.8543044539229632,75143.0,111.42649204600092,185805312.0,,,,,,
receiver_loso_31,8-8,N210,1829,P2_MISMATCHED_RX,4672,0.84988142279947099,0.86527098399162983,0.86515410958904104,0.074672689546563004,0.8335330954919331,0.8215032486480602,75143.0,2.821416834000047,80650240.0,,,,,,
receiver_loso_31,8-8,N210,1829,P2_NULL,4672,0.84082383954149964,0.84665596815031874,0.84653253424657537,0.068560022962828093,0.8095660917865563,0.7967942724505573,75143.0,0.5733775520002382,80650240.0,,,,,,
receiver_loso_31,8-8,N210,1829,P2_SHUFFLED,4672,0.85896599108055172,0.86900044679014821,0.86900684931506844,0.070343769544556803,0.839316030125752,0.8293541648430854,75143.0,3.6798196800009455,80650240.0,,,,,,
receiver_loso_31,8-8,N210,1829,RX_NORM,4672,0.88194235646976749,0.88460888452256403,0.88505993150684936,0.041993917993027402,0.8590405659354162,0.8520721185513412,64774.0,0.5220973640007287,71660544.0,,,,,,
receiver_loso_31,8-8,N210,1829,SOURCE_NORM,4672,0.88421505861848138,0.88690048285733025,0.88741438356164382,0.042087807524183798,0.8601937204229761,0.8528383614042038,64774.0,23.049690173000272,166500864.0,,,,,,
receiver_loso_31,8-8,N210,1829,T3A,4672,0.90042080207995667,0.90227249744738003,0.90282534246575341,0.10863360781094999,0.881523226135852,0.8774083277834409,64774.0,0.6623313239997515,73746944.0,,,,,,
receiver_loso_31,8-8,N210,2829,DG_CORAL,4672,0.90544750375989125,0.90673126604451504,0.90732020547945202,0.018242438062259999,0.8358373127415929,0.8248536268763912,64774.0,238.1327765610004,166500864.0,,,,,,
receiver_loso_31,8-8,N210,2829,DG_DANN,4672,0.89006498129560419,0.89232458587289631,0.89297945205479456,0.026437788238519201,0.8267627903410926,0.8159212674659808,70754.0,37.55315912500009,166447616.0,,,,,,
receiver_loso_31,8-8,N210,2829,DG_GROUPDRO,4672,0.81974189656413599,0.82539830506185352,0.82619863013698636,0.046886603794481597,0.8004599316448805,0.7846133557537884,64774.0,78.27576173299894,166501376.0,,,,,,
receiver_loso_31,8-8,N210,2829,P0,4672,0.91503914969546163,0.92030116181458876,0.92101883561643838,0.027106014469459799,0.8360209576368048,0.8260847143054805,64774.0,35.438479320000624,166500864.0,,,,,,
receiver_loso_31,8-8,N210,2829,P0_WIDE,4672,0.90324951158811784,0.90470259446610679,0.90539383561643838,0.035356281631409303,0.8393255151066775,0.8280561867162576,74827.0,28.06113918199844,166664704.0,,,,,,
receiver_loso_31,8-8,N210,2829,P1,4672,0.93552095916845845,0.93640306316560462,0.93685787671232879,0.030325288029566098,0.8694805957471495,0.8638962172602053,73030.0,89.94359928400081,181449728.0,,,,,,
receiver_loso_31,8-8,N210,2829,P2,4672,0.88810752739733212,0.8910454477387364,0.89190924657534243,0.072472145959530707,0.8627855201493485,0.8550520471270057,75143.0,99.08029122399968,185805312.0,,,,,,
receiver_loso_31,8-8,N210,2829,P2_MISMATCHED_RX,4672,0.87078244956297646,0.87905631126870298,0.88013698630136983,0.075592569228618997,0.8468364732172531,0.8352998296685753,75143.0,2.9327931869993336,80650240.0,,,,,,
receiver_loso_31,8-8,N210,2829,P2_NULL,4672,0.86126337974213218,0.86643148764018607,0.86750856164383561,0.083999077693801605,0.8401515324022958,0.8282298200056685,75143.0,0.5835394829991856,80650240.0,,,,,,
receiver_loso_31,8-8,N210,2829,P2_SHUFFLED,4672,0.88802576392111154,0.89227989958236664,0.89319349315068497,0.068466692658983197,0.8564411569777356,0.8482519329472576,75143.0,3.632199962001323,80650240.0,,,,,,
receiver_loso_31,8-8,N210,2829,RX_NORM,4672,0.87263011053920836,0.87750988803447483,0.87842465753424659,0.051907342048489402,0.8255852765552788,0.8135572860558636,64774.0,0.5469487359987397,71660544.0,,,,,,
receiver_loso_31,8-8,N210,2829,SOURCE_NORM,4672,0.88499692876989933,0.88852582415873893,0.88934075342465757,0.0426504034230051,0.8362311294568539,0.8252289053732548,64774.0,32.471894323000015,166500864.0,,,,,,
receiver_loso_31,8-8,N210,2829,T3A,4672,0.93216207651625083,0.93461754303454603,0.93514554794520544,0.078230295330285998,0.8570810329097648,0.8541179342104854,64774.0,0.6840116300008958,73746944.0,,,,,,
receiver_loso_31,8-8,N210,3829,DG_CORAL,4672,0.83868378023314361,0.84499436712101295,0.84546232876712324,0.086592157438320799,0.8429880332134778,0.8339819632991933,64774.0,327.3718157740004,166500864.0,,,,,,
receiver_loso_31,8-8,N210,3829,DG_DANN,4672,0.84640047127118978,0.85186874839375426,0.85231164383561642,0.069723590423850498,0.8332840020576198,0.8245272525273628,70754.0,33.83339460699972,166447616.0,,,,,,
receiver_loso_31,8-8,N210,3829,DG_GROUPDRO,4672,0.77650041790201285,0.78470567058778684,0.7851027397260274,0.069337249841949194,0.7992720442290059,0.787688793511497,64774.0,89.81830187199921,166501376.0,,,,,,
receiver_loso_31,8-8,N210,3829,P0,4672,0.83263948856602676,0.84116298655385868,0.84160958904109584,0.098229663606018605,0.8517313397742877,0.8446764736823201,64774.0,40.37794112499978,166500864.0,,,,,,
receiver_loso_31,8-8,N210,3829,P0_WIDE,4672,0.85754387964631984,0.85854381796282875,0.85894691780821919,0.085050544478254303,0.849975734243993,0.8438344972428095,74827.0,38.196446369000114,166664704.0,,,,,,
receiver_loso_31,8-8,N210,3829,P1,4672,0.90571259097026202,0.90682558548788483,0.90710616438356162,0.055625549651529299,0.8611155555110829,0.8557839530289447,73030.0,101.046447146,178401792.0,,,,,,
receiver_loso_31,8-8,N210,3829,P2,4672,0.87180880285528506,0.88033534102636091,0.88077910958904104,0.052427249820264997,0.8705927617832914,0.8663582326759333,75143.0,86.17313441199985,182013952.0,,,,,,
receiver_loso_31,8-8,N210,3829,P2_MISMATCHED_RX,4672,0.87464442342334026,0.88118994780947124,0.88163527397260277,0.0478933830362782,0.8621131305437938,0.8572256444871643,75143.0,2.860821890000807,80650240.0,,,,,,
receiver_loso_31,8-8,N210,3829,P2_NULL,4672,0.83495177900230078,0.84875884670421564,0.84931506849315064,0.052335912400014499,0.8308989585382212,0.8244323028768301,75143.0,0.580771282000569,80650240.0,,,,,,
receiver_loso_31,8-8,N210,3829,P2_SHUFFLED,4672,0.87147296884742964,0.87905598642147531,0.87949486301369861,0.050590965191974001,0.848337868548855,0.840804222277924,75143.0,3.701395586000217,80650240.0,,,,,,
receiver_loso_31,8-8,N210,3829,RX_NORM,4672,0.83611915991162489,0.83865793356879903,0.83904109589041098,0.083383211540696098,0.831978657791022,0.8229696286966894,64774.0,0.4617276850003691,71660544.0,,,,,,
receiver_loso_31,8-8,N210,3829,SOURCE_NORM,4672,0.83664857490590616,0.83928548302096895,0.8396832191780822,0.081608662841050505,0.8330957457925207,0.8247069806410451,64774.0,33.97120950899989,166500864.0,,,,,,
receiver_loso_31,8-8,N210,3829,T3A,4672,0.86088795300234944,0.86531973174332821,0.86579623287671237,0.0589578385713624,0.8756796076723442,0.8698814363668078,64774.0,0.6180074510011764,73746944.0,,,,,,
receiver_loso_31,8-8,N210,4829,DG_CORAL,4672,0.93080191260896161,0.93224131703381596,0.93214897260273977,0.032954362667586598,0.8592697721683312,0.8511058514083164,64774.0,331.62159700899974,166500864.0,,,,,,
receiver_loso_31,8-8,N210,4829,DG_DANN,4672,0.92600437352725262,0.92687195424722402,0.92679794520547942,0.027015701373273599,0.8635640274111429,0.8578156182319367,70754.0,37.68854574599936,166447616.0,,,,,,
receiver_loso_31,8-8,N210,4829,DG_GROUPDRO,4672,0.88105744293006039,0.88415701078225262,0.88420376712328763,0.025137503947169602,0.8282855950797483,0.8141571574880931,64774.0,109.38258672899974,166501376.0,,,,,,
receiver_loso_31,8-8,N210,4829,P0,4672,0.91187594202501143,0.913185428250192,0.91309931506849318,0.030596578436303999,0.850478521582136,0.8402675582608042,64774.0,23.478353968999727,166500864.0,,,,,,
receiver_loso_31,8-8,N210,4829,P0_WIDE,4672,0.90196389118736964,0.90480078496285399,0.90475171232876717,0.0492210931922882,0.8345331607819765,0.8186757844140939,74827.0,41.38081635199888,166664704.0,,,,,,
receiver_loso_31,8-8,N210,4829,P1,4672,0.92222494574719782,0.92382233386413837,0.92380136986301364,0.044373647603270103,0.8647319720471701,0.8608656552960005,73030.0,88.65068096899995,178401792.0,,,,,,
receiver_loso_31,8-8,N210,4829,P2,4672,0.92232971167488342,0.92408153213920619,0.92401541095890416,0.0290568720243157,0.8639711254467742,0.8561261861207418,75143.0,75.46358423600032,182013952.0,,,,,,
receiver_loso_31,8-8,N210,4829,P2_MISMATCHED_RX,4672,0.92621590236540097,0.92795457606609444,0.92786815068493156,0.026947484970449902,0.8594949785142303,0.8508418507209163,75143.0,2.8048370589986007,80650240.0,,,,,,
receiver_loso_31,8-8,N210,4829,P2_NULL,4672,0.92735314421847004,0.92882100729696804,0.92872431506849318,0.022144602114104898,0.8507610421701285,0.8378644380510828,75143.0,0.5537516090007557,80650240.0,,,,,,
receiver_loso_31,8-8,N210,4829,P2_SHUFFLED,4672,0.91688438701055519,0.91895525143729395,0.91887842465753422,0.031995571084473699,0.8559961035048659,0.8451175046145963,75143.0,3.624326054999983,80650240.0,,,,,,
receiver_loso_31,8-8,N210,4829,RX_NORM,4672,0.91270764214580336,0.91360368946239645,0.91352739726027399,0.028484147290813899,0.8492271399053353,0.8382897760106763,64774.0,0.4356907149995095,71660544.0,,,,,,
receiver_loso_31,8-8,N210,4829,SOURCE_NORM,4672,0.91224123700253701,0.91318293838551079,0.91309931506849318,0.030664969006017499,0.8543609207619149,0.8446026770654725,64774.0,27.74357897099981,166500864.0,,,,,,
receiver_loso_31,8-8,N210,4829,T3A,4672,0.92081925357605743,0.92150290820415137,0.92144691780821919,0.1021813372666756,0.8773886605030952,0.8729297069895368,64774.0,0.5869792870016681,73746944.0,,,,,,
receiver_loso_00,1-1,N210,829,SUP_FT_128,4672,0.79670547335421837,0.79839334843303444,0.79880136986301364,0.0854360846075395,,,,,,0.6951785087585449,0.3151901066303253,1.9778600690042367,390.0,0.001,20.0
receiver_loso_00,1-1,N210,1829,SUP_FT_128,4672,0.7955282636783263,0.79850755330429124,0.79815924657534243,0.1101394389335015,,,,,,0.6820268630981445,0.25292038917541504,0.7007989999983693,390.0,0.001,20.0
receiver_loso_00,1-1,N210,2829,SUP_FT_128,4672,0.76830459918846461,0.77238289415341332,0.77268835616438358,0.1078706076687635,,,,,,0.6482507586479187,0.3307483494281769,0.6780662370001664,390.0,0.001,20.0
receiver_loso_00,1-1,N210,3829,SUP_FT_128,4672,0.87848681390038053,0.87933512847708695,0.87928082191780821,0.0312925587561338,,,,,,0.3616168200969696,0.2524223327636719,0.7148987940017832,390.0,0.001,20.0
receiver_loso_00,1-1,N210,4829,SUP_FT_128,4672,0.86724226107763214,0.86913957322690527,0.86900684931506844,0.053554651614482598,,,,,,0.39915356040000916,0.21316055953502655,0.6959920629888074,390.0,0.001,20.0
receiver_loso_01,1-19,N210,829,SUP_FT_128,4672,0.69298275988878444,0.68799357920481652,0.68942636986301364,0.20478813568997661,,,,,,1.032848596572876,0.27437570691108704,0.6720526370045263,390.0,0.001,20.0
receiver_loso_01,1-19,N210,1829,SUP_FT_128,4672,0.77487115493759584,0.77543116545822155,0.77525684931506844,0.14457664515644519,,,,,,0.7535504102706909,0.2213871031999588,0.6736213219992351,390.0,0.001,20.0
receiver_loso_01,1-19,N210,2829,SUP_FT_128,4672,0.70833085599493251,0.71553303802348822,0.7146832191780822,0.17017865735935431,,,,,,0.9039108157157898,0.308957576751709,0.6837359960045433,390.0,0.001,20.0
receiver_loso_01,1-19,N210,3829,SUP_FT_128,4672,0.73184471205281787,0.73483211160924178,0.73480308219178081,0.17713390462968029,,,,,,0.8593598008155823,0.23181550204753876,0.6715996840066509,390.0,0.001,20.0
receiver_loso_01,1-19,N210,4829,SUP_FT_128,4672,0.7731576727615157,0.76660245589173026,0.76648116438356162,0.1068933162812704,,,,,,0.6982114911079407,0.3379150927066803,0.6795038800046314,390.0,0.001,20.0
receiver_loso_02,1-20,N210,829,SUP_FT_128,4672,0.88568251440534229,0.88887478522481145,0.88934075342465757,0.0214798027738826,,,,,,0.29642653465270996,0.32068267464637756,0.6848720059933839,390.0,0.001,20.0
receiver_loso_02,1-20,N210,1829,SUP_FT_128,4672,0.8672613492349065,0.87401750524455624,0.87414383561643838,0.0199902372766439,,,,,,0.3415203094482422,0.3586660921573639,0.7012360719963908,390.0,0.001,20.0
receiver_loso_02,1-20,N210,2829,SUP_FT_128,4672,0.85781924472207416,0.86015678436858833,0.86001712328767121,0.030210376136668299,,,,,,0.403812438249588,0.3659798502922058,0.7145429670054,390.0,0.001,20.0
receiver_loso_02,1-20,N210,3829,SUP_FT_128,4672,0.8029754973192923,0.81523908624342978,0.81485445205479456,0.086785317634627795,,,,,,0.5279495120048523,0.2685587406158447,0.6875540600012755,390.0,0.001,20.0
receiver_loso_02,1-20,N210,4829,SUP_FT_128,4672,0.88719906171788221,0.88756770312098121,0.88720034246575341,0.032169859441737197,,,,,,0.35151055455207825,0.23029306530952454,0.7049918769916985,390.0,0.001,20.0
receiver_loso_03,13-14,B210,829,SUP_FT_128,4528,0.80991717315909828,0.8188466760844425,0.81537102473498235,0.058525183767922699,,,,,,0.4833981692790985,0.33922532200813293,0.6704489669937175,390.0,0.001,20.0
receiver_loso_03,13-14,B210,1829,SUP_FT_128,4528,0.78074972036755297,0.78703536525969842,0.78356890459363959,0.094322671613560505,,,,,,0.5573209524154663,0.3333740234375,0.6729665090097114,390.0,0.001,20.0
receiver_loso_03,13-14,B210,2829,SUP_FT_128,4528,0.8718700777628493,0.87371213973577821,0.87234982332155475,0.0253734764883248,,,,,,0.3429512679576874,0.27464208006858826,0.6519860029948177,390.0,0.001,20.0
receiver_loso_03,13-14,B210,3829,SUP_FT_128,4528,0.63520416453926209,0.67414093177874124,0.66916961130742048,0.19077692952257161,,,,,,1.1407082080841064,0.36559605598449707,0.6646636660007061,390.0,0.0005,20.0
receiver_loso_03,13-14,B210,4829,SUP_FT_128,4528,0.81167279972865358,0.81801900753604251,0.81559187279151946,0.043577116443495899,,,,,,0.49581995606422424,0.3729115426540375,0.6567374839942204,390.0,0.001,20.0
receiver_loso_04,13-7,B210,829,SUP_FT_128,4672,0.84421210744247321,0.84190831711702163,0.84203767123287676,0.051569271953904101,,,,,,0.5143752694129944,0.2815004587173462,0.6549026449938538,390.0,0.001,20.0
receiver_loso_04,13-7,B210,1829,SUP_FT_128,4672,0.85598817530528459,0.85382586995502008,0.85380993150684936,0.051687538515368101,,,,,,0.48219946026802063,0.2715560495853424,0.6466071589966305,390.0,0.001,20.0
receiver_loso_04,13-7,B210,2829,SUP_FT_128,4672,0.82335282134066878,0.82039540934686939,0.8204195205479452,0.060893487389365203,,,,,,0.6046336889266968,0.32858607172966003,0.6589804340037517,390.0,0.001,20.0
receiver_loso_04,13-7,B210,3829,SUP_FT_128,4672,0.80607842731694834,0.80610789007074357,0.80607876712328763,0.070504604845167407,,,,,,0.6221572756767273,0.3326724171638489,0.6605122959881555,390.0,0.001,20.0
receiver_loso_04,13-7,B210,4829,SUP_FT_128,4672,0.85286704013262149,0.85005302808544692,0.84995719178082196,0.037049342237081201,,,,,,0.4985303580760956,0.3097493648529053,0.6960001419938635,390.0,0.001,20.0
receiver_loso_05,14-7,N210,829,SUP_FT_128,4672,0.92320943128924482,0.92344650229153802,0.92337328767123283,0.025833886046574901,,,,,,0.2474423199892044,0.14759303629398346,0.6940832370019052,390.0,0.001,20.0
receiver_loso_05,14-7,N210,1829,SUP_FT_128,4672,0.8933070862162239,0.89315649315870349,0.89319349315068497,0.0254248328800376,,,,,,0.2779814302921295,0.22879447042942047,0.6968675090029137,390.0,0.001,20.0
receiver_loso_05,14-7,N210,2829,SUP_FT_128,4672,0.92451129091952278,0.9264133913467224,0.92615582191780821,0.032489796653900199,,,,,,0.21945513784885406,0.12104201316833496,0.6847015289968112,390.0,0.001,20.0
receiver_loso_05,14-7,N210,3829,SUP_FT_128,4672,0.88644021148203345,0.88796011341369552,0.88762842465753422,0.044337760637935202,,,,,,0.3505852520465851,0.1896655410528183,0.6828181309974752,390.0,0.001,20.0
receiver_loso_05,14-7,N210,4829,SUP_FT_128,4672,0.94650698197371719,0.94647713882234796,0.94648972602739723,0.0147321493020408,,,,,,0.14374707639217377,0.13231045007705688,0.646763209006167,390.0,0.001,20.0
receiver_loso_06,18-19,B210,829,SUP_FT_128,4672,0.82644459034456041,0.82726138513653658,0.82726883561643838,0.0754632744427821,,,,,,0.6350951790809631,0.26614663004875183,0.6579253649979364,390.0,0.001,20.0
receiver_loso_06,18-19,B210,1829,SUP_FT_128,4672,0.83324207135746187,0.8330498811850221,0.83283390410958902,0.065573253075605006,,,,,,0.6014870405197144,0.28520193696022034,0.6452890530053992,390.0,0.001,20.0
receiver_loso_06,18-19,B210,2829,SUP_FT_128,4672,0.83814148176211545,0.83812593052043427,0.83818493150684936,0.0631824640161677,,,,,,0.5709662437438965,0.270818829536438,0.6519313000026159,390.0,0.001,20.0
receiver_loso_06,18-19,B210,3829,SUP_FT_128,4672,0.81202367786746132,0.81333745179028893,0.81335616438356162,0.0830258586482234,,,,,,0.6721058487892151,0.2826121151447296,0.6486664830008522,390.0,0.001,20.0
receiver_loso_06,18-19,B210,4829,SUP_FT_128,4672,0.79497128866076705,0.79429160874195748,0.79430650684931503,0.052688826475139297,,,,,,0.6668663620948792,0.42868128418922424,0.631896274004248,390.0,0.001,20.0
receiver_loso_07,18-2,B210,829,SUP_FT_128,4672,0.79747641727588048,0.80444058461066881,0.80500856164383561,0.075698128525065494,,,,,,0.6641013026237488,0.34150853753089905,0.6361147940042429,390.0,0.001,20.0
receiver_loso_07,18-2,B210,1829,SUP_FT_128,4672,0.84630019004661128,0.84995495907653618,0.85081335616438358,0.045850551189625097,,,,,,0.43699952960014343,0.2865273058414459,0.6657552149990806,390.0,0.001,20.0
receiver_loso_07,18-2,B210,2829,SUP_FT_128,4672,0.80917753484449317,0.8201003371305613,0.82063356164383561,0.073782727485905295,,,,,,0.6459751725196838,0.30043116211891174,0.6391673649923177,390.0,0.001,20.0
receiver_loso_07,18-2,B210,3829,SUP_FT_128,4672,0.77163291101978837,0.77676009166707238,0.77696917808219179,0.064150144546994303,,,,,,0.6180423498153687,0.43116429448127747,0.6500527299940586,390.0,0.001,20.0
receiver_loso_07,18-2,B210,4829,SUP_FT_128,4672,0.79822716203438693,0.80836102507855923,0.80821917808219179,0.057966544650086702,,,,,,0.6162987947463989,0.3769952058792114,0.6490274499956286,390.0,0.001,20.0
receiver_loso_08,19-1,N210,829,SUP_FT_128,4672,0.7985428553898325,0.79897404697716201,0.79922945205479456,0.079690601912722495,,,,,,0.5372856855392456,0.3249805271625519,0.6701212210027734,390.0,0.001,20.0
receiver_loso_08,19-1,N210,1829,SUP_FT_128,4672,0.79828432661461324,0.7979972347608677,0.79837328767123283,0.076425975909431093,,,,,,0.5418131351470947,0.3334096670150757,0.6554890849947697,390.0,0.001,20.0
receiver_loso_08,19-1,N210,2829,SUP_FT_128,4672,0.75247079153497787,0.76095657489316082,0.76048801369863017,0.14053463754052781,,,,,,0.7759195566177368,0.2622528076171875,0.6431239509984152,390.0,0.0005,5.0
receiver_loso_08,19-1,N210,3829,SUP_FT_128,4672,0.78189241985151237,0.77896803992291896,0.77868150684931503,0.13301242186930279,,,,,,0.7215575575828552,0.23850364983081818,0.6331136219960172,390.0,0.001,20.0
receiver_loso_08,19-1,N210,4829,SUP_FT_128,4672,0.80996032615354485,0.80988765478404812,0.81014554794520544,0.10311299725754609,,,,,,0.5698118209838867,0.2374882698059082,0.6729880869970657,390.0,0.001,20.0
receiver_loso_09,19-19,N210,829,SUP_FT_128,4672,0.89768164257908489,0.8983878158752151,0.8983304794520548,0.036382749096222501,,,,,,0.32802969217300415,0.19384759664535522,0.7005563210113905,390.0,0.001,20.0
receiver_loso_09,19-19,N210,1829,SUP_FT_128,4672,0.91870773719093402,0.92087281292652523,0.92080479452054798,0.013651540190338599,,,,,,0.2236371487379074,0.1952206790447235,0.6506477519869804,390.0,0.001,20.0
receiver_loso_09,19-19,N210,2829,SUP_FT_128,4672,0.91856657867057523,0.9201853337236422,0.91994863013698636,0.0161712573496752,,,,,,0.22756753861904144,0.28334811329841614,0.6533506830019178,390.0,0.001,20.0
receiver_loso_09,19-19,N210,3829,SUP_FT_128,4672,0.83920453744919443,0.84682413023470116,0.84674657534246578,0.0781095839705164,,,,,,0.5236339569091797,0.21055833995342255,0.6640087440027855,390.0,0.001,20.0
receiver_loso_09,19-19,N210,4829,SUP_FT_128,4672,0.93639347981015619,0.93761025539364862,0.9377140410958904,0.0243293631132947,,,,,,0.19827106595039368,0.11398269981145859,0.6468839879962616,390.0,0.001,20.0
receiver_loso_10,19-2,N210,829,SUP_FT_128,4672,0.7924896086281592,0.79126345925570629,0.79152397260273977,0.093527214231658495,,,,,,0.6459186673164368,0.31196796894073486,0.6534820829983801,390.0,0.001,20.0
receiver_loso_10,19-2,N210,1829,SUP_FT_128,4672,0.83573073018960597,0.8359985992529686,0.8360445205479452,0.0612795305030088,,,,,,0.49229535460472107,0.27988114953041077,0.6414719790045638,390.0,0.001,20.0
receiver_loso_10,19-2,N210,2829,SUP_FT_128,4672,0.83681169755321683,0.84031878889881317,0.8398972602739726,0.0689586307662092,,,,,,0.5791082382202148,0.2619272470474243,0.6499735550023615,390.0,0.001,20.0
receiver_loso_10,19-2,N210,3829,SUP_FT_128,4672,0.83747323067839352,0.84005904585828761,0.84011130136986301,0.0437699969959994,,,,,,0.5113683342933655,0.3318707048892975,0.6443677820061566,390.0,0.001,20.0
receiver_loso_10,19-2,N210,4829,SUP_FT_128,4672,0.90906843715448882,0.91024065235705098,0.9101027397260274,0.0085196059248218003,,,,,,0.2843450903892517,0.28591039776802063,0.6730083110014675,390.0,0.001,20.0
receiver_loso_11,19-20,N210,829,SUP_FT_128,4472,0.85720252938635344,0.8591708557672515,0.85442754919499109,0.031557507659700099,,,,,,0.49125996232032776,0.3627683222293854,0.6516287109989207,390.0,0.001,20.0
receiver_loso_11,19-20,N210,1829,SUP_FT_128,4472,0.85849932220338132,0.86167885376658415,0.85666368515205726,0.063763178998274495,,,,,,0.49640142917633057,0.22806791961193085,0.6458755459898384,390.0,0.001,20.0
receiver_loso_11,19-20,N210,2829,SUP_FT_128,4472,0.85869953058770931,0.86158031266103274,0.8564400715563506,0.073330928959712105,,,,,,0.4817645847797394,0.20751819014549255,0.6438186849991325,390.0,0.001,20.0
receiver_loso_11,19-20,N210,3829,SUP_FT_128,4472,0.75906125310108596,0.7739465564496687,0.76386404293381038,0.15169746957199509,,,,,,0.8832809329032898,0.23507483303546906,0.6485037530073896,390.0,0.001,20.0
receiver_loso_11,19-20,N210,4829,SUP_FT_128,4472,0.74450601533246763,0.76308554187766309,0.75268336314847939,0.17073851248019489,,,,,,0.985085666179657,0.20995207130908966,0.6926433930057101,390.0,0.001,20.0
receiver_loso_12,2-1,N210,829,SUP_FT_128,4672,0.84564999486611203,0.85229118664637016,0.85295376712328763,0.075957784913990606,,,,,,0.414887011051178,0.19943153858184814,0.6919755020062439,390.0,0.001,20.0
receiver_loso_12,2-1,N210,1829,SUP_FT_128,4672,0.7990363461257437,0.79746766661546564,0.79815924657534243,0.1142177494587249,,,,,,0.640889048576355,0.23149587213993073,0.6854836370039266,390.0,0.001,20.0
receiver_loso_12,2-1,N210,2829,SUP_FT_128,4672,0.77081914324936252,0.77270751048404174,0.77226027397260277,0.13014449797927921,,,,,,0.804896891117096,0.2737276256084442,0.6846280899917474,390.0,0.001,20.0
receiver_loso_12,2-1,N210,3829,SUP_FT_128,4672,0.82174214505535692,0.82352468860062267,0.82320205479452058,0.1070367679229542,,,,,,0.5907867550849915,0.18366925418376923,0.6708171729987953,390.0,0.001,20.0
receiver_loso_12,2-1,N210,4829,SUP_FT_128,4672,0.84882966005356142,0.85331074057980183,0.85316780821917804,0.082706834629739295,,,,,,0.49958163499832153,0.17825567722320557,0.6691685859987047,390.0,0.001,20.0
receiver_loso_13,2-19,N210,829,SUP_FT_128,4672,0.86652695846679506,0.87542376071842209,0.87542808219178081,0.054546894556651397,,,,,,0.43620797991752625,0.20871208608150482,0.7007224800036056,390.0,0.001,20.0
receiver_loso_13,2-19,N210,1829,SUP_FT_128,4672,0.93515134252358978,0.934963589461276,0.93493150684931503,0.0129974921017068,,,,,,0.18887759745121002,0.16663718223571777,0.6886380299984012,390.0,0.001,20.0
receiver_loso_13,2-19,N210,2829,SUP_FT_128,4672,0.8734481942581156,0.87916779002394529,0.87928082191780821,0.053013984413741,,,,,,0.431071400642395,0.20088784396648407,0.7081561660015723,390.0,0.001,20.0
receiver_loso_13,2-19,N210,3829,SUP_FT_128,4672,0.89508284538506377,0.89591861234832992,0.89661815068493156,0.017998957030526098,,,,,,0.3230203092098236,0.2588233947753906,0.6835715020133648,390.0,0.001,20.0
receiver_loso_13,2-19,N210,4829,SUP_FT_128,4672,0.92213893649853163,0.92409378419688837,0.92380136986301364,0.0106767930906929,,,,,,0.23833322525024414,0.21799874305725098,0.6901610329950927,390.0,0.001,20.0
receiver_loso_14,20-1,N210,829,SUP_FT_128,4672,0.95085734970954805,0.95081100874062285,0.95077054794520544,0.0079687556877017004,,,,,,0.14912962913513184,0.12284643203020096,0.7264126519876299,390.0,0.001,20.0
receiver_loso_14,20-1,N210,1829,SUP_FT_128,4672,0.94297310127913503,0.94268218867781339,0.94263698630136983,0.0062123218627824998,,,,,,0.1615399867296219,0.159321129322052,0.7095756580092711,390.0,0.001,20.0
receiver_loso_14,20-1,N210,2829,SUP_FT_128,4672,0.92602980732215401,0.9255241242551292,0.9257277397260274,0.018180609482965598,,,,,,0.19593417644500732,0.15675848722457886,0.7052558029972715,390.0,0.001,20.0
receiver_loso_14,20-1,N210,3829,SUP_FT_128,4672,0.90055189172949113,0.89996788134839678,0.89982876712328763,0.039161237294798402,,,,,,0.30189576745033264,0.16558490693569183,0.7049277400074061,390.0,0.001,20.0
receiver_loso_14,20-1,N210,4829,SUP_FT_128,4672,0.93021437665007556,0.92924042497025161,0.92915239726027399,0.0129766988325609,,,,,,0.19094933569431305,0.16735683381557465,0.6818594390060753,390.0,0.001,20.0
receiver_loso_15,20-19,N210,829,SUP_FT_128,4672,0.91655370631907118,0.92005967275430922,0.92016267123287676,0.0114033125940556,,,,,,0.21728117763996124,0.20263931155204773,0.6781629260076443,390.0,0.001,20.0
receiver_loso_15,20-19,N210,1829,SUP_FT_128,4672,0.95796541435052363,0.95850436155710761,0.95847602739726023,0.0093318162013915993,,,,,,0.12581096589565277,0.1125192642211914,0.6852612849907018,390.0,0.001,20.0
receiver_loso_15,20-19,N210,2829,SUP_FT_128,4672,0.92192986374228203,0.92846619399358443,0.92786815068493156,0.020961654404407899,,,,,,0.21383334696292877,0.1585836261510849,0.7039196069963509,390.0,0.001,20.0
receiver_loso_15,20-19,N210,3829,SUP_FT_128,4672,0.84153292201325136,0.84442606887505478,0.84460616438356162,0.079531627547710204,,,,,,0.4685792326927185,0.20117247104644775,0.7023530520091299,390.0,0.001,20.0
receiver_loso_15,20-19,N210,4829,SUP_FT_128,4672,0.94036473962460398,0.94094845395723936,0.94113869863013699,0.017663860202396901,,,,,,0.16762831807136536,0.1177394837141037,0.6818794400023762,390.0,0.001,20.0
receiver_loso_16,20-20,N210,829,SUP_FT_128,4672,0.88332572325719549,0.88662827494998542,0.88698630136986301,0.026931365250214299,,,,,,0.36941981315612793,0.2544881999492645,0.7067247669911012,390.0,0.001,20.0
receiver_loso_16,20-20,N210,1829,SUP_FT_128,4672,0.75862282971208483,0.76704189268838741,0.76605308219178081,0.099245803022425402,,,,,,0.669460654258728,0.3591032028198242,0.67284591900534,390.0,0.001,20.0
receiver_loso_16,20-20,N210,2829,SUP_FT_128,4672,0.80447325054593322,0.81553070212439149,0.81571061643835618,0.087763480319041895,,,,,,0.5709336996078491,0.2610144019126892,0.6808221839892212,390.0,0.001,20.0
receiver_loso_16,20-20,N210,3829,SUP_FT_128,4672,0.76689610111448703,0.77584737770208323,0.77589897260273977,0.1038433641692853,,,,,,0.7136335968971252,0.3247186243534088,0.7034204990050057,390.0,0.001,20.0
receiver_loso_16,20-20,N210,4829,SUP_FT_128,4672,0.81745233368424464,0.82494048964135258,0.82470034246575341,0.075379351045528106,,,,,,0.5170741081237793,0.26617106795310974,0.6986939780035755,390.0,0.001,20.0
receiver_loso_17,23-1,X310,829,SUP_FT_128,4672,0.93265608361823382,0.93254582535286201,0.93257705479452058,0.0105791064425792,,,,,,0.20121124386787415,0.17123401165008545,0.7060641080024652,390.0,0.001,20.0
receiver_loso_17,23-1,X310,1829,SUP_FT_128,4672,0.94610537668949402,0.94621956536051277,0.94627568493150682,0.0089683500437500001,,,,,,0.15778400003910065,0.1733504682779312,0.6823195530014345,390.0,0.001,20.0
receiver_loso_17,23-1,X310,2829,SUP_FT_128,4672,0.93377011071301841,0.93393214156244764,0.93386130136986301,0.014200109152812199,,,,,,0.20868131518363953,0.24516385793685913,0.7145423089968972,390.0,0.001,20.0
receiver_loso_17,23-1,X310,3829,SUP_FT_128,4672,0.91066599799463444,0.91173012758115757,0.91117294520547942,0.014951095323090999,,,,,,0.2743384838104248,0.23790064454078674,0.6907179669942707,390.0,0.001,20.0
receiver_loso_17,23-1,X310,4829,SUP_FT_128,4672,0.93935558347764259,0.93977166047320637,0.93985445205479456,0.018957612685195701,,,,,,0.175187885761261,0.12039098143577576,0.6927139199979138,390.0,0.001,20.0
receiver_loso_18,23-3,X310,829,SUP_FT_128,4672,0.92600349423003125,0.92785856624840757,0.92786815068493156,0.018272658146611599,,,,,,0.20222070813179016,0.15320739150047302,0.6786690860026283,390.0,0.001,20.0
receiver_loso_18,23-3,X310,1829,SUP_FT_128,4672,0.91488814844668276,0.91762560432704399,0.91738013698630139,0.012695049318446699,,,,,,0.22263644635677338,0.1962689757347107,0.6869805860042106,390.0,0.001,20.0
receiver_loso_18,23-3,X310,2829,SUP_FT_128,4672,0.94142205858290895,0.94280178226012601,0.94263698630136983,0.0106807019025699,,,,,,0.16192997992038727,0.15767137706279755,0.6715482079889625,390.0,0.001,20.0
receiver_loso_18,23-3,X310,3829,SUP_FT_128,4672,0.85659427660084286,0.86674418982935031,0.8670804794520548,0.040872072788236,,,,,,0.37564751505851746,0.2582870423793793,0.7066213529906236,390.0,0.001,20.0
receiver_loso_18,23-3,X310,4829,SUP_FT_128,4672,0.90168763159092036,0.90614315510811316,0.90625,0.0353812294922871,,,,,,0.2751576006412506,0.16765493154525757,0.6815608710021479,390.0,0.001,20.0
receiver_loso_19,23-5,X310,829,SUP_FT_128,4672,0.89346352528532547,0.89420288704067497,0.8944777397260274,0.020799984913064101,,,,,,0.3173827528953552,0.24930980801582336,0.6970902370085241,390.0,0.001,20.0
receiver_loso_19,23-5,X310,1829,SUP_FT_128,4672,0.85173172889974846,0.85680501116723562,0.85637842465753422,0.0696359271795986,,,,,,0.46462130546569824,0.2097906619310379,0.672700959010399,390.0,0.001,20.0
receiver_loso_19,23-5,X310,2829,SUP_FT_128,4672,0.86442856722482941,0.86801730409585376,0.86793664383561642,0.050743415607267001,,,,,,0.423513799905777,0.23751062154769897,0.6994474830135005,390.0,0.001,20.0
receiver_loso_19,23-5,X310,3829,SUP_FT_128,4672,0.8020447791206009,0.80633946683190594,0.80629280821917804,0.091917909005631293,,,,,,0.6014603972434998,0.2727172374725342,0.694248202999006,390.0,0.001,20.0
receiver_loso_19,23-5,X310,4829,SUP_FT_128,4672,0.85443737143100928,0.85913103643426902,0.85894691780821919,0.052212936950413701,,,,,,0.4275003671646118,0.25137683749198914,0.6776350959989941,390.0,0.001,20.0
receiver_loso_20,23-6,X310,829,SUP_FT_128,4672,0.92222738083714584,0.92822261192261779,0.92829623287671237,0.020904334705348401,,,,,,0.22083310782909393,0.16029135882854462,0.7057508470024914,390.0,0.001,20.0
receiver_loso_20,23-6,X310,1829,SUP_FT_128,4672,0.9545610990017096,0.95599422183757377,0.95590753424657537,0.012265469145335901,,,,,,0.12908464670181274,0.09006647765636444,0.6756210559979081,390.0,0.001,20.0
receiver_loso_20,23-6,X310,2829,SUP_FT_128,4672,0.95606168329115282,0.95788454482912522,0.95761986301369861,0.012867539333281599,,,,,,0.1281691938638687,0.09098997712135315,0.7069632209895644,390.0,0.001,20.0
receiver_loso_20,23-6,X310,3829,SUP_FT_128,4672,0.90115924786055979,0.90454074548868701,0.90475171232876717,0.030403478326250399,,,,,,0.26040878891944885,0.18575578927993774,0.6896394930081442,390.0,0.001,20.0
receiver_loso_20,23-6,X310,4829,SUP_FT_128,4672,0.94641802054873703,0.94891363811597262,0.9490582191780822,0.0127262766217838,,,,,,0.14757108688354492,0.11710198223590851,0.6798879979905905,390.0,0.001,20.0
receiver_loso_21,23-7,X310,829,SUP_FT_128,4672,0.76561554038382551,0.77480056508988682,0.77568493150684936,0.13121713997719631,,,,,,0.8312655687332153,0.25172558426856995,0.6961167290137382,390.0,0.001,20.0
receiver_loso_21,23-7,X310,1829,SUP_FT_128,4672,0.77074828831362796,0.78807457329960062,0.7891695205479452,0.1551287531253103,,,,,,0.9353752732276917,0.15892525017261505,0.679750094001065,390.0,0.001,20.0
receiver_loso_21,23-7,X310,2829,SUP_FT_128,4672,0.75211162273496612,0.76937603358486217,0.76840753424657537,0.13938488060455409,,,,,,0.8484712243080139,0.2748473584651947,0.6897922100033611,390.0,0.001,20.0
receiver_loso_21,23-7,X310,3829,SUP_FT_128,4672,0.74574916915045719,0.76371946103777955,0.76391267123287676,0.113613701157578,,,,,,0.7589499354362488,0.3380131721496582,0.705884408991551,390.0,0.001,20.0
receiver_loso_21,23-7,X310,4829,SUP_FT_128,4672,0.74954457034488975,0.76346500658524252,0.76241438356164382,0.15627353526141541,,,,,,0.8309667706489563,0.2176775187253952,0.6689843189960811,390.0,0.001,20.0
receiver_loso_22,24-13,X310,829,SUP_FT_128,4472,0.89701837850967214,0.89660836300324165,0.90496422182468683,0.0086400739095558003,,,,,,0.2747160792350769,0.28825363516807556,0.6864896119950572,390.0,0.001,20.0
receiver_loso_22,24-13,X310,1829,SUP_FT_128,4472,0.8856208409602897,0.88610245189467696,0.90205724508050078,0.026738019096989901,,,,,,0.2627071738243103,0.2022036612033844,0.6755287359992508,390.0,0.001,20.0
receiver_loso_22,24-13,X310,2829,SUP_FT_128,4472,0.86012946045962646,0.86464461154325922,0.88349731663685149,0.038480961965213702,,,,,,0.32804474234580994,0.22080294787883759,0.6844163999921875,390.0,0.001,20.0
receiver_loso_22,24-13,X310,3829,SUP_FT_128,4472,0.87633875596266542,0.87464698164492871,0.88752236135957063,0.018502745304209998,,,,,,0.2940452992916107,0.25928574800491333,0.6910384619986871,390.0,0.001,20.0
receiver_loso_22,24-13,X310,4829,SUP_FT_128,4472,0.88673012504663307,0.88857769303024892,0.90697674418604635,0.020785438380002401,,,,,,0.2426709532737732,0.28868770599365234,0.6975605269981315,390.0,0.001,20.0
receiver_loso_23,24-16,X310,829,SUP_FT_128,4472,0.94255709852461478,0.9426005134512212,0.94476744186046524,0.022093946077529202,,,,,,0.16543465852737427,0.2344176322221756,0.6853366079885745,390.0,0.001,20.0
receiver_loso_23,24-16,X310,1829,SUP_FT_128,4472,0.92232795153660563,0.92100914572220915,0.92933810375670844,0.0074153825147527004,,,,,,0.20467352867126465,0.2180965691804886,0.695135660993401,390.0,0.001,20.0
receiver_loso_23,24-16,X310,2829,SUP_FT_128,4472,0.96551315294262241,0.96737906147923736,0.96779964221824677,0.017930229615973198,,,,,,0.11125540733337402,0.1631186455488205,0.6876289209903916,390.0,0.001,20.0
receiver_loso_23,24-16,X310,3829,SUP_FT_128,4472,0.82575890644967076,0.82759296330454735,0.83899821109123429,0.016164494068603302,,,,,,0.41550949215888977,0.39272502064704895,0.6841342190018622,390.0,0.001,20.0
receiver_loso_23,24-16,X310,4829,SUP_FT_128,4472,0.94499700839385881,0.94488577582577815,0.94879248658318438,0.017874460727349498,,,,,,0.15958356857299805,0.20263981819152832,0.7280097710026894,390.0,0.001,20.0
receiver_loso_24,24-5,X310,829,SUP_FT_128,3962,0.56468769680185293,0.5792723291164722,0.66128218071680966,0.1565868042067167,,,,,,1.1223373413085938,0.4773141145706177,0.6872646129922941,390.0,0.001,20.0
receiver_loso_24,24-5,X310,1829,SUP_FT_128,3962,0.56429573966795776,0.58665343206251142,0.67440686521958604,0.17573561424982781,,,,,,1.1016188859939575,0.40442967414855957,0.6716964099905454,390.0,0.001,20.0
receiver_loso_24,24-5,X310,2829,SUP_FT_128,3962,0.58440370999619606,0.59815941090980063,0.68626956082786472,0.15557060705884301,,,,,,0.9778831005096436,0.41893839836120605,0.6873694420064567,390.0,0.001,20.0
receiver_loso_24,24-5,X310,3829,SUP_FT_128,3962,0.59165038054624353,0.6023401129785132,0.69964664310954061,0.14000973221646121,,,,,,0.848786473274231,0.42305856943130493,0.6947461599920643,390.0,0.001,20.0
receiver_loso_24,24-5,X310,4829,SUP_FT_128,3962,0.61228472724061545,0.62930440630963391,0.73599192327107521,0.1251763586276472,,,,,,0.7679426074028015,0.3769788444042206,0.6624510910041863,390.0,0.001,20.0
receiver_loso_25,24-6,X310,829,SUP_FT_128,4225,0.88572401378745169,0.89486338157979806,0.89396449704142011,0.0293377886686099,,,,,,0.315713107585907,0.22502614557743073,0.686437455995474,390.0,0.001,20.0
receiver_loso_25,24-6,X310,1829,SUP_FT_128,4225,0.8899167776034913,0.88755434893192309,0.90745562130177515,0.012119334273084301,,,,,,0.2822558581829071,0.23645058274269104,0.6795202679932117,390.0,0.001,20.0
receiver_loso_25,24-6,X310,2829,SUP_FT_128,4225,0.91006801544413241,0.91131957977990763,0.92142011834319515,0.0163784801607301,,,,,,0.21379584074020386,0.18434764444828033,0.6765134680026677,390.0,0.001,20.0
receiver_loso_25,24-6,X310,3829,SUP_FT_128,4225,0.92731040531014319,0.92783367246120596,0.93822485207100603,0.0077377711915404997,,,,,,0.19067423045635223,0.18103057146072388,0.6896420800039778,390.0,0.001,20.0
receiver_loso_25,24-6,X310,4829,SUP_FT_128,4225,0.91835060008665204,0.91194581555081,0.93183431952662721,0.016177848662145,,,,,,0.2093730866909027,0.21632513403892517,0.7008811489940854,390.0,0.001,20.0
receiver_loso_26,3-19,B210,829,SUP_FT_128,4672,0.72988826614514979,0.73755626011826736,0.73715753424657537,0.1199966863735438,,,,,,0.8130639791488647,0.39051833748817444,0.6881833809893578,390.0,0.001,20.0
receiver_loso_26,3-19,B210,1829,SUP_FT_128,4672,0.62378084321553395,0.62790497050093019,0.62714041095890416,0.18659245562803459,,,,,,1.0927026271820068,0.5038403272628784,0.7024705200019525,390.0,0.001,20.0
receiver_loso_26,3-19,B210,2829,SUP_FT_128,4672,0.71333906441827422,0.71845287738504415,0.71875,0.12325211751517159,,,,,,0.8270004391670227,0.4282374382019043,0.6889751769922441,390.0,0.001,20.0
receiver_loso_26,3-19,B210,3829,SUP_FT_128,4672,0.66347906730397277,0.66391579385578059,0.66352739726027399,0.13573002014372951,,,,,,0.9704601168632507,0.5450310707092285,0.663634398006252,390.0,0.001,20.0
receiver_loso_26,3-19,B210,4829,SUP_FT_128,4672,0.66771345635175716,0.67168033540541539,0.6720890410958904,0.1458694942212625,,,,,,0.9655539393424988,0.4909197688102722,0.680940742007806,390.0,0.001,20.0
receiver_loso_27,7-14,N210,829,SUP_FT_128,4672,0.74628329558048501,0.74924841005592013,0.74892979452054798,0.13979626224975869,,,,,,0.7609062790870667,0.30043092370033264,0.7129226569959428,390.0,0.001,20.0
receiver_loso_27,7-14,N210,1829,SUP_FT_128,4672,0.78773131452666612,0.79229251647654164,0.79195205479452058,0.1190607925264598,,,,,,0.6800846457481384,0.24449698626995087,0.7045810870040441,390.0,0.001,20.0
receiver_loso_27,7-14,N210,2829,SUP_FT_128,4672,0.74288635956824656,0.74350562544390708,0.74315068493150682,0.15126555664337249,,,,,,0.8223437070846558,0.2881793975830078,0.6843297790037468,390.0,0.001,20.0
receiver_loso_27,7-14,N210,3829,SUP_FT_128,4672,0.73535059779511736,0.73728211035986513,0.73737157534246578,0.16363835060484189,,,,,,0.9575214385986328,0.26868706941604614,0.7313140579935862,390.0,0.001,20.0
receiver_loso_27,7-14,N210,4829,SUP_FT_128,4672,0.88735239387403653,0.88830135196389737,0.88869863013698636,0.045142567850496203,,,,,,0.34031942486763,0.19198811054229736,0.6956541489926167,390.0,0.001,20.0
receiver_loso_28,7-7,N210,829,SUP_FT_128,4672,0.9123488803258738,0.91287601171860999,0.91267123287671237,0.023943868934572399,,,,,,0.24617686867713928,0.1742776781320572,0.6686036710016197,390.0,0.001,20.0
receiver_loso_28,7-7,N210,1829,SUP_FT_128,4672,0.91208893971270744,0.91442183412658362,0.91438356164383561,0.025693197032972501,,,,,,0.21912312507629395,0.15959586203098297,0.6676023170002736,390.0,0.001,20.0
receiver_loso_28,7-7,N210,2829,SUP_FT_128,4672,0.93886266495556459,0.94004371769249639,0.93964041095890416,0.015721948734446298,,,,,,0.18023771047592163,0.15382160246372223,0.7205607619980583,390.0,0.001,20.0
receiver_loso_28,7-7,N210,3829,SUP_FT_128,4672,0.86631230942163617,0.86574942071958716,0.86536815068493156,0.070438799263322499,,,,,,0.34514400362968445,0.16672217845916748,0.6836842930060811,390.0,0.001,20.0
receiver_loso_28,7-7,N210,4829,SUP_FT_128,4672,0.92362498194248044,0.92501430065348422,0.92551369863013699,0.024290242908548001,,,,,,0.20522062480449677,0.1471930593252182,0.6715900550043443,390.0,0.001,20.0
receiver_loso_29,8-14,B210,829,SUP_FT_128,4672,0.72422289608727242,0.73095475032127888,0.7305222602739726,0.12916120762413691,,,,,,0.9686470627784729,0.3823769986629486,0.700203184998827,390.0,0.001,20.0
receiver_loso_29,8-14,B210,1829,SUP_FT_128,4672,0.75552703570456814,0.75502160484520831,0.75470890410958902,0.11363269861353791,,,,,,0.8692216277122498,0.37915560603141785,0.691013881994877,390.0,0.001,20.0
receiver_loso_29,8-14,B210,2829,SUP_FT_128,4672,0.76407184161007857,0.76577633283675794,0.76519691780821919,0.094239503540711006,,,,,,0.7908547520637512,0.37231016159057617,0.6608595259895083,390.0,0.001,20.0
receiver_loso_29,8-14,B210,3829,SUP_FT_128,4672,0.71116550068302031,0.7126289312530204,0.71297089041095896,0.12317083027430691,,,,,,1.017967700958252,0.42236635088920593,0.6679239889926976,390.0,0.001,20.0
receiver_loso_29,8-14,B210,4829,SUP_FT_128,4672,0.734809480083919,0.73079287756012523,0.73095034246575341,0.078606565868839198,,,,,,0.8581615090370178,0.5086851716041565,0.6911440310068429,390.0,0.001,20.0
receiver_loso_30,8-7,B210,829,SUP_FT_128,4672,0.84128431318545616,0.84132443018349168,0.84118150684931503,0.041812253152721898,,,,,,0.5433120131492615,0.30929577350616455,0.6874979440035531,390.0,0.001,20.0
receiver_loso_30,8-7,B210,1829,SUP_FT_128,4672,0.84110408326913022,0.8394747973599771,0.83946917808219179,0.048651253472860499,,,,,,0.5524362325668335,0.3032710552215576,0.6870894689927809,390.0,0.001,20.0
receiver_loso_30,8-7,B210,2829,SUP_FT_128,4672,0.83997216435768352,0.83815529592814519,0.83797089041095896,0.064335345915735601,,,,,,0.5548334121704102,0.2789096534252167,0.6716275229991879,390.0,0.001,20.0
receiver_loso_30,8-7,B210,3829,SUP_FT_128,4672,0.78920049407612314,0.79294576095727221,0.7928082191780822,0.093508366447528801,,,,,,0.7581348419189453,0.30227985978126526,0.6669740499928594,390.0,0.001,20.0
receiver_loso_30,8-7,B210,4829,SUP_FT_128,4672,0.84669895993267019,0.84539732696449754,0.84546232876712324,0.037902894244873697,,,,,,0.5798229575157166,0.3283211588859558,0.690183625993086,390.0,0.001,20.0
receiver_loso_31,8-8,N210,829,SUP_FT_128,4672,0.93885063199602259,0.93930643503637479,0.93921232876712324,0.0061087083224563004,,,,,,0.17590972781181335,0.1750679314136505,0.672764921997441,390.0,0.001,20.0
receiver_loso_31,8-8,N210,1829,SUP_FT_128,4672,0.90307896450216596,0.9044033488060228,0.90453767123287676,0.018129431559665898,,,,,,0.2572770416736603,0.22149203717708588,0.7051302149920957,390.0,0.001,20.0
receiver_loso_31,8-8,N210,2829,SUP_FT_128,4672,0.93844129228728645,0.93960526512388576,0.94006849315068497,0.015905402575249399,,,,,,0.18221469223499298,0.15145233273506165,0.6759535980090732,390.0,0.001,20.0
receiver_loso_31,8-8,N210,3829,SUP_FT_128,4672,0.85548787659855308,0.85930358751161784,0.85980308219178081,0.084822708964092594,,,,,,0.526857852935791,0.15123353898525238,0.6628514269978041,390.0,0.001,20.0
receiver_loso_31,8-8,N210,4829,SUP_FT_128,4672,0.90747662939586604,0.910037100402592,0.90988869863013699,0.036351816722332099,,,,,,0.27299487590789795,0.1632004827260971,0.6772833849972812,390.0,0.001,20.0
