receiver,method,scope,budget,probability_variant,macro_f1,accuracy,balanced_accuracy,ece,adaptive_ece,nll,brier,mean_confidence,mean_correctness,confidence_accuracy_gap,entropy
1-1,DG_CORAL,primary,128,raw,0.8059254545933182,0.8097174657534246,0.8096089441372036,0.0934438861702402,0.0929948552269233,0.6423506584235331,0.2875538559411846,0.902614153697066,0.8097174657534246,0.0928966879436414,0.2693922206760281
1-1,DG_DANN,primary,128,raw,0.7908404543927888,0.7979880136986301,0.7978930557526482,0.1014705802454319,0.1016818410142847,0.7204076374145747,0.3098389381547239,0.8991270883161931,0.7979880136986301,0.101139074617563,0.2789946705680494
1-1,DG_GROUPDRO,primary,128,raw,0.7596061977382209,0.7675513698630138,0.7675879841999903,0.0812973389000159,0.0814070723880694,0.6969017394701404,0.3345047681559877,0.8484971890640637,0.7675513698630138,0.0809458192010499,0.4200351028014995
1-1,EMB_STD,primary,128,raw,0.8136213506552723,0.8186215753424658,0.8184601945698283,0.0973646939974533,0.0969057342879576,0.7068780412453691,0.2807455144057112,0.9155223026310336,0.8186215753424658,0.0969007272885678,0.2266002342853262
1-1,EMB_STD,primary,128,source_temperature,0.8136213506552723,0.8186215753424658,0.8184601945698283,0.034842012431239,0.0357521508270098,0.5504965616180449,0.258277696704046,0.8303269047463724,0.8186215753424658,0.0117053294039066,0.5096305297540751
1-1,P0,primary,128,raw,0.7944210496201914,0.8018835616438356,0.8017659674365646,0.0991114420484598,0.0988022140240016,0.6872304934635468,0.2977508248979246,0.9005963984009338,0.8018835616438356,0.0987128367570981,0.2686287638901586
1-1,P0,primary,128,source_temperature,0.7944210496201914,0.8018835616438356,0.8017659674365646,0.0407670282194873,0.0423057815787119,0.5673020079224943,0.2750664177090708,0.8236473202360661,0.8018835616438356,0.0217637585922305,0.5212376582949613
1-1,P0_WIDE,primary,128,raw,0.8149706029317152,0.8175085616438356,0.8174670571329908,0.1000679726788952,0.0999952877412409,0.6332413878468355,0.2792620034002023,0.9174752237900377,0.8175085616438356,0.099966662146202,0.2215567353231882
1-1,P1,primary,128,raw,0.8471265787621768,0.8473030821917809,0.8471830054436771,0.0879547682450446,0.0873443723796573,0.5768075204584809,0.2402743642679242,0.9346132875560488,0.8473030821917809,0.0873102053642681,0.177450493742502
1-1,P2,primary,128,raw,0.8269305287665615,0.8276969178082192,0.8277103366213308,0.096860942887525,0.0964569480528366,0.6037967588005235,0.2700844679325728,0.924112040837844,0.8276969178082192,0.0964151230296247,0.2062024444659797
1-1,P2,primary,128,source_temperature,0.8269305287665615,0.8276969178082192,0.8277103366213308,0.029907947197059,0.0308756661104454,0.4797642190798755,0.2448681176477677,0.8375687419359801,0.8276969178082192,0.0098718241277609,0.4900326040421913
1-1,P2_MISMATCHED_RX,primary,128,raw,0.8129742284591748,0.8136130136986301,0.813657400313651,0.1063770032564356,0.1060365649667402,0.6669814605069304,0.2926355902489767,0.9195982416492108,0.8136130136986301,0.1059852279505807,0.2173123297398003
1-1,P2_NULL,primary,128,raw,0.8173988989819847,0.8189212328767124,0.8190741007135836,0.0800843081437051,0.0792874353708163,0.6006338680764534,0.2772522026899636,0.8978729794962866,0.8189212328767124,0.0789517466195744,0.2862751911442456
1-1,P2_SHUFFLED,primary,128,raw,0.8184169919345813,0.8184931506849316,0.8185205866005429,0.1037442659027874,0.1034698724147085,0.6343853155094934,0.2837966526021251,0.9218965050611287,0.8184931506849316,0.1034033543761972,0.2117496931440059
1-1,RX_NORM,primary,128,raw,0.7862807343228015,0.7912671232876712,0.7911853775371575,0.1063385109174741,0.1059690900988978,0.7069606746647856,0.3138778061734872,0.8972075837447424,0.7912671232876712,0.105940460457071,0.2810535465792828
1-1,SAR_GN,primary,128,raw,0.7944210496201914,0.8018835616438356,0.8017659674365646,0.0991114420484598,0.0988022140240016,0.6872304934635468,0.2977508248979246,0.9005963984009338,0.8018835616438356,0.0987128367570981,0.2686287638901586
1-1,SAR_GN,primary,128,source_temperature,0.7944210496201914,0.8018835616438356,0.8017659674365646,0.0407683015325598,0.0423066132486903,0.5673034899561692,0.2750670922487356,0.8236501208221018,0.8018835616438356,0.0217665591782662,0.5212284750522819
1-1,SOURCE_NORM,primary,128,raw,0.7944285381778478,0.7985017123287671,0.7984335286924076,0.1021899591723125,0.1022532834250428,0.6914016440764924,0.3061113500362894,0.9004795732180753,0.7985017123287671,0.1019778608893082,0.2723421249777611
1-1,SUP_FT_FULL_128,primary,128,raw,0.9180416361447076,0.9183219178082191,0.9183619485669507,0.0211374705606331,0.021297100635424,0.2538140360660436,0.1220245293472144,0.9380598575769834,0.9183219178082191,0.0197379397687642,0.1767170545221347
1-1,SUP_FT_HEAD_128,primary,128,raw,0.8212534822398044,0.8235873287671233,0.8235516995189462,0.0776586683160842,0.0773556750573932,0.5572452934839858,0.2603385112019097,0.9006567913936834,0.8235873287671233,0.0770694626265601,0.2728883546509719
1-1,T3A,primary,128,raw,0.8157255272770942,0.8178938356164384,0.8178369052038905,0.1037487555429186,0.1028860676210781,0.5616246289865698,0.2693095235417473,0.721120130705124,0.8178938356164384,-0.0967737049113142,0.8128854512642987
1-1,T3A,primary,128,source_temperature,0.8157255272770942,0.8178938356164384,0.8178369052038905,0.0374793028635831,0.0357010278259003,0.5063400962402274,0.2521406275759227,0.8237622556842472,0.8178938356164384,0.0058684200678089,0.5027200527629511
1-19,DG_CORAL,primary,128,raw,0.7099462755845215,0.7132277397260275,0.7130001681284435,0.1869683955426085,0.1867521399632096,1.0142269978016258,0.4605909353975946,0.8999798796892371,0.7132277397260275,0.1867521399632096,0.269971879645301
1-19,DG_DANN,primary,128,raw,0.7263626069150696,0.7279965753424658,0.7277592230016625,0.1695860943540114,0.1687796335565309,0.915079633395558,0.4319779617784311,0.8967683515575242,0.7279965753424658,0.1687717762150585,0.2795773064228107
1-19,DG_GROUPDRO,primary,128,raw,0.6722330692885542,0.6712328767123288,0.6710204481181515,0.1726152371640687,0.1722373879042594,0.9409847442231544,0.4968628678824704,0.8434702646165881,0.6712328767123288,0.1722373879042594,0.4246097969346519
1-19,EMB_STD,primary,128,raw,0.7213242557714377,0.726027397260274,0.725614311395671,0.188232980986215,0.1879090621620927,1.0681851108126217,0.4453298661793705,0.9139364594223668,0.726027397260274,0.1879090621620927,0.2269319848526355
1-19,EMB_STD,primary,128,source_temperature,0.7213242557714377,0.726027397260274,0.725614311395671,0.1273058636328833,0.1258274619007625,0.7912231540692208,0.4034276580205606,0.8517893824625584,0.726027397260274,0.1257619852022845,0.4250554719840058
1-19,P0,primary,128,raw,0.708003103955942,0.7098886986301369,0.7095901146992356,0.1868514120884954,0.186683653182771,0.9981813534613696,0.4613295070935285,0.8965723518129082,0.7098886986301369,0.186683653182771,0.273937012446253
1-19,P0,primary,128,source_temperature,0.708003103955942,0.7098886986301369,0.7095901146992356,0.131556588418469,0.1309767143830265,0.7952869594017089,0.4239593401797671,0.8406719336606769,0.7098886986301369,0.1307832350305399,0.4479949101742719
1-19,P0_WIDE,primary,128,raw,0.7132496333287499,0.7171232876712329,0.7170572526709729,0.2135398299031418,0.2128423157537177,1.2210119225381884,0.4795190160021954,0.9299654283363068,0.7171232876712329,0.2128421406650737,0.1809208278822937
1-19,P1,primary,128,raw,0.716465637393212,0.7199486301369863,0.7197683142774322,0.2186805352300711,0.2186806480400264,1.324583173162667,0.4802654627216292,0.9386291653670576,0.7199486301369863,0.2186805352300712,0.1578137024396634
1-19,P2,primary,128,raw,0.7212748135908649,0.7235445205479453,0.7232800660691945,0.220341566233092,0.2202251002906936,1.4529441570043526,0.4841604759093006,0.9437696208386388,0.7235445205479453,0.2202251002906936,0.1472181740801
1-19,P2,primary,128,source_temperature,0.7212748135908649,0.7235445205479453,0.7232800660691945,0.1545990356166189,0.1537541894599298,0.879979106806509,0.4317471201336325,0.8772014549616951,0.7235445205479453,0.1536569344137499,0.3606543522645296
1-19,P2_MISMATCHED_RX,primary,128,raw,0.7032290226985177,0.7043664383561643,0.704230071288287,0.2354917850957749,0.2351700767415435,1.5609544925854812,0.5163079870305555,0.939536515097708,0.7043664383561643,0.2351700767415435,0.1567089461013569
1-19,P2_NULL,primary,128,raw,0.7113426886573234,0.7141267123287671,0.7137878894094635,0.2133897265961572,0.2129593041336342,1.3195503166888425,0.4847269125216111,0.9270857445978598,0.7141267123287671,0.2129590322690926,0.1933239903053301
1-19,P2_SHUFFLED,primary,128,raw,0.7001944142064904,0.7002140410958904,0.6999465584575862,0.2352267543377023,0.2349609592049191,1.5301785414761562,0.5208714672653969,0.9351750003008096,0.7002140410958904,0.2349609592049191,0.167585581192516
1-19,RX_NORM,primary,128,raw,0.7137261797392036,0.713570205479452,0.7133790037767447,0.1892772825090342,0.1880262722541922,0.9896889738878464,0.4587533073961141,0.9015844921887636,0.713570205479452,0.1880142867093114,0.2635143166969118
1-19,SAR_GN,primary,128,raw,0.7079809694227827,0.7098886986301369,0.7095897982594062,0.1869166126015455,0.1867393918922298,0.997645369958381,0.461058530672358,0.8966280905223668,0.7098886986301369,0.1867393918922298,0.2738119438001659
1-19,SAR_GN,primary,128,source_temperature,0.7079809694227827,0.7098886986301369,0.7095897982594062,0.1319059805231159,0.1310475404630698,0.794860883012901,0.4237191513559802,0.8407427351822097,0.7098886986301369,0.1308540365520726,0.4478393168031507
1-19,SOURCE_NORM,primary,128,raw,0.7148779863440303,0.7148544520547946,0.7146678752827265,0.1872109767687443,0.1868444637739903,0.9820946616122764,0.4562826327115612,0.9016868035781056,0.7148544520547946,0.1868323515233111,0.263159966932887
1-19,SUP_FT_FULL_128,primary,128,raw,0.9135148349637084,0.913484589041096,0.913581514550476,0.0243018585537904,0.0227994427225259,0.2673867528419593,0.1327632939877397,0.9346763360722322,0.913484589041096,0.0211917470311363,0.187698833937956
1-19,SUP_FT_HEAD_128,primary,128,raw,0.7362374311271292,0.7361301369863014,0.7360784700374997,0.1607141318233454,0.1602621041748621,0.8495762326454166,0.4137714878869697,0.896381836313091,0.7361301369863014,0.1602516993267896,0.2748901926043784
1-19,T3A,primary,128,raw,0.7377281689184472,0.7407534246575342,0.7403865257015761,0.0800020521921296,0.0802226882587403,0.5807297409180758,0.3226857883892946,0.7170555303594072,0.7407534246575342,-0.023697894298127,0.7691088411462188
1-19,T3A,primary,128,source_temperature,0.7377281689184472,0.7407534246575342,0.7403865257015761,0.0826782531866485,0.0820220529607721,0.5550824777268136,0.3330465241434946,0.8110246441854276,0.7407534246575342,0.0702712195278934,0.4887170087041411
1-20,DG_CORAL,primary,128,raw,0.8055633309305209,0.8212756849315068,0.8212715084433156,0.0730991030233108,0.0733678915148779,0.5578981464574989,0.263365679186014,0.8940576352415069,0.8212756849315068,0.0727819503100001,0.2970336127481978
1-20,DG_DANN,primary,128,raw,0.8177735726394003,0.8266695205479453,0.8265759417347412,0.0665437104550432,0.066692970742867,0.5239464263197613,0.2540821917944971,0.8908689835899803,0.8266695205479453,0.064199463042035,0.3090604468104466
1-20,DG_GROUPDRO,primary,128,raw,0.7413467142714033,0.7673801369863014,0.7673822547277414,0.0790815641236019,0.0787046998700969,0.6883993486404192,0.3364881063129828,0.8416110502798364,0.7673801369863014,0.0742309132935351,0.4494700932412607
1-20,EMB_STD,primary,128,raw,0.8568030210877389,0.8617294520547946,0.8616946715437358,0.0573245276939379,0.0579137709578626,0.4386396377525022,0.2053463767936957,0.918738053833479,0.8617294520547946,0.0570086017786844,0.2283860822325348
1-20,EMB_STD,primary,128,source_temperature,0.8568030210877389,0.8617294520547946,0.8616946715437358,0.030322155314524,0.030578511965946,0.3938231424972767,0.1938668025195014,0.8626682349182933,0.8617294520547946,0.0009387828634985,0.4184718045698735
1-20,P0,primary,128,raw,0.8032490118529697,0.8202482876712329,0.8202713410695809,0.0731485782650439,0.0741548472364777,0.5730894717505279,0.2631092859126618,0.8930710430001867,0.8202482876712329,0.0728227553289536,0.3002551795644352
1-20,P0,primary,128,source_temperature,0.8032490118529697,0.8202482876712329,0.8202713410695809,0.0389540935010644,0.0385342103095699,0.5114941550673857,0.2479156461470481,0.8302745596496889,0.8202482876712329,0.010026271978456,0.5091401052894111
1-20,P0_WIDE,primary,128,raw,0.8338199900815457,0.844734589041096,0.8447245700686363,0.0690317471677514,0.0692305088859715,0.4873031943799867,0.2283428294938957,0.9106513784662502,0.844734589041096,0.0659167894251542,0.2511725976928963
1-20,P1,primary,128,raw,0.8661881790394961,0.8727311643835616,0.8726875503239271,0.0583569698443967,0.0575288213993588,0.4130297965528448,0.1896751948227598,0.9300480081610484,0.8727311643835616,0.0573168437774867,0.1897257585779373
1-20,P2,primary,128,raw,0.8568134294574314,0.8634845890410958,0.863380120985143,0.0699139565242173,0.0700513482769976,0.4583394864434845,0.2061470222496218,0.9329831683127948,0.8634845890410958,0.069498579271699,0.1815319940704523
1-20,P2,primary,128,source_temperature,0.8568134294574314,0.8634845890410958,0.863380120985143,0.0326848622023436,0.0318839160143588,0.3751308060862922,0.1882962861168586,0.8620311699183109,0.8634845890410958,-0.0014534191227849,0.41348779990427
1-20,P2_MISMATCHED_RX,primary,128,raw,0.8114178753075499,0.8295376712328768,0.8293361246568012,0.0984788055952689,0.0985860818945994,0.640828403376329,0.2595542918510484,0.927951955210979,0.8295376712328768,0.0984142839781021,0.1932629589575371
1-20,P2_NULL,primary,128,raw,0.8027727189634417,0.8192636986301369,0.8191511161984668,0.0916468719843366,0.0911688163946701,0.6001154165500081,0.2689410930742642,0.9102260857023146,0.8192636986301369,0.0909623870721775,0.2455749281373049
1-20,P2_SHUFFLED,primary,128,raw,0.8265024692315555,0.8403253424657533,0.8402347757114734,0.0915159453759097,0.0914137311503035,0.5656483635323724,0.2444502199602014,0.9315925979265968,0.8403253424657533,0.0912672554608434,0.1851439496099437
1-20,RX_NORM,primary,128,raw,0.7784534949550995,0.8020547945205478,0.8020559359258167,0.1011371937924868,0.10119662434373,0.6642711422606256,0.3004978798493985,0.9029823960966036,0.8020547945205478,0.1009276015760555,0.2688009318410155
1-20,SAR_GN,primary,128,raw,0.8032490118529697,0.8202482876712329,0.8202713410695809,0.0731485782650439,0.0741548472364777,0.5730894717505279,0.2631092859126618,0.8930710430001867,0.8202482876712329,0.0728227553289536,0.3002551795644352
1-20,SAR_GN,primary,128,source_temperature,0.8032490118529697,0.8202482876712329,0.8202713410695809,0.038971758610035,0.0385406030844818,0.5114975663606274,0.2479166232123832,0.8302734088932769,0.8202482876712329,0.010025121222044,0.5091431418657123
1-20,SOURCE_NORM,primary,128,raw,0.7863713747605962,0.8079195205479452,0.8078941417394443,0.0939972495481576,0.094459529356291,0.6271705428569779,0.2872196372133292,0.9016655640625586,0.8079195205479452,0.0937460435146134,0.2712905029428177
1-20,SUP_FT_FULL_128,primary,128,raw,0.9482109793425972,0.9483304794520548,0.9483686295123036,0.0165858731286166,0.0147361699185551,0.1651366304873631,0.0787499937507249,0.9399427401055008,0.9483304794520548,-0.008387739346554,0.1877711457941581
1-20,SUP_FT_HEAD_128,primary,128,raw,0.8601875334798995,0.865111301369863,0.8651711728404734,0.038127118652712,0.0382128596816161,0.3842438639235165,0.1931607770032438,0.893620405039967,0.865111301369863,0.0285091036701039,0.3088360764590973
1-20,T3A,primary,128,raw,0.8400948522917862,0.8494434931506849,0.8494323499976252,0.1310964901000261,0.1299381551702749,0.5157972390953253,0.2396622581894116,0.7195053379804099,0.8494434931506849,-0.1299381551702749,0.8390670289234855
1-20,T3A,primary,128,source_temperature,0.8400948522917862,0.8494434931506849,0.8494323499976252,0.0374913688699732,0.0355104878352136,0.4310056237362336,0.2127814007811208,0.8316357703906354,0.8494434931506849,-0.0178077227600496,0.497231521371543
13-14,DG_CORAL,primary,128,raw,0.7130208355474124,0.7386042402826856,0.7433512334277875,0.1293075647843547,0.1294778685602145,0.8833615109791932,0.3831073207800747,0.8676118515267337,0.7386042402826856,0.1290076112440481,0.3514457718704132
13-14,DG_DANN,primary,128,raw,0.7186929447766659,0.7411219081272085,0.7454072991651313,0.1123935447242308,0.1126766467506441,0.8268739477454494,0.3677685210042822,0.8532901114984925,0.7411219081272085,0.112168203371284,0.3872267673612474
13-14,DG_GROUPDRO,primary,128,raw,0.6316336702423904,0.6726148409893993,0.6790971861607882,0.1552209994752394,0.1551542504726787,1.0386073331417935,0.4643346363588284,0.8275254572185526,0.6726148409893993,0.1549106162291534,0.4595888534066094
13-14,EMB_STD,primary,128,raw,0.7589420504431961,0.7707155477031802,0.7745050684441436,0.1197130754669015,0.119274026742567,0.7709645105210751,0.3399527119600837,0.8899711614599708,0.7707155477031802,0.1192556137567905,0.2893445914358393
13-14,EMB_STD,primary,128,source_temperature,0.7589420504431961,0.7707155477031802,0.7745050684441436,0.062370681100587,0.0639580807230707,0.6209297590061308,0.3096403321146225,0.823938604163512,0.7707155477031802,0.0532230564603317,0.4967277011693266
13-14,P0,primary,128,raw,0.7208713632110542,0.7444787985865725,0.7489995868673702,0.1210009354426667,0.1212815743321454,0.8097790832141856,0.3669380988119075,0.8653893024861391,0.7444787985865725,0.1209105038995667,0.3590446800378875
13-14,P0,primary,128,source_temperature,0.7208713632110542,0.7444787985865725,0.7489995868673702,0.0729543480865217,0.073746527851464,0.6900865644111721,0.339882481447525,0.8062301754076829,0.7444787985865725,0.0617513768211104,0.5411226886589059
13-14,P0_WIDE,primary,128,raw,0.6752908327710602,0.7114840989399294,0.7167968088156053,0.1614998322065801,0.1612924904822513,1.1089286370257116,0.4382798381523169,0.8727711405888094,0.7114840989399294,0.1612870416488801,0.3275892899256557
13-14,P1,primary,128,raw,0.7383555080660645,0.7587455830388692,0.7628432199741539,0.1181734375905759,0.1179302459536613,0.8238640920329912,0.3490848138000804,0.8766167118368742,0.7587455830388692,0.117871128798005,0.3145652921440476
13-14,P2,primary,128,raw,0.7211578127669128,0.7392226148409894,0.7437754411876073,0.1304052877934261,0.130156328630479,0.8824282416380719,0.3845452299990465,0.8689594284292351,0.7392226148409894,0.1297368135882456,0.3284520575151977
13-14,P2,primary,128,source_temperature,0.7211578127669128,0.7392226148409894,0.7437754411876073,0.0573588573462124,0.0594725706545311,0.6824453017539502,0.3452541144248354,0.7795611131220468,0.7392226148409894,0.0403384982810573,0.6089231099512504
13-14,P2_MISMATCHED_RX,primary,128,raw,0.6757363407720456,0.7081713780918728,0.7137243539702823,0.1699813711322028,0.1699475996643831,1.1455990565448555,0.4394053733322797,0.878110311061881,0.7081713780918728,0.1699389329700082,0.3099176172312344
13-14,P2_NULL,primary,128,raw,0.6624232204175591,0.6978356890459364,0.7033950386925236,0.1539512231853846,0.1531987082845015,1.041795433658241,0.4416898096785258,0.8496065688349124,0.6978356890459364,0.1517708797889758,0.3941964049717931
13-14,P2_SHUFFLED,primary,128,raw,0.6608653304785792,0.6989840989399293,0.7049031704377037,0.1798344960995677,0.1796847827903689,1.2177521292397728,0.4590986036721728,0.8786522972275744,0.6989840989399293,0.1796681982876449,0.3115149257376727
13-14,RX_NORM,primary,128,raw,0.6622586384888736,0.6945671378091872,0.7004657303456184,0.1637464993426003,0.1637387861988043,1.0532284410132573,0.452329403291139,0.8582512173696353,0.6945671378091872,0.1636840795604479,0.3725528118094859
13-14,SAR_GN,primary,128,raw,0.7208713632110542,0.7444787985865725,0.7489995868673702,0.1210009354426667,0.1212815743321454,0.8097790832141856,0.3669380988119075,0.8653893024861391,0.7444787985865725,0.1209105038995667,0.3590446800378875
13-14,SAR_GN,primary,128,source_temperature,0.7208713632110542,0.7444787985865725,0.7489995868673702,0.0729543480865217,0.073746527851464,0.6900865644111721,0.339882481447525,0.8062301754076829,0.7444787985865725,0.0617513768211104,0.5411226886589059
13-14,SOURCE_NORM,primary,128,raw,0.6958128214193385,0.7206713780918728,0.7258597229515364,0.1397039364022943,0.1395941658136385,0.9477798583062504,0.4132724561317326,0.8601559718498176,0.7206713780918728,0.1394845937579449,0.3686727986408643
13-14,SUP_FT_FULL_128,primary,128,raw,0.9258230817255608,0.9247349823321556,0.9240699946384788,0.0220060277769717,0.0201333370257182,0.217234179005557,0.0993676362015893,0.9288580767784016,0.9247349823321556,0.0041230944462462,0.2044349815449147
13-14,SUP_FT_HEAD_128,primary,128,raw,0.7818827871114833,0.7912102473498234,0.7943508240789405,0.0825150755671751,0.083020909468877,0.6040396999340777,0.2902141780674924,0.8734152101019772,0.7912102473498234,0.0822049627521539,0.3371497958961473
13-14,T3A,primary,128,raw,0.7819718435251829,0.7953180212014135,0.7983668675930656,0.1288587665257732,0.1283518250531421,0.6358831122402957,0.2994947486253613,0.6855430993801082,0.7953180212014135,-0.1097749218213053,0.9072789488981992
13-14,T3A,primary,128,source_temperature,0.7819718435251829,0.7953180212014135,0.7983668675930656,0.0640271657274884,0.0626953674498044,0.5761525214321693,0.2801889528377849,0.8025198945299149,0.7953180212014135,0.0072018733285013,0.5565639489166269
13-7,DG_CORAL,primary,128,raw,0.827761738819599,0.8273544520547945,0.8272583435760769,0.0560853170569067,0.0559520577839639,0.5538231281998748,0.2380334665841408,0.8831049808447746,0.8273544520547945,0.0557505287899801,0.3146772427936843
13-7,DG_DANN,primary,128,raw,0.8019855704326121,0.8034246575342465,0.8033584395274709,0.0762510008924985,0.0760407565359332,0.6601553326142384,0.2780382157949024,0.8793773587455028,0.8034246575342465,0.0759527012112563,0.3316896618443964
13-7,DG_GROUPDRO,primary,128,raw,0.7975962923653759,0.7967465753424657,0.796599041518519,0.0549201006605608,0.0556759750853254,0.606367681696143,0.2794935401563608,0.8512720892741663,0.7967465753424657,0.0545255139317006,0.407096607638128
13-7,EMB_STD,primary,128,raw,0.8261881122592941,0.8263698630136986,0.8262520251261154,0.0795207015289733,0.0794142164659928,0.6484351791173409,0.2538679507209204,0.9057421628143384,0.8263698630136986,0.0793722998006397,0.2487679930119848
13-7,EMB_STD,primary,128,source_temperature,0.8261881122592941,0.8263698630136986,0.8262520251261154,0.0237258340833842,0.0236815923771917,0.522064471642923,0.2368941638305307,0.8275288817406954,0.8263698630136986,0.0011590187269968,0.5033442588734555
13-7,P0,primary,128,raw,0.8249093946828522,0.8251284246575341,0.8250753041665778,0.0661232228480177,0.0659782403084921,0.5904175693555481,0.2473562156519407,0.8910208966736107,0.8251284246575341,0.0658924720160765,0.29036014423424
13-7,P0,primary,128,source_temperature,0.8249093946828522,0.8251284246575341,0.8250753041665778,0.0258850183369173,0.0249852815420833,0.5153343207054523,0.2367500120199692,0.8190895386481607,0.8251284246575341,-0.0060388860093734,0.5265427029173024
13-7,P0_WIDE,primary,128,raw,0.8226893730895692,0.8230308219178083,0.8229725988495693,0.064131906721103,0.0639002383310245,0.5838933469942805,0.2483988442990277,0.8868749570809559,0.8230308219178083,0.0638441351631477,0.3061525891838748
13-7,P1,primary,128,raw,0.7991401006614265,0.8002996575342465,0.8001565495039049,0.0882532537940328,0.0882068918749996,0.6849973556911899,0.2834834548406985,0.8884764368824456,0.8002996575342465,0.088176779348199,0.2880798167971195
13-7,P2,primary,128,raw,0.8115618183180546,0.8117722602739725,0.8115495285097148,0.0843308816874425,0.0842210632500124,0.6490782281636149,0.2662657152914281,0.8959773221212656,0.8117722602739725,0.0842050618472929,0.2702292301593024
13-7,P2,primary,128,source_temperature,0.8115618183180546,0.8117722602739725,0.8115495285097148,0.0306762050729207,0.0267851805369566,0.5253591941447888,0.246563893290566,0.7928467686825768,0.8117722602739725,-0.0189254915913958,0.5999044621050958
13-7,P2_MISMATCHED_RX,primary,128,raw,0.808112339801607,0.8080051369863014,0.8078486507271749,0.0895771962986008,0.0891406999237529,0.6779390787949882,0.2766166211840725,0.8971223203924625,0.8080051369863014,0.0891171834061611,0.2716748659901588
13-7,P2_NULL,primary,128,raw,0.8117369943817485,0.8119006849315069,0.8117475803561355,0.0541264327440716,0.0531684388094007,0.5739488399194416,0.2558151273962498,0.8619354087380973,0.8119006849315069,0.0500347238065904,0.3593090278956669
13-7,P2_SHUFFLED,primary,128,raw,0.8080923869167311,0.8087756849315069,0.8086680209146724,0.0876072193208877,0.0873901798740692,0.6719861920866486,0.2741820433421247,0.8947792606064666,0.8087756849315069,0.0860035756749598,0.2759327865095492
13-7,RX_NORM,primary,128,raw,0.8129362847397081,0.8135273972602739,0.8134881134700084,0.0818028274368597,0.0817723112276513,0.6323033239495468,0.2704355050879391,0.8951612773230172,0.8135273972602739,0.0816338800627432,0.2940609762531475
13-7,SAR_GN,primary,128,raw,0.8249093946828522,0.8251284246575341,0.8250753041665778,0.0661232228480177,0.0659782403084921,0.5904175693555481,0.2473562156519407,0.8910208966736107,0.8251284246575341,0.0658924720160765,0.29036014423424
13-7,SAR_GN,primary,128,source_temperature,0.8249093946828522,0.8251284246575341,0.8250753041665778,0.0258608304154086,0.0249965177527356,0.5153397460610957,0.2367512732115296,0.8190764623016801,0.8251284246575341,-0.0060519623558542,0.5265845907213025
13-7,SOURCE_NORM,primary,128,raw,0.8174752126384103,0.8181078767123287,0.8180343113602524,0.0620948733021951,0.0624190917799938,0.5946383023369017,0.2521875109470308,0.880083541725188,0.8181078767123287,0.0619756650128593,0.3148712767048703
13-7,SUP_FT_FULL_128,primary,128,raw,0.8549380577137786,0.8533818493150684,0.8533806306906249,0.047166988404136,0.0470947496031653,0.5148674990363716,0.2076239849002821,0.9004105637896143,0.8533818493150684,0.0470287144745457,0.268867319250096
13-7,SUP_FT_HEAD_128,primary,128,raw,0.8364997143075993,0.8344606164383561,0.8344581029150204,0.0543408489881772,0.0544487786128453,0.5443792067631408,0.2339443419690474,0.8886775750073618,0.8344606164383561,0.0542169585690055,0.3048128778904987
13-7,T3A,primary,128,raw,0.8167875218292254,0.8169948630136986,0.8168683937962931,0.0644467678928926,0.0626309701279826,0.5659489135129435,0.2549025990030598,0.7770801127760685,0.8169948630136986,-0.0399147502376302,0.6930992534896403
13-7,T3A,primary,128,source_temperature,0.8167875218292254,0.8169948630136986,0.8168683937962931,0.0446618444621834,0.0497484431898884,0.5707934885245655,0.2568831263660813,0.8579192881828673,0.8169948630136986,0.0409244251691686,0.4231886670469826
14-7,DG_CORAL,primary,128,raw,0.87677219219139,0.8775684931506849,0.8778957451074912,0.0450681003958803,0.044481380990617,0.3705198481304496,0.1850714605916162,0.920990415971267,0.8775684931506849,0.0434219228205819,0.2223171014009043
14-7,DG_DANN,primary,128,raw,0.8619003516416104,0.8631849315068493,0.8634432401032189,0.0533478267758778,0.0524473716938638,0.4402115678640051,0.2074296851164304,0.9154521837052314,0.8631849315068493,0.0522672521983822,0.2386029349811479
14-7,DG_GROUPDRO,primary,128,raw,0.8228490678591905,0.8297517123287671,0.830144646130359,0.0489392984926394,0.0501148004888569,0.5141555689329352,0.2489278249200523,0.8784008246310668,0.8297517123287671,0.0486491123022996,0.3460965749633893
14-7,EMB_STD,primary,128,raw,0.9118177224064892,0.9121147260273972,0.912228755006724,0.0345947404481368,0.0340568086362048,0.2754834799856022,0.1354263445911589,0.9456047746110452,0.9121147260273972,0.0334900485836479,0.1509065761425137
14-7,EMB_STD,primary,128,source_temperature,0.9118177224064892,0.9121147260273972,0.912228755006724,0.0503707239347922,0.0497327529384949,0.279276483064116,0.1347663561260844,0.8623819730889023,0.9121147260273972,-0.0497327529384949,0.4491991938631083
14-7,P0,primary,128,raw,0.8727866437035736,0.8744434931506848,0.8747412529998432,0.0588264630501452,0.0581111450137391,0.4001091464633288,0.191574091287449,0.9324055397021904,0.8744434931506848,0.0579620465515053,0.1860362482837614
14-7,P0,primary,128,source_temperature,0.8727866437035736,0.8744434931506848,0.8747412529998432,0.0320823991278144,0.030551360802649,0.3627173825871663,0.1831781136683258,0.8519022804724614,0.8744434931506848,-0.0225412126782236,0.4667379124377683
14-7,P0_WIDE,primary,128,raw,0.864816066292304,0.8664383561643836,0.8667891616787978,0.0814400471868121,0.0801779042285139,0.5515572102873099,0.2184043529794927,0.9466088931261216,0.8664383561643836,0.0801705369617381,0.1454529699924846
14-7,P1,primary,128,raw,0.8509877759143489,0.8529965753424659,0.8532998338200881,0.0936554414271185,0.0931239712536845,0.5915340824979216,0.2387138469819986,0.9461190426811472,0.8529965753424659,0.0931224673386816,0.1426444637238855
14-7,P2,primary,128,raw,0.8543747519225044,0.8561643835616438,0.8564020945344073,0.0856389899202303,0.0851618675731939,0.537893683738731,0.2315366126448688,0.9413106907248394,0.8561643835616438,0.0851463071631956,0.1599579551385712
14-7,P2,primary,128,source_temperature,0.8543747519225044,0.8561643835616438,0.8564020945344073,0.0425817413276987,0.0405216667610457,0.4251018704049809,0.2155855425294793,0.8556226808619906,0.8561643835616438,-0.0005417026996533,0.4529029703110476
14-7,P2_MISMATCHED_RX,primary,128,raw,0.834553478407295,0.8381849315068493,0.8384540750808978,0.1007578122633675,0.1001367574902123,0.6275903929312403,0.260982561550137,0.938315067553816,0.8381849315068493,0.1001301360469669,0.167261080658367
14-7,P2_NULL,primary,128,raw,0.8356617635117238,0.8392551369863014,0.8395378335134666,0.0793187046908352,0.0784850869276752,0.5436643373140461,0.2484079767969281,0.9170159665280826,0.8392551369863014,0.0777608295417812,0.2319797431720538
14-7,P2_SHUFFLED,primary,128,raw,0.8396320005288482,0.8426797945205479,0.8429565464018867,0.0979307146577087,0.0977664674938439,0.6169956009183283,0.2554056307240094,0.9404398686966976,0.8426797945205479,0.0977600741761494,0.1622753377816201
14-7,RX_NORM,primary,128,raw,0.8901586458801869,0.8911815068493152,0.8914274729001699,0.0435418531171058,0.040537933617422,0.356006221104936,0.1698578327434469,0.929062334134256,0.8911815068493152,0.0378808272849411,0.1986853977729131
14-7,SAR_GN,primary,128,raw,0.8727866437035736,0.8744434931506848,0.8747412529998432,0.0588264630501452,0.0581111450137391,0.4001091464633288,0.191574091287449,0.9324055397021904,0.8744434931506848,0.0579620465515053,0.1860362482837614
14-7,SAR_GN,primary,128,source_temperature,0.8727866437035736,0.8744434931506848,0.8747412529998432,0.0321033679470733,0.0305489225913849,0.3627177814098317,0.1831777740267058,0.8518911491206479,0.8744434931506848,-0.022552344030037,0.466776776084584
14-7,SOURCE_NORM,primary,128,raw,0.8918333260789373,0.8928510273972602,0.8931149489239928,0.0418531757230832,0.0400888905184318,0.3529994504302324,0.1670781811805008,0.9301821627819986,0.8928510273972602,0.0373311353847384,0.1958914554897504
14-7,SUP_FT_FULL_128,primary,128,raw,0.9655637352500342,0.9655821917808218,0.9655467637002784,0.007354844264584,0.0059006805263765,0.1068577493887294,0.0526146344635354,0.963492256966866,0.9655821917808218,-0.0020899348139558,0.1154888135370174
14-7,SUP_FT_HEAD_128,primary,128,raw,0.9147950003761484,0.9153681506849316,0.9154907278066016,0.0285636851040977,0.0281640089856945,0.2478422417837043,0.1270867467579665,0.942271790251595,0.9153681506849316,0.0269036395666635,0.1638811055984647
14-7,T3A,primary,128,raw,0.918107561350338,0.9184503424657536,0.9185622335101052,0.1159493529359006,0.1154997699351802,0.318667174453605,0.1422281648034228,0.8029505725305732,0.9184503424657536,-0.1154997699351802,0.6384931259740977
14-7,T3A,primary,128,source_temperature,0.918107561350338,0.9184503424657536,0.9185622335101052,0.0428020095110413,0.0409235151116612,0.250552666102824,0.1234790217002032,0.8794690178505296,0.9184503424657536,-0.038981324615224,0.3819191518816293
18-19,DG_CORAL,primary,128,raw,0.8173075135112098,0.8177654109589041,0.8176454676002047,0.0797139183739327,0.0794045968765826,0.6726569693106927,0.2701062254058329,0.8969198941616725,0.8177654109589041,0.0791544832027683,0.2804322966541575
18-19,DG_DANN,primary,128,raw,0.809490082497045,0.8110873287671232,0.8109928605290693,0.0752318466043941,0.0752237008055289,0.6907597860870398,0.2784283865645226,0.8860941514691772,0.8110873287671232,0.0750068227020539,0.3160596578551307
18-19,DG_GROUPDRO,primary,128,raw,0.7945409407305923,0.7971318493150685,0.7969276642059239,0.0587970571994322,0.0588396332615807,0.6778282316418484,0.2951484460276001,0.855230838155425,0.7971318493150685,0.0580989888403564,0.4111720134264815
18-19,EMB_STD,primary,128,raw,0.8278055306671934,0.828638698630137,0.8284337513656841,0.0851421870061591,0.0844700930971805,0.6951042588151448,0.2608543300605867,0.9130899312816664,0.828638698630137,0.0844512326515292,0.2386709135356098
18-19,EMB_STD,primary,128,source_temperature,0.8278055306671934,0.828638698630137,0.8284337513656841,0.0270498306183627,0.0264065801201043,0.553357438044573,0.2431791550653216,0.8452571986672943,0.828638698630137,0.0166185000371574,0.4616529029992696
18-19,P0,primary,128,raw,0.8115847201331163,0.8130993150684931,0.8129700764216917,0.0764143053927037,0.0763545495789651,0.6873162284441036,0.2772929076908415,0.8893537170764008,0.8130993150684931,0.0762544020079076,0.3020935834653869
18-19,P0,primary,128,source_temperature,0.8115847201331163,0.8130993150684931,0.8129700764216917,0.0274443263301893,0.0267180323476909,0.5880182985195682,0.2638950296339964,0.8289780689567257,0.8130993150684931,0.0158787538882325,0.4975826834825219
18-19,P0_WIDE,primary,128,raw,0.8135378601194161,0.8150684931506849,0.8148518151537019,0.0876888220951165,0.0868255013982727,0.7174484555985601,0.2791573498440847,0.9018763710527796,0.8150684931506849,0.0868078779020946,0.265316552904458
18-19,P1,primary,128,raw,0.8175838963399901,0.8181078767123287,0.8179636815164164,0.0899209865655954,0.0875963941248363,0.7248323432152001,0.2774352535219648,0.9055745354464456,0.8181078767123287,0.0874666587341168,0.2543384853541405
18-19,P2,primary,128,raw,0.8233277419890814,0.8242294520547946,0.8240487706523133,0.0909281449960161,0.0900060612217153,0.7449187548564028,0.2691648728553064,0.9141560482824452,0.8242294520547946,0.0899265962276505,0.2288942983582183
18-19,P2,primary,128,source_temperature,0.8233277419890814,0.8242294520547946,0.8240487706523133,0.0278162506935987,0.0259481774562446,0.5498353965762355,0.2462655810808294,0.8269288247335569,0.8242294520547946,0.0026993726787622,0.510219328108073
18-19,P2_MISMATCHED_RX,primary,128,raw,0.8062293609093338,0.8083476027397261,0.8081840403009055,0.0984905649920644,0.0964296544965816,0.809257370777134,0.2913156055937653,0.9046013745606865,0.8083476027397261,0.0962537718209603,0.2540146916444049
18-19,P2_NULL,primary,128,raw,0.8081751761512054,0.810359589041096,0.8100329101895696,0.0774971405203671,0.074397336567229,0.7301277970667633,0.2809502508195581,0.8782049549035473,0.810359589041096,0.0678453658624514,0.329496351664166
18-19,P2_SHUFFLED,primary,128,raw,0.8111893221678905,0.8127568493150685,0.8125854588937378,0.0982184560924818,0.0968737315864952,0.7998047827787083,0.2872135673883066,0.9095835895437032,0.8127568493150685,0.0968267402286347,0.2403531978963333
18-19,RX_NORM,primary,128,raw,0.8161214507780084,0.8174657534246575,0.8173013943040054,0.0838184948672527,0.0837275992358128,0.7031113696760963,0.2762810390296257,0.9010746223769112,0.8174657534246575,0.0836088689522536,0.275169965192312
18-19,SAR_GN,primary,128,raw,0.8115799537186366,0.8130993150684931,0.8129701317052522,0.0764240803873192,0.0763602409677656,0.6872631583167431,0.2772645719509417,0.8893594186561667,0.8130993150684931,0.0762601035876735,0.3020779622980342
18-19,SAR_GN,primary,128,source_temperature,0.8115799537186366,0.8130993150684931,0.8129701317052522,0.0274627944401516,0.0267260624676607,0.5879768480489704,0.2638694700828798,0.8289925699851668,0.8130993150684931,0.0158932549166737,0.4975421644055854
18-19,SOURCE_NORM,primary,128,raw,0.8210168139921967,0.8217465753424659,0.8216319269203254,0.07743869279894,0.0770548384859902,0.6780268395919864,0.2666372350610381,0.8986114352807556,0.8217465753424659,0.0768648599382898,0.2787444464367822
18-19,SUP_FT_FULL_128,primary,128,raw,0.8469107448846265,0.8464469178082192,0.8464447804981837,0.0575616132595563,0.0573972616382963,0.5761830827610968,0.2302937517202208,0.9037675710713924,0.8464469178082192,0.0573206532631733,0.2718333036066568
18-19,SUP_FT_HEAD_128,primary,128,raw,0.8209646219984732,0.8211900684931507,0.8212132514748479,0.0679867353315835,0.0681259908522032,0.6293041343759918,0.2592790529945137,0.8891180345941692,0.8211900684931507,0.0679279661010185,0.3066921482681347
18-19,T3A,primary,128,raw,0.830927968232362,0.8318493150684931,0.831610334771389,0.1030976825891292,0.1036822591984823,0.5981571389749766,0.2582758516798223,0.736633121060233,0.8318493150684931,-0.0952161940082601,0.8095575386831474
18-19,T3A,primary,128,source_temperature,0.830927968232362,0.8318493150684931,0.831610334771389,0.0355044279518564,0.0406915603019824,0.5842230272254456,0.2443257348123793,0.8560979728251248,0.8318493150684931,0.0242486577566315,0.4358077089677477
18-2,DG_CORAL,primary,128,raw,0.7732941375536176,0.7986301369863014,0.7978622219268587,0.092804365131162,0.0920675588025367,0.7260439127656838,0.302472906904301,0.8906745275705799,0.7986301369863014,0.0920443905842783,0.3080619214874961
18-2,DG_DANN,primary,128,raw,0.7598764311145542,0.7849315068493151,0.7843391479914305,0.1023772096439991,0.1018480071109043,0.7974587969413708,0.3260355375348466,0.8867076976301327,0.7849315068493151,0.1017761907808176,0.3194942679798407
18-2,DG_GROUPDRO,primary,128,raw,0.7082145616562039,0.7425085616438356,0.7415501267625759,0.0931438330088882,0.0929468883341816,0.9169290245141732,0.3804016853400526,0.8351246469654143,0.7425085616438356,0.0926160853215786,0.4665317616072085
18-2,EMB_STD,primary,128,raw,0.7865834909867899,0.8009845890410959,0.8002944181353907,0.1027356492125824,0.1023706643599761,0.7466613352359809,0.3019636652980367,0.9033485925820184,0.8009845890410959,0.1023640035409225,0.2622525271660189
18-2,EMB_STD,primary,128,source_temperature,0.7865834909867899,0.8009845890410959,0.8002944181353907,0.0314357413494305,0.0313191751492176,0.5986546441094063,0.2789960399751727,0.8059980123532741,0.8009845890410959,0.0050134233121782,0.5766242758877411
18-2,P0,primary,128,raw,0.7609195482524989,0.7891695205479452,0.7883693540273382,0.1005691598386388,0.1003708834951258,0.7780815905667637,0.3163117963956895,0.8894866057276113,0.7891695205479452,0.1003170851796661,0.3085775569697784
18-2,P0,primary,128,source_temperature,0.7609195482524989,0.7891695205479452,0.7883693540273382,0.0401248044539239,0.0403343667276573,0.6508781810244795,0.2956528124009878,0.7901247978141648,0.7891695205479452,0.0009552772662196,0.6357040239817187
18-2,P0_WIDE,primary,128,raw,0.7877807020265142,0.8099743150684932,0.8092836855612402,0.0936197481481741,0.0927470405031097,0.7368079263542823,0.2932713895904758,0.9027213555716028,0.8099743150684932,0.0927470405031097,0.2747492157694441
18-2,P1,primary,128,raw,0.7798355728503614,0.8056078767123287,0.804732587584947,0.1009864176151482,0.1007858948526929,0.7857005966367758,0.2988571537498129,0.906392466958153,0.8056078767123287,0.1007845902458241,0.2597129431809125
18-2,P2,primary,128,raw,0.8020539535170437,0.8214041095890412,0.8207002967349613,0.0965354966554688,0.0956579589189272,0.6894734689874087,0.2772869068205273,0.9170427685035776,0.8214041095890412,0.0956386589145364,0.2292925615601174
18-2,P2,primary,128,source_temperature,0.8020539535170437,0.8214041095890412,0.8207002967349613,0.0277134267322103,0.0270740971094748,0.5445165087797911,0.2568945066670141,0.7980932071574998,0.8214041095890412,-0.0233109024315413,0.6184722663252529
18-2,P2_MISMATCHED_RX,primary,128,raw,0.7737428820454418,0.8035958904109588,0.8028033334308546,0.1158101593578004,0.1155811160739052,0.8668959477599862,0.3127327494459035,0.9191762957709192,0.8035958904109588,0.1155804053599601,0.224121920345934
18-2,P2_NULL,primary,128,raw,0.761767392193876,0.7887842465753424,0.7880356194990645,0.1027080534440656,0.1021265688026961,0.7596651036446433,0.3183822061161501,0.8908941887338224,0.7887842465753424,0.10210994215848,0.3079769796931299
18-2,P2_SHUFFLED,primary,128,raw,0.7662991007869463,0.8002996575342465,0.7995070135863825,0.1217264335749237,0.1213562456961108,0.8940631480220237,0.3168717758528031,0.9216432999660044,0.8002996575342465,0.1213436424317578,0.2184257566681426
18-2,RX_NORM,primary,128,raw,0.7634005291490313,0.7888698630136985,0.7881236756757469,0.0996210428082371,0.0994972388579012,0.7417646080599392,0.3127130452533749,0.8883372415163338,0.7888698630136985,0.0994673785026351,0.3113151055654431
18-2,SAR_GN,primary,128,raw,0.7609195482524989,0.7891695205479452,0.7883693540273382,0.1005691598386388,0.1003708834951258,0.7780815905667637,0.3163117963956895,0.8894866057276113,0.7891695205479452,0.1003170851796661,0.3085775569697784
18-2,SAR_GN,primary,128,source_temperature,0.7609195482524989,0.7891695205479452,0.7883693540273382,0.0401404843900536,0.040355806675576,0.6508869023506498,0.2956540213089965,0.7900554922451084,0.7891695205479452,0.0008859716971631,0.6359252582364446
18-2,SOURCE_NORM,primary,128,raw,0.7638907467270039,0.7890839041095891,0.7883338470274539,0.0992908497392009,0.0993367210043313,0.739889358939432,0.3117870184902719,0.8883114780171788,0.7890839041095891,0.0992275739075896,0.3107172300751801
18-2,SUP_FT_FULL_128,primary,128,raw,0.9120349365054872,0.9118150684931507,0.91180602231714,0.0160442583409635,0.0164511481778415,0.2849386935731181,0.1291348053028077,0.9226758708992386,0.9118150684931507,0.0108608024060879,0.2256650296805679
18-2,SUP_FT_HEAD_128,primary,128,raw,0.8045628430442321,0.8123287671232877,0.8119233995126797,0.0634896192795354,0.0633332730149722,0.5962834302899926,0.2742416894790134,0.8753477522408053,0.8123287671232877,0.0630189851175176,0.3473252878736274
18-2,T3A,primary,128,raw,0.7889291429322502,0.8113441780821917,0.8105446836006921,0.100226511129446,0.1000517460166744,0.6104266642322178,0.2825315698871261,0.7188788392804308,0.8113441780821917,-0.0924653388017609,0.8451445693605326
18-2,T3A,primary,128,source_temperature,0.7889291429322502,0.8113441780821917,0.8105446836006921,0.0512024730975666,0.0512005340313093,0.5755789037203483,0.2689334913863065,0.8302509473082328,0.8113441780821917,0.0189067692260409,0.5066383272923323
19-1,DG_CORAL,primary,128,raw,0.7598060127268715,0.7667380136986301,0.7666628511844231,0.1209946141112595,0.1205992679590078,0.7626571990454079,0.3561098586876067,0.887247546359718,0.7667380136986301,0.1205095326610879,0.3064917293937709
19-1,DG_DANN,primary,128,raw,0.772958981773811,0.7821489726027397,0.781933026831578,0.1033905878663062,0.1021852313464329,0.6987493959566828,0.3272927303042692,0.8843053891297992,0.7821489726027397,0.1021564165270594,0.3149337712820531
19-1,DG_GROUPDRO,primary,128,raw,0.6951789381538854,0.7032534246575343,0.7029666911663834,0.1243709690932643,0.1243615603074431,0.8484569627691732,0.4252075239871923,0.827386676604311,0.7032534246575343,0.1241332519467766,0.4747310612102537
19-1,EMB_STD,primary,128,raw,0.7857803696656266,0.7852311643835617,0.7851366746327906,0.121343355890593,0.120870281419755,0.6988266946767945,0.3290678235465824,0.9060796385611828,0.7852311643835617,0.1208484741776212,0.2486685583055799
19-1,EMB_STD,primary,128,source_temperature,0.7857803696656266,0.7852311643835617,0.7851366746327906,0.0466682365302384,0.0480335015464587,0.5601339131132774,0.2979600816215956,0.8286735333955149,0.7852311643835617,0.0434423690119531,0.4970535825018477
19-1,P0,primary,128,raw,0.7672885397839959,0.7700770547945206,0.7698959363737214,0.1266059311336442,0.1264580970553503,0.7492744056132724,0.3527418617280607,0.8964945638016479,0.7700770547945206,0.1264175090071273,0.2773438735611045
19-1,P0,primary,128,source_temperature,0.7672885397839959,0.7700770547945206,0.7698959363737214,0.0656670711371016,0.0657379338408662,0.6178215756084875,0.3246579509364137,0.8326333166253029,0.7700770547945206,0.0625562618307822,0.4818034291104669
19-1,P0_WIDE,primary,128,raw,0.7724244657660613,0.7734589041095891,0.7734602536138532,0.136894625683685,0.1363050391865664,0.7937504818174039,0.3537306664771687,0.9097551907317024,0.7734589041095891,0.1362962866221133,0.2409592809164256
19-1,P1,primary,128,raw,0.7612624203011273,0.7625856164383562,0.7624195288886684,0.1566773907147501,0.1564553952208171,0.9632948289160334,0.3842986181672688,0.9190048862280552,0.7625856164383562,0.1564192697896992,0.2145998774773159
19-1,P2,primary,128,raw,0.7587155728167864,0.7545376712328766,0.754399265359167,0.1678475273116045,0.1672676548253336,1.0550289806344428,0.4013795454403753,0.921801681662846,0.7545376712328766,0.1672640104299692,0.202735020891316
19-1,P2,primary,128,source_temperature,0.7587155728167864,0.7545376712328766,0.754399265359167,0.0845489629084712,0.0842755663962887,0.6929634337879623,0.3556635375388156,0.836291452467101,0.7545376712328766,0.0817537812342244,0.4659300622425839
19-1,P2_MISMATCHED_RX,primary,128,raw,0.7455680878111687,0.7424657534246575,0.7423028207631416,0.1831157220450982,0.1820151630712494,1.1808141828796217,0.4306811246845506,0.924431476392464,0.7424657534246575,0.1819657229678067,0.1975124915384742
19-1,P2_NULL,primary,128,raw,0.7472977267416929,0.7419520547945205,0.7418427257670428,0.1613670623319045,0.1602379957207619,1.012325345161755,0.4150228788619287,0.9021456236574696,0.7419520547945205,0.1601935688629491,0.2576834213581779
19-1,P2_SHUFFLED,primary,128,raw,0.735701082877302,0.734375,0.7342643337325659,0.188548801647984,0.1878483845890589,1.232926031950596,0.4435501490843617,0.9222175476715376,0.734375,0.1878425476715377,0.2028144194942527
19-1,RX_NORM,primary,128,raw,0.7625104038686533,0.7693493150684931,0.7692681792763054,0.1136666320175034,0.1136757828205926,0.7234360865436995,0.3435589129073637,0.8829716725466288,0.7693493150684931,0.1136223574781356,0.3159418526965103
19-1,SAR_GN,primary,128,raw,0.7671185771851562,0.7699486301369862,0.7697666276896168,0.1267511119389881,0.1266040388558519,0.7493083683166992,0.3527334220445685,0.8965122158205366,0.7699486301369862,0.1265635856835503,0.2772802377077161
19-1,SAR_GN,primary,128,source_temperature,0.7671185771851562,0.7699486301369862,0.7697666276896168,0.0661126907793529,0.0659165206401258,0.6178155675405895,0.3246392780457308,0.8326658582131801,0.7699486301369862,0.0627172280761937,0.48171082596924
19-1,SOURCE_NORM,primary,128,raw,0.7640385401353115,0.7711900684931507,0.7711129241070628,0.1135514785605801,0.1135175747956366,0.7207763782501658,0.3425675514006353,0.8843533641805438,0.7711900684931507,0.1131632956873931,0.3120228322992543
19-1,SUP_FT_FULL_128,primary,128,raw,0.9302422874352958,0.9306078767123288,0.9306565070808184,0.0132005000014929,0.0116157648842526,0.2067507580085865,0.1031472267412307,0.9344394526674016,0.9306078767123288,0.0038315759550728,0.1905622864534999
19-1,SUP_FT_HEAD_128,primary,128,raw,0.7882301439088961,0.7893835616438356,0.7893567102676315,0.1065553268979061,0.1055943284311319,0.6292775628953088,0.3144508218239145,0.8948818306323805,0.7893835616438356,0.1054982689885448,0.2793269805801112
19-1,T3A,primary,128,raw,0.800855227097317,0.8027397260273972,0.8025539345539267,0.0828974167586699,0.0827618702008605,0.5337211109208104,0.2771866001042372,0.7214434272992387,0.8027397260273972,-0.0812962987281586,0.7786289984631967
19-1,T3A,primary,128,source_temperature,0.800855227097317,0.8027397260273972,0.8025539345539267,0.0411385867392328,0.0416911579471308,0.4812862517688099,0.2684144464073884,0.8158141177363539,0.8027397260273972,0.0130743917089567,0.4919864374271618
19-19,DG_CORAL,primary,128,raw,0.8359019343548109,0.8542808219178083,0.8543714555431852,0.0668621939842984,0.0674177423406596,0.5217283668412385,0.2253122797662588,0.9199469736196764,0.8542808219178083,0.0656661517018681,0.227922786453198
19-19,DG_DANN,primary,128,raw,0.8412968606895518,0.8544520547945205,0.8545433131678382,0.0621225949128043,0.0621610254668056,0.5216477015101301,0.2248537774550277,0.9156088895846974,0.8544520547945205,0.0611568347901769,0.2423634194694719
19-19,DG_GROUPDRO,primary,128,raw,0.8066546556249656,0.8181078767123287,0.818257751232711,0.0721750657106048,0.0705107993427153,0.5584412070395418,0.2725869946126718,0.8880916812769712,0.8181078767123287,0.0699838045646423,0.3104117329012349
19-19,EMB_STD,primary,128,raw,0.8844908208069242,0.8873287671232877,0.8872907826244347,0.0476613965383029,0.0473142422161588,0.3729404255093209,0.1744848757180093,0.9337542647942392,0.8873287671232877,0.0464254976709513,0.1862535655660877
19-19,EMB_STD,primary,128,source_temperature,0.8844908208069242,0.8873287671232877,0.8872907826244347,0.0314126370948879,0.0313096645338576,0.3382234659208373,0.1680347207801932,0.8587559794076917,0.8873287671232877,-0.0285727877155959,0.4440091627085509
19-19,P0,primary,128,raw,0.8589113654266376,0.8693493150684931,0.869384234058777,0.058767470936865,0.0580074269962433,0.4551902062508911,0.2019903496926463,0.9268201087154958,0.8693493150684931,0.0574707936470026,0.2044813901687541
19-19,P0,primary,128,source_temperature,0.8589113654266376,0.8693493150684931,0.869384234058777,0.0187193061507903,0.016752376664735,0.3882201849131771,0.1917099139192341,0.8633877791348897,0.8693493150684931,-0.0059615359336035,0.4217438708377076
19-19,P0_WIDE,primary,128,raw,0.8504300847794923,0.8655821917808219,0.8656104895290451,0.0783675203444308,0.0780400471442876,0.5588953378320223,0.2138606865132644,0.9435541369799167,0.8655821917808219,0.0779719451990948,0.1503386318568048
19-19,P1,primary,128,raw,0.8302965630893329,0.8507277397260274,0.8508043853289055,0.0883235316302576,0.0877183148624656,0.6056043181786877,0.2376707717057853,0.9383332161679354,0.8507277397260274,0.0876054764419079,0.1675330622116661
19-19,P2,primary,128,raw,0.8204719955336763,0.8409674657534246,0.8410354032369293,0.106195830600974,0.1056030454101321,0.66654117319044,0.2595726168272926,0.9465445155111996,0.8409674657534246,0.1055770497577749,0.1421155186110629
19-19,P2,primary,128,source_temperature,0.8204719955336763,0.8409674657534246,0.8410354032369293,0.0486315118413508,0.0479707508630317,0.459009278821966,0.2279008334683932,0.8740300262065286,0.8409674657534246,0.0330625604531039,0.3863278006613647
19-19,P2_MISMATCHED_RX,primary,128,raw,0.8093031055540107,0.8326626712328767,0.832759027850176,0.111374264468171,0.1106918914575283,0.7167349487470511,0.2719395700364307,0.9433254301905224,0.8326626712328767,0.1106627589576456,0.1502207286509317
19-19,P2_NULL,primary,128,raw,0.8162782340026329,0.8354880136986301,0.835640238327738,0.0868485663309438,0.0855543017967872,0.5735001845130608,0.2504094825351537,0.9208253035468548,0.8354880136986301,0.0853372898482245,0.2115793293512682
19-19,P2_SHUFFLED,primary,128,raw,0.8121109353879179,0.8357876712328768,0.8359239592150944,0.1102764787139651,0.1099849561191074,0.6875161223232797,0.2664649428597839,0.9457530484968568,0.8357876712328768,0.1099653772639799,0.145660551561794
19-19,RX_NORM,primary,128,raw,0.8590349547265468,0.872859589041096,0.8729502586675638,0.0611235019572283,0.0597450153991478,0.4827398135152162,0.1994258939321793,0.9320816523574088,0.872859589041096,0.0592220633163129,0.191963137180593
19-19,SAR_GN,primary,128,raw,0.8589113654266376,0.8693493150684931,0.869384234058777,0.058767470936865,0.0580074269962433,0.4551902062508911,0.2019903496926463,0.9268201087154958,0.8693493150684931,0.0574707936470026,0.2044813901687541
19-19,SAR_GN,primary,128,source_temperature,0.8589113654266376,0.8693493150684931,0.869384234058777,0.0187192417816603,0.0167523899400333,0.3882201412730225,0.191709913608487,0.8633879805382977,0.8693493150684931,-0.0059613345301955,0.4217431642907271
19-19,SOURCE_NORM,primary,128,raw,0.862723157605032,0.8764126712328768,0.8765222831336033,0.0588016547479552,0.0574772453484163,0.4772453102879233,0.196223539877116,0.9329836714566264,0.8764126712328768,0.0565710002237497,0.1896760421984911
19-19,SUP_FT_FULL_128,primary,128,raw,0.95247222096701,0.9529965753424658,0.9531046739568014,0.0175598574496091,0.0148806624318638,0.1449121756846291,0.072299605118113,0.9573464724528667,0.9529965753424658,0.0043498971104009,0.1302917966965841
19-19,SUP_FT_HEAD_128,primary,128,raw,0.9021107951399888,0.904708904109589,0.9047760696307464,0.0337288987440095,0.0326078017497409,0.3002278736674527,0.1463239469562024,0.9312276733005802,0.904708904109589,0.0265187691909911,0.1993914891593301
19-19,T3A,primary,128,raw,0.9104786628248664,0.9127140410958904,0.9127652368116708,0.1257410866023385,0.1256743932149232,0.3491777609873536,0.1615647247841449,0.7870396478809671,0.9127140410958904,-0.1256743932149232,0.660124664941016
19-19,T3A,primary,128,source_temperature,0.9104786628248664,0.9127140410958904,0.9127652368116708,0.0365762853305593,0.0364958434294643,0.265518575011712,0.1346648459145617,0.8768897038316217,0.9127140410958904,-0.0358243372642687,0.3736341521505516
19-2,DG_CORAL,primary,128,raw,0.8255587418861913,0.8288527397260275,0.8289054199710943,0.0665968940357282,0.0650118502029153,0.5725280139070197,0.2605615844636945,0.8937727701308027,0.8288527397260275,0.0649200304047753,0.2971175511919959
19-2,DG_DANN,primary,128,raw,0.8186329417834324,0.822345890410959,0.8223853043320574,0.0639522514905627,0.0617837602068504,0.5951433165623832,0.270014187741899,0.8839987180387116,0.822345890410959,0.0616528276277527,0.3235890773006032
19-2,DG_GROUPDRO,primary,128,raw,0.7518534451951941,0.7547945205479452,0.7550747783776226,0.0797637253291649,0.080058800427192,0.7480232373033768,0.3518419190670395,0.8344058731781343,0.7547945205479452,0.0796113526301892,0.4628982479853685
19-2,EMB_STD,primary,128,raw,0.8304351455984719,0.8334760273972602,0.8333329245741915,0.0842629550726548,0.0841814549218812,0.6340976526796026,0.261499703131484,0.9175001599417668,0.8334760273972602,0.0840241325445065,0.2253951497910049
19-2,EMB_STD,primary,128,source_temperature,0.8304351455984719,0.8334760273972602,0.8333329245741915,0.0356026543915625,0.0338605593742539,0.5140055329740807,0.2468227152790469,0.8509745765570184,0.8334760273972602,0.017498549159758,0.43903814214812
19-2,P0,primary,128,raw,0.8154172289560421,0.8186215753424658,0.8186354773527398,0.0742487658287258,0.0734495442705101,0.61692228678775,0.2771905475352259,0.8915232121778576,0.8186215753424658,0.0729016368353917,0.3003928497690032
19-2,P0,primary,128,source_temperature,0.8154172289560421,0.8186215753424658,0.8186354773527398,0.0298572764976099,0.0294472131243661,0.5428729588854238,0.266814561026729,0.807428963010385,0.8186215753424658,-0.0111926123320807,0.5678937884591315
19-2,P0_WIDE,primary,128,raw,0.8514618936143586,0.8544520547945206,0.8544826929774093,0.0638811529945735,0.0620853197556754,0.536768065159247,0.2270183235736105,0.9152877877160192,0.8544520547945206,0.0608357329214986,0.2355503793094158
19-2,P1,primary,128,raw,0.8278188088208782,0.8311215753424657,0.8311819003723027,0.0872363671571118,0.0868978220688766,0.6866420850205458,0.2676675368496796,0.9180139748889902,0.8311215753424657,0.0868923995465244,0.2250726738843777
19-2,P2,primary,128,raw,0.8011520247371573,0.8055650684931507,0.8056556406116637,0.1085189715774142,0.1083155114529016,0.775893080993575,0.3080215868756948,0.913878079122953,0.8055650684931507,0.1083130106298023,0.2327937035792902
19-2,P2,primary,128,source_temperature,0.8011520247371573,0.8055650684931507,0.8056556406116637,0.0499077343649572,0.0492871737228588,0.5934909062798008,0.2879059210805737,0.8041063492835118,0.8055650684931507,-0.0014587192096388,0.5817934891525656
19-2,P2_MISMATCHED_RX,primary,128,raw,0.7618269721563592,0.764126712328767,0.7644645797825695,0.1452203840355401,0.1446585751668078,0.987303327048356,0.3783522894673917,0.9087829253553374,0.764126712328767,0.1446562130265703,0.2422969855478912
19-2,P2_NULL,primary,128,raw,0.7608673202786973,0.7629280821917808,0.7632860389549878,0.1300367463195109,0.1284701516347847,0.9240584022934186,0.3761035715167865,0.8911008907335314,0.7629280821917808,0.1281728085417504,0.2986776157141101
19-2,P2_SHUFFLED,primary,128,raw,0.764738454004253,0.7672945205479451,0.7675789042653647,0.1406298068907009,0.1404841384206171,0.9309975619941204,0.369519090333244,0.90777789219155,0.7672945205479451,0.1404833716436047,0.2442645915207137
19-2,RX_NORM,primary,128,raw,0.8178627517490075,0.8200770547945206,0.82021346845025,0.0736388633665564,0.0725028482150949,0.63281494877886,0.2770365723483047,0.8924916774646876,0.8200770547945206,0.0724146226701671,0.2985657785669398
19-2,SAR_GN,primary,128,raw,0.8154172289560421,0.8186215753424658,0.8186354773527398,0.0742487658287258,0.0734495442705101,0.61692228678775,0.2771905475352259,0.8915232121778576,0.8186215753424658,0.0729016368353917,0.3003928497690032
19-2,SAR_GN,primary,128,source_temperature,0.8154172289560421,0.8186215753424658,0.8186354773527398,0.0298572764976099,0.0294472131243661,0.5428729588854238,0.266814561026729,0.807428963010385,0.8186215753424658,-0.0111926123320807,0.5678937884591315
19-2,SOURCE_NORM,primary,128,raw,0.8178741463236856,0.8203339041095891,0.8204594175817335,0.0730767306361398,0.0720841401920028,0.6247409052047475,0.2750220826513485,0.8923146079932275,0.8203339041095891,0.0719807038836385,0.2991832525300283
19-2,SUP_FT_FULL_128,primary,128,raw,0.9242378979798676,0.92388698630137,0.9239659701344014,0.0172379648708419,0.016035018268054,0.2431431298346846,0.1153931618258353,0.931371444735472,0.92388698630137,0.007484458434102,0.2033849985134123
19-2,SUP_FT_HEAD_128,primary,128,raw,0.842314740840773,0.8435359589041095,0.8435761091245654,0.0552109956843395,0.0550276373908536,0.5026071467566052,0.2382260198296084,0.8951061018678832,0.8435359589041095,0.0515701429637735,0.2943114949302801
19-2,T3A,primary,128,raw,0.8421375766942159,0.8455051369863014,0.8454551305815649,0.1449990617053915,0.1447908383111584,0.5569927650815015,0.2626327931452319,0.7007142986751429,0.8455051369863014,-0.1447908383111584,0.8914818349714141
19-2,T3A,primary,128,source_temperature,0.8421375766942159,0.8455051369863014,0.8454551305815649,0.0492548811552469,0.0490115149545403,0.4746811457816797,0.2334510371497855,0.8094526056047708,0.8455051369863014,-0.0360525313815304,0.56725203082641
19-20,DG_CORAL,primary,128,raw,0.7753403090873465,0.7855545617173524,0.7939824870901054,0.1178549499305928,0.1166087025313343,0.7635900928728604,0.3342460750292194,0.9021355954527002,0.7855545617173524,0.1165810337353477,0.2748235572919253
19-20,DG_DANN,primary,128,raw,0.7917199461185851,0.7990161001788909,0.8068108389239441,0.1020244761734987,0.1013854735352645,0.6666586315318278,0.3085903914418357,0.9003979726019773,0.7990161001788909,0.1013818724230864,0.2831860949594437
19-20,DG_GROUPDRO,primary,128,raw,0.7479477582711287,0.7570661896243291,0.7663942080846341,0.1193185615005081,0.1192855509687781,0.7771479180314469,0.366371294736358,0.8762890440773399,0.7570661896243291,0.1192228544530106,0.3469409538064505
19-20,EMB_STD,primary,128,raw,0.804860361496879,0.8078264758497316,0.8151017354834661,0.1202321608012712,0.1199985316179839,0.8841652892010723,0.3168914443603148,0.9278250074677156,0.8078264758497316,0.1199985316179839,0.2023926207577413
19-20,EMB_STD,primary,128,source_temperature,0.804860361496879,0.8078264758497316,0.8151017354834661,0.0511243556336985,0.052088826068681,0.6219043702432524,0.2965030851870488,0.8009697816210654,0.8078264758497316,-0.0068566942286661,0.622618729790134
19-20,P0,primary,128,raw,0.7888767659672185,0.7950357781753131,0.8031269829082046,0.119236279853448,0.1182950721497186,0.7808843598026465,0.3287541897593214,0.913308976033506,0.7950357781753131,0.1182731978581928,0.2457904943869852
19-20,P0,primary,128,source_temperature,0.7888767659672185,0.7950357781753131,0.8031269829082046,0.0534393522067472,0.0536394530642863,0.6107943819442946,0.3026239333750797,0.7939943844866385,0.7950357781753131,-0.0010413936886745,0.6408663636381088
19-20,P0_WIDE,primary,128,raw,0.7390066052654588,0.751788908765653,0.7614548626408679,0.1741065600557063,0.1735531121652326,1.1521858883221214,0.4143745690610892,0.9253405986830244,0.751788908765653,0.1735516899173716,0.2099803386964006
19-20,P1,primary,128,raw,0.7523717256246621,0.7605992844364937,0.7697027914165256,0.1721884082176444,0.1711436786204043,1.2312353537071363,0.4078513415090541,0.931742963056898,0.7605992844364937,0.1711436786204043,0.1889726384057639
19-20,P2,primary,128,raw,0.7783328889910834,0.783273703041145,0.7914877473898562,0.1616920908456518,0.1607096536121662,1.2352059705893772,0.37588476239862,0.943983356653311,0.783273703041145,0.1607096536121662,0.1527074083170169
19-20,P2,primary,128,source_temperature,0.7783328889910834,0.783273703041145,0.7914877473898562,0.0408311952135584,0.0436372992350707,0.6981023429587819,0.3351051771320817,0.7984788845511117,0.783273703041145,0.0152051815099667,0.6248988161108696
19-20,P2_MISMATCHED_RX,primary,128,raw,0.7617721195653275,0.7713327370304114,0.780004529991469,0.170791266332772,0.1700679955034381,1.2615569927292334,0.3918762153752196,0.9414007214659388,0.7713327370304114,0.1700679844355274,0.1578536190907345
19-20,P2_NULL,primary,128,raw,0.7595332030904461,0.7689624329159213,0.7779806781939784,0.1543173717178257,0.1523806469611597,1.1423858192755905,0.3883619992601109,0.9200479629081348,0.7689624329159213,0.1510855299922136,0.2219324547409344
19-20,P2_SHUFFLED,primary,128,raw,0.7626448110021442,0.7726744186046511,0.781366635319382,0.1711735132115364,0.1705021227475036,1.276232563493776,0.3913325901751948,0.9431765298044212,0.7726744186046511,0.17050211119977,0.1536063784397032
19-20,RX_NORM,primary,128,raw,0.7851927771656879,0.7949016100178892,0.8029947925797923,0.1174715177877431,0.1172870428782882,0.7731901938491464,0.3220705887247744,0.9121376355107014,0.7949016100178892,0.1172360254928123,0.2448599379778258
19-20,SAR_GN,primary,128,raw,0.7888767659672185,0.7950357781753131,0.8031269829082046,0.119236279853448,0.1182950721497186,0.7808843598026465,0.3287541897593214,0.913308976033506,0.7950357781753131,0.1182731978581928,0.2457904943869852
19-20,SAR_GN,primary,128,source_temperature,0.7888767659672185,0.7950357781753131,0.8031269829082046,0.0534287036931695,0.0536255710059585,0.6107857330897138,0.3026207363172123,0.7939469941738398,0.7950357781753131,-0.0010887840014732,0.6410158550449288
19-20,SOURCE_NORM,primary,128,raw,0.7899740909931285,0.7995080500894455,0.8074486784346343,0.1155162014706936,0.1150095820440269,0.7550094256160834,0.3158125569104832,0.9145006704589016,0.7995080500894455,0.1149926203694561,0.2398424102084305
19-20,SUP_FT_FULL_128,primary,128,raw,0.9597796400462,0.9591681574239712,0.9602110305347336,0.0143160784080597,0.0134161396528559,0.1299475704083906,0.06404255114525,0.947151265889806,0.9591681574239712,-0.0120168915341652,0.163824152592646
19-20,SUP_FT_HEAD_128,primary,128,raw,0.8155937301221995,0.8168157423971378,0.8238924241044401,0.0982175195339754,0.0982284401071946,0.6675585174521507,0.2939708549427774,0.9125684104553275,0.8168157423971378,0.0957526680581898,0.2486762709912874
19-20,T3A,primary,128,raw,0.7930201522330601,0.7974508050089446,0.805684972149151,0.0635986603336652,0.0638686615094036,0.5791904742634605,0.2944183197618032,0.7721328298519624,0.7974508050089446,-0.0253179751569821,0.6984867142340302
19-20,T3A,primary,128,source_temperature,0.7930201522330601,0.7974508050089446,0.805684972149151,0.0578375639451057,0.0579542297652743,0.5774743995096105,0.2968965562864837,0.8131592571275046,0.7974508050089446,0.01570845211856,0.5677627295019321
2-1,DG_CORAL,primary,128,raw,0.7882015765647779,0.7981592465753425,0.798092685230819,0.125327778074329,0.1251568902488032,0.7736328410400577,0.3275437918124281,0.9233161368241458,0.7981592465753425,0.1251568902488032,0.2115167807633308
2-1,DG_DANN,primary,128,raw,0.8032999607879331,0.8097602739726029,0.809618812683621,0.09787168092324,0.0973410535635656,0.7037880285417013,0.3004089559189301,0.9071013275361683,0.8097602739726029,0.0973410535635656,0.2566990170131066
2-1,DG_GROUPDRO,primary,128,raw,0.753853092106276,0.760873287671233,0.7608470897454672,0.1065559585406508,0.1056615452135415,0.7482596206997422,0.3681949014026849,0.8653683948515569,0.760873287671233,0.104495107180324,0.3749739773369204
2-1,EMB_STD,primary,128,raw,0.8081348642363999,0.8132277397260275,0.8130749306446866,0.1169927682791364,0.1163889340278118,0.7062134803184767,0.3012369685395687,0.92961092307934,0.8132277397260275,0.1163831833533126,0.1905520463237777
2-1,EMB_STD,primary,128,source_temperature,0.8081348642363999,0.8132277397260275,0.8130749306446866,0.0381129467389675,0.0380717591148527,0.5351965294145433,0.272610363252881,0.8406979080922227,0.8132277397260275,0.0274701683661952,0.4884908825505742
2-1,P0,primary,128,raw,0.7815436350685817,0.7923801369863014,0.7922137133776828,0.1388234504536815,0.1383746923445022,0.8335276896835577,0.3425024975223359,0.9307512040058636,0.7923801369863014,0.1383710670195622,0.1872115954062301
2-1,P0,primary,128,source_temperature,0.7815436350685817,0.7923801369863014,0.7922137133776828,0.0591179737555307,0.0602141261325347,0.6124046196303295,0.3103098575395707,0.8487088631702336,0.7923801369863014,0.0563287261839322,0.4655939128200071
2-1,P0_WIDE,primary,128,raw,0.811689622612621,0.8166523972602739,0.8165820009201464,0.1108058864467662,0.1100772783147451,0.7071047763618743,0.296928029869506,0.9267295482619474,0.8166523972602739,0.1100771510016734,0.195842928181227
2-1,P1,primary,128,raw,0.8051980105827463,0.8089469178082191,0.8089160705949668,0.1409183929023677,0.1408174223406878,0.929770003090542,0.3249462519820545,0.9497639462683504,0.8089469178082191,0.1408170284601311,0.1309934494278046
2-1,P2,primary,128,raw,0.7934914535795883,0.7939640410958904,0.7940748539292102,0.1413517742111564,0.1407359581989274,0.9436677786607364,0.3445162597996588,0.9346993389080138,0.7939640410958904,0.1407352978121234,0.1702215031589603
2-1,P2,primary,128,source_temperature,0.7934914535795883,0.7939640410958904,0.7940748539292102,0.037523978598071,0.0383407318060478,0.5986103041785491,0.3058737570616937,0.8221672836403165,0.7939640410958904,0.028203242544426,0.531062302926974
2-1,P2_MISMATCHED_RX,primary,128,raw,0.7766903134118811,0.7788955479452054,0.7790067434606801,0.1581363958765893,0.157929715005145,1.0806204375668125,0.3737065883995366,0.9368249853192636,0.7788955479452054,0.1579294373740582,0.164978325903202
2-1,P2_NULL,primary,128,raw,0.785957209968501,0.7878424657534246,0.7879542850170542,0.1309246689572369,0.1304390967944764,0.8901762941981118,0.3476243684575497,0.9182630361740362,0.7878424657534246,0.1304205704206115,0.2201922158746903
2-1,P2_SHUFFLED,primary,128,raw,0.7832582335596623,0.7852739726027397,0.7853376141134848,0.1521868506637848,0.1515371593570157,1.0289514346509618,0.3612663973266073,0.9368107841605297,0.7852739726027397,0.1515368115577898,0.1656730796608004
2-1,RX_NORM,primary,128,raw,0.8101722825077073,0.8207191780821917,0.8206026514983991,0.1170572798979813,0.116753211219425,0.7352578840222875,0.2962825156579423,0.9374613715208148,0.8207191780821917,0.116742193438623,0.1727818030872087
2-1,SAR_GN,primary,128,raw,0.7815436350685817,0.7923801369863014,0.7922137133776828,0.1388234504536815,0.1383746923445022,0.8335276896835577,0.3425024975223359,0.9307512040058636,0.7923801369863014,0.1383710670195622,0.1872115954062301
2-1,SAR_GN,primary,128,source_temperature,0.7815436350685817,0.7923801369863014,0.7922137133776828,0.0591179737555307,0.0602141261325347,0.6124046196303295,0.3103098575395707,0.8487088631702336,0.7923801369863014,0.0563287261839322,0.4655939128200071
2-1,SOURCE_NORM,primary,128,raw,0.8116669572329538,0.8221746575342465,0.8220595230685843,0.1174026072778011,0.1166280610882358,0.7342524395542419,0.2957549239636036,0.9388010205126892,0.8221746575342465,0.1166263629784424,0.1697038907699797
2-1,SUP_FT_FULL_128,primary,128,raw,0.94068813598835,0.9406678082191782,0.9407910133943131,0.012681484246652,0.0106758012385299,0.1683643797119086,0.0882053032537186,0.9440848708599296,0.9406678082191782,0.0034170626407514,0.1599934925265907
2-1,SUP_FT_HEAD_128,primary,128,raw,0.8172154578700273,0.8199486301369863,0.8198603585852604,0.1020127269809376,0.1015251378362922,0.5902082528517958,0.2815731905604377,0.9214114853295764,0.8199486301369863,0.1014628551925902,0.213315989095998
2-1,T3A,primary,128,raw,0.7976643600640927,0.805265410958904,0.8051414122755312,0.0463254491249992,0.0463800359925586,0.5474092175921965,0.2823880861079985,0.7763157271639738,0.805265410958904,-0.0289496837949303,0.6490644823033171
2-1,T3A,primary,128,source_temperature,0.7976643600640927,0.805265410958904,0.8051414122755312,0.0426961739444874,0.0446803524398148,0.5443080871834474,0.28308804407947,0.8120177798168082,0.805265410958904,0.0067523688579041,0.5366564421929952
2-19,DG_CORAL,primary,128,raw,0.8503712354937962,0.8605308219178083,0.8603585114559091,0.0654293482051524,0.0648875113142884,0.5142346234494327,0.2188514760564592,0.9253534795257122,0.8605308219178083,0.064822657607904,0.2127760065904761
2-19,DG_DANN,primary,128,raw,0.8593448611404163,0.8664383561643836,0.8663884642129496,0.0464075602125376,0.0449572192741022,0.4331290583030481,0.2044884356387502,0.9110077693707576,0.8664383561643836,0.0445694132063742,0.2544564724596164
2-19,DG_GROUPDRO,primary,128,raw,0.8015073128157846,0.8169092465753425,0.8168602831533607,0.0588126124329354,0.0576731657201092,0.5532181269269725,0.270156352224665,0.8738516620908902,0.8169092465753425,0.0569424155155477,0.3589117906608156
2-19,EMB_STD,primary,128,raw,0.8848731007075041,0.8907106164383561,0.8905150540858984,0.0489098835213441,0.0489593684303331,0.3930608089954436,0.1698969344131039,0.9391914334696756,0.8907106164383561,0.0484808170313194,0.1734412164740799
2-19,EMB_STD,primary,128,source_temperature,0.8848731007075041,0.8907106164383561,0.8905150540858984,0.0458113201107736,0.0452333867701868,0.3572099039793303,0.1684308749062451,0.8483698894493337,0.8907106164383561,-0.0423407269890224,0.4896942538325648
2-19,P0,primary,128,raw,0.8559862142546809,0.8653253424657533,0.8651606684338784,0.0651215094600944,0.0646093237341368,0.4806219959402414,0.2088692977476108,0.9296924002736502,0.8653253424657533,0.0643670578078966,0.1973704470390233
2-19,P0,primary,128,source_temperature,0.8559862142546809,0.8653253424657533,0.8651606684338784,0.0270074156140991,0.0309435999120421,0.4148490681463391,0.2000798910048749,0.8533460375671706,0.8653253424657533,-0.0119793048985827,0.465823781481151
2-19,P0_WIDE,primary,128,raw,0.8485835554649904,0.8562071917808218,0.8561495876321074,0.0810534496957512,0.08054547379023,0.4972069696360018,0.222733334816193,0.9366363266329856,0.8562071917808218,0.0804291348521635,0.1744459145964481
2-19,P1,primary,128,raw,0.8799394687282918,0.8863869863013699,0.8863673223904968,0.0665949736517688,0.0657892353743417,0.4051127815886406,0.1825759529020465,0.9521432095870684,0.8863869863013699,0.0657562232856983,0.1301172257439843
2-19,P2,primary,128,raw,0.8569950966345055,0.8643407534246575,0.8641944786049564,0.0816030844688824,0.0814882835347766,0.5152223345044267,0.2180839837241024,0.9458050331024276,0.8643407534246575,0.0814642796777699,0.1462969705853656
2-19,P2,primary,128,source_temperature,0.8569950966345055,0.8643407534246575,0.8641944786049564,0.0284273134248868,0.0265635567336689,0.3954240884359111,0.1983961525406316,0.8491209549241721,0.8643407534246575,-0.0152197985004856,0.4741425020234347
2-19,P2_MISMATCHED_RX,primary,128,raw,0.8411227617456817,0.850470890410959,0.8503744560332211,0.0975892979083965,0.0968472236607938,0.6082156858052274,0.242594359646835,0.9473108548996332,0.850470890410959,0.0968399644886743,0.1418580262040741
2-19,P2_NULL,primary,128,raw,0.8122228238253989,0.8244006849315069,0.8242974388997852,0.1075464073173089,0.1072331330560351,0.6910697892330315,0.2837781860307821,0.9316328007689588,0.8244006849315069,0.1072321158374519,0.1874659190948777
2-19,P2_SHUFFLED,primary,128,raw,0.8424960194016844,0.850984589041096,0.8508623852921515,0.095598461429193,0.0946389020344063,0.6139530580241777,0.2449410669844413,0.9456228205946924,0.850984589041096,0.0946382315535965,0.1464463244430977
2-19,RX_NORM,primary,128,raw,0.8414187671647385,0.8532534246575342,0.8531794693543885,0.070282951349469,0.0700985753500502,0.5210117971530502,0.2270593193289037,0.9232026669030932,0.8532534246575342,0.069949242245559,0.2133725892911059
2-19,SAR_GN,primary,128,raw,0.8559862142546809,0.8653253424657533,0.8651606684338784,0.0651215094600944,0.0646093237341368,0.4806219959402414,0.2088692977476108,0.9296924002736502,0.8653253424657533,0.0643670578078966,0.1973704470390233
2-19,SAR_GN,primary,128,source_temperature,0.8559862142546809,0.8653253424657533,0.8651606684338784,0.0269565365639483,0.0309383571616709,0.4148503474065607,0.200079644806819,0.8533124275429331,0.8653253424657533,-0.0120129149228202,0.4659362683421754
2-19,SOURCE_NORM,primary,128,raw,0.8551224121110653,0.8658818493150685,0.8658167378594095,0.061841742533629,0.0612915007754752,0.4856552838555853,0.2087601193072586,0.92690443903565,0.8658818493150685,0.0610225897205815,0.2041427121038193
2-19,SUP_FT_FULL_128,primary,128,raw,0.9628470203253756,0.963013698630137,0.963023479944502,0.010113634255855,0.0089284123138409,0.1118393276553593,0.0559972040327691,0.9594573442250084,0.963013698630137,-0.0035563544051288,0.1255712981626942
2-19,SUP_FT_HEAD_128,primary,128,raw,0.8984696554264191,0.90201198630137,0.9019135073497724,0.0298468242386636,0.0295010571814563,0.3235021002307165,0.152668321428138,0.9281742387489504,0.90201198630137,0.0261622524475806,0.2106118380777153
2-19,T3A,primary,128,raw,0.8791438729257637,0.8866010273972602,0.8865014242634027,0.118568768441575,0.118418233437234,0.4117429331979016,0.1911534988307959,0.7681827939600263,0.8866010273972602,-0.118418233437234,0.725596679791894
2-19,T3A,primary,128,source_temperature,0.8791438729257637,0.8866010273972602,0.8865014242634027,0.0295338270463495,0.0287395515159805,0.3375861499857151,0.1699329450329792,0.862141532246828,0.8866010273972602,-0.0244594951504321,0.4258082175055098
20-1,DG_CORAL,primary,128,raw,0.9138984416616288,0.9127568493150684,0.912783322358712,0.0314419892355034,0.0307403124518029,0.2643359926784474,0.1315768014291777,0.9427606539322344,0.9127568493150684,0.0300038046171659,0.1621148418334282
20-1,DG_DANN,primary,128,raw,0.9099660402548968,0.9090325342465754,0.909055939240217,0.0283840723380395,0.0285244433789781,0.2695802183106772,0.1367572318375217,0.9363268176827274,0.9090325342465754,0.027294283436152,0.1827016094122493
20-1,DG_GROUPDRO,primary,128,raw,0.8655216584587475,0.8647260273972602,0.8648621554383894,0.0561192455605846,0.0545571074891223,0.3958679173021183,0.2044871107243059,0.9185032862334268,0.8647260273972602,0.0537772588361666,0.2364256346204288
20-1,EMB_STD,primary,128,raw,0.9205036682980908,0.919734589041096,0.9196901837541476,0.031719778570002,0.0311152401418514,0.2455372532670176,0.1231871756684822,0.950342028733496,0.919734589041096,0.0306074396924,0.141144630323732
20-1,EMB_STD,primary,128,source_temperature,0.9205036682980908,0.919734589041096,0.9196901837541476,0.0275764919847975,0.0252553521334589,0.2382818860665702,0.1197725011454191,0.8972835150554838,0.919734589041096,-0.0224510739856121,0.3336626500571522
20-1,P0,primary,128,raw,0.9150194770170662,0.9139126712328768,0.913886298294132,0.0330837314731556,0.0328276426965141,0.2580409999935059,0.1304100100448693,0.9462273154394982,0.9139126712328768,0.0323146442066214,0.1528252604412536
20-1,P0,primary,128,source_temperature,0.9150194770170662,0.9139126712328768,0.913886298294132,0.022613584450943,0.0194407536432367,0.246144313374207,0.1267084258138696,0.9008407319647556,0.9139126712328768,-0.0130719392681211,0.3146031469564504
20-1,P0_WIDE,primary,128,raw,0.9153539535750788,0.914597602739726,0.9145829963479488,0.0393754140225124,0.0382935372238646,0.2954049814622017,0.132565080096831,0.952653028358616,0.914597602739726,0.03805542561889,0.131692149079398
20-1,P1,primary,128,raw,0.9220100503237408,0.922388698630137,0.9224345246521152,0.0425969488382951,0.042596154254287,0.2853250215833628,0.1214185546959665,0.964961736891674,0.922388698630137,0.0425730382615368,0.0956200183280709
20-1,P2,primary,128,raw,0.9279079783077604,0.9273544520547944,0.9273527242075816,0.0320821499113912,0.0318732643544622,0.2523376503629345,0.112743633006708,0.9588968003111292,0.9273544520547944,0.0315423482563346,0.1140857160062164
20-1,P2,primary,128,source_temperature,0.9279079783077604,0.9273544520547944,0.9273527242075816,0.0202494940470011,0.018870141860215,0.2224369828552406,0.1088859832842803,0.9149063097015404,0.9273544520547944,-0.0124481423532541,0.2704259025177861
20-1,P2_MISMATCHED_RX,primary,128,raw,0.9049363768043384,0.904152397260274,0.9041785612352248,0.0495964053348472,0.0489669483582399,0.3529627431555395,0.1522384477605434,0.9530921908956632,0.904152397260274,0.0489397936353893,0.1265209312709067
20-1,P2_NULL,primary,128,raw,0.8813620632560278,0.882234589041096,0.8822401693439229,0.0610571774156534,0.0592297939226439,0.4123173241134577,0.1843604653903849,0.9379347908183014,0.882234589041096,0.0557002017772054,0.1735168962493632
20-1,P2_SHUFFLED,primary,128,raw,0.9062384746127842,0.9056078767123288,0.905647960571861,0.0515338219223825,0.0498667978215962,0.3614212650654815,0.1519809593911783,0.9554003738128416,0.9056078767123288,0.0497924971005126,0.1223381369014837
20-1,RX_NORM,primary,128,raw,0.9255459440265152,0.9247003424657534,0.9247553882776746,0.0281108545158568,0.0261746899307743,0.2391412197957799,0.1168564977695957,0.948810418253152,0.9247003424657534,0.0241100757873987,0.142993797748212
20-1,SAR_GN,primary,128,raw,0.9150194770170662,0.9139126712328768,0.913886298294132,0.0330837314731556,0.0328276426965141,0.2580409999935059,0.1304100100448693,0.9462273154394982,0.9139126712328768,0.0323146442066214,0.1528252604412536
20-1,SAR_GN,primary,128,source_temperature,0.9150194770170662,0.9139126712328768,0.913886298294132,0.0226132570724066,0.0194404081259818,0.2461441257213938,0.1267083948677404,0.9008410774820104,0.9139126712328768,-0.0130715937508661,0.3146018941433109
20-1,SOURCE_NORM,primary,128,raw,0.92601324389228,0.9251712328767124,0.9252294034914031,0.0279686039766577,0.0263545714899234,0.2359839688955834,0.1150255897889846,0.9502000618387932,0.9251712328767124,0.0250288289620808,0.1396441126832668
20-1,SUP_FT_FULL_128,primary,128,raw,0.9478998545173634,0.9478167808219178,0.9478908084773792,0.013952097111726,0.0141626275476221,0.1626611075417528,0.0764623177099472,0.9573392537422478,0.9478167808219178,0.0095224729203299,0.1297542087534548
20-1,SUP_FT_HEAD_128,primary,128,raw,0.9301253053380808,0.9296232876712328,0.9296451255984428,0.0168999246321618,0.0176906146377018,0.1998897817022483,0.1036558334033656,0.94501051005767,0.9296232876712328,0.0153872223864373,0.1543735620722376
20-1,T3A,primary,128,raw,0.926321579072409,0.9255565068493152,0.9255430589012874,0.1169407779006415,0.1165860603614518,0.2996490975621013,0.135143245797267,0.8089704464878633,0.9255565068493152,-0.1165860603614518,0.6022936669563925
20-1,T3A,primary,128,source_temperature,0.926321579072409,0.9255565068493152,0.9255430589012874,0.0243114668114227,0.0235294841629378,0.2143999343987743,0.1112754337648252,0.908262634191784,0.9255565068493152,-0.0172938726575309,0.2749889968372187
20-19,DG_CORAL,primary,128,raw,0.8848621321490565,0.8941352739726028,0.8941237975164944,0.0481802998008589,0.0464748369759484,0.3545347909107849,0.1652903490017477,0.9404456991855412,0.8941352739726028,0.0463104252129384,0.1683958176764889
20-19,DG_DANN,primary,128,raw,0.8979902676144998,0.9076626712328768,0.9077911511467134,0.0390989932958802,0.0388904525375325,0.3122955228227247,0.1446107640981122,0.9445716998527108,0.9076626712328768,0.036909028619834,0.1609631747463313
20-19,DG_GROUPDRO,primary,128,raw,0.8053625248476713,0.8183647260273972,0.8183719751681362,0.070050770368376,0.0691692242169216,0.5248098843446846,0.2634233713420163,0.8868804842437783,0.8183647260273972,0.068515758216381,0.3065281338089861
20-19,EMB_STD,primary,128,raw,0.8913782136402307,0.8988869863013699,0.898940465664522,0.0492571393997497,0.0489046484002307,0.3340011011651255,0.1552386131662357,0.9475789688961352,0.8988869863013699,0.0486919825947651,0.1468244630942227
20-19,EMB_STD,primary,128,source_temperature,0.8913782136402307,0.8988869863013699,0.898940465664522,0.0217396676338976,0.0210581850729961,0.2935059520676306,0.1466614888109819,0.8975907308394143,0.8988869863013699,-0.0012962554619555,0.327267025041707
20-19,P0,primary,128,raw,0.8840335223192637,0.8933647260273971,0.8934439455556589,0.0518749311668415,0.0514999864571919,0.3431624635644325,0.1629117598158704,0.94465861192662,0.8933647260273971,0.0512938858992228,0.1529043192033668
20-19,P0,primary,128,source_temperature,0.8840335223192637,0.8933647260273971,0.8934439455556589,0.0229553522887156,0.0235078462672169,0.3025831599201284,0.1540005735347756,0.8978846600488788,0.8933647260273971,0.0045199340214815,0.3193131738213083
20-19,P0_WIDE,primary,128,raw,0.89197360434519,0.8997003424657535,0.8997094689548643,0.0546919309502237,0.0541169952849972,0.3460261024298593,0.1567945302825706,0.95377480194215,0.8997003424657535,0.0540744594763964,0.1269844940582328
20-19,P1,primary,128,raw,0.8572031649080427,0.8723458904109588,0.8724102425647059,0.0804882267081778,0.0796225900315258,0.4913863705792781,0.2067755443947325,0.9519479217288428,0.8723458904109588,0.0796020313178839,0.1288706964816128
20-19,P2,primary,128,raw,0.8460116198243843,0.8598458904109588,0.8599373494748941,0.0892610407561982,0.0889380229088439,0.556308639400333,0.2260714957550291,0.948782343890722,0.8598458904109588,0.0889364534797631,0.1361217183013945
20-19,P2,primary,128,source_temperature,0.8460116198243843,0.8598458904109588,0.8599373494748941,0.0282856778620825,0.0292630057923268,0.4007306572188766,0.2040853513644012,0.8850518331924295,0.8598458904109588,0.0252059427814705,0.349718529813404
20-19,P2_MISMATCHED_RX,primary,128,raw,0.8253549928734165,0.8414383561643837,0.8415189705903166,0.1041145004523433,0.1038064939378161,0.650456023703127,0.2567634522138905,0.945240863582298,0.8414383561643837,0.1038025074179143,0.1444864637301437
20-19,P2_NULL,primary,128,raw,0.8281048419354595,0.8450770547945206,0.8451114716154036,0.0912988871623034,0.0903002596683545,0.6305175048945421,0.2510004097295503,0.9353554112103142,0.8450770547945206,0.0902783564157937,0.1769975492700871
20-19,P2_SHUFFLED,primary,128,raw,0.8240495609037245,0.8408818493150685,0.8409685010976986,0.1067711289780699,0.1064762187011744,0.6949277761316672,0.2618729454879977,0.9473574568338896,0.8408818493150685,0.1064756075188211,0.1391967325075245
20-19,RX_NORM,primary,128,raw,0.8901422754676437,0.8967465753424658,0.8968105079105035,0.0436174276858976,0.0428799392629976,0.3364552380151012,0.1608069502654674,0.9384901096534036,0.8967465753424658,0.0417435343109377,0.1703876166303916
20-19,SAR_GN,primary,128,raw,0.8840335223192637,0.8933647260273971,0.8934439455556589,0.0518749311668415,0.0514999864571919,0.3431624635644325,0.1629117598158704,0.94465861192662,0.8933647260273971,0.0512938858992228,0.1529043192033668
20-19,SAR_GN,primary,128,source_temperature,0.8840335223192637,0.8933647260273971,0.8934439455556589,0.0229614022302285,0.023518731912677,0.3025911121608468,0.1539988440305807,0.8978384115044804,0.8933647260273971,0.004473685477083,0.3194845844407611
20-19,SOURCE_NORM,primary,128,raw,0.903208814017499,0.9095890410958904,0.9096676780010376,0.0373086347570004,0.0365286379739999,0.2934024525798205,0.1395547698516865,0.9450938466394142,0.9095890410958904,0.0355048055435237,0.1533923193850239
20-19,SUP_FT_FULL_128,primary,128,raw,0.9734812519284852,0.9736301369863014,0.9736291791424484,0.0084363499043943,0.0062855941894119,0.0743698481466939,0.0387645488645843,0.9679505036914188,0.9736301369863014,-0.0056796332948828,0.0986511908842596
20-19,SUP_FT_HEAD_128,primary,128,raw,0.9156693292099464,0.9184503424657536,0.9184809502274592,0.0277784541899925,0.0283720382820967,0.2386266014974873,0.1233584995850146,0.9443279332200654,0.9184503424657536,0.0258775907543117,0.1585308333833727
20-19,T3A,primary,128,raw,0.9065219713781614,0.9129280821917808,0.9129960390393724,0.0980806645267477,0.0967013875666801,0.3054128913816725,0.1437594697457318,0.8163682155177151,0.9129280821917808,-0.0965598666740658,0.5675437000341622
20-19,T3A,primary,128,source_temperature,0.9065219713781614,0.9129280821917808,0.9129960390393724,0.0187397392474879,0.018253932107324,0.236831794754339,0.1269457522822009,0.9185422215223376,0.9129280821917808,0.0056141393305567,0.228474860214753
20-20,DG_CORAL,primary,128,raw,0.7851551373330675,0.7972174657534247,0.7972180934118897,0.0887854796853427,0.0886351373805728,0.6603972286211195,0.2982610053187108,0.8858004387972034,0.7972174657534247,0.0885829730437788,0.3149873891240083
20-20,DG_DANN,primary,128,raw,0.7477272359314476,0.7632277397260274,0.7633555248549566,0.1054566516961953,0.1057299069218235,0.7907550058738785,0.3493284904526902,0.8686405700235946,0.7632277397260274,0.1054128302975672,0.3637719168435583
20-20,DG_GROUPDRO,primary,128,raw,0.7293344355909215,0.7449486301369863,0.7449886348928232,0.1166947298670468,0.1162167503715378,0.8493526933152612,0.3832837361212787,0.8611366699003193,0.7449486301369863,0.116188039763333,0.3812192039081589
20-20,EMB_STD,primary,128,raw,0.7880236092651535,0.7977311643835616,0.7977832770288436,0.1134519423957761,0.1129865726226404,0.7351831732519333,0.3132084758861698,0.9107163501061396,0.7977311643835616,0.112985185722578,0.2384175519253547
20-20,EMB_STD,primary,128,source_temperature,0.7880236092651535,0.7977311643835616,0.7977832770288436,0.0365045796074927,0.0377393642272782,0.5756515778505805,0.2847183158298028,0.8334150102862727,0.7977311643835616,0.035683845902711,0.4850833981731791
20-20,P0,primary,128,raw,0.7641773300184596,0.7796660958904109,0.7797822039252513,0.1142869182849583,0.1142670773709677,0.7699866987247487,0.3336672510782486,0.893893124670913,0.7796660958904109,0.114227028780502,0.2907595054801086
20-20,P0,primary,128,source_temperature,0.7641773300184596,0.7796660958904109,0.7797822039252513,0.0462792200328931,0.0465745374567088,0.6324238009792069,0.3060862040362333,0.8143416604609017,0.7796660958904109,0.0346755645704907,0.5448555369300634
20-20,P0_WIDE,primary,128,raw,0.742366000492914,0.7581763698630137,0.7582538925762452,0.1303343007296374,0.1292223910411998,0.9190693410478786,0.3674241274670429,0.8873941523220698,0.7581763698630137,0.1292177824590559,0.3050363378717257
20-20,P1,primary,128,raw,0.7543548459480933,0.7696489726027397,0.7696823365411127,0.1434714805972698,0.1433025955337367,0.9881442352655746,0.3628160749911094,0.9129507200664854,0.7696489726027397,0.1433017474637456,0.230671277205965
20-20,P2,primary,128,raw,0.7820983389484553,0.7916095890410959,0.7916786710239483,0.1268910233403415,0.1265286732273661,0.8138733544694172,0.3271497894138327,0.9181300964831592,0.7916095890410959,0.1265205074420632,0.2170924327676814
20-20,P2,primary,128,source_temperature,0.7820983389484553,0.7916095890410959,0.7916786710239483,0.0481866003628635,0.0493077840174721,0.5933591890339287,0.2926101112165093,0.838608445705449,0.7916095890410959,0.0469988566643531,0.4679536667174119
20-20,P2_MISMATCHED_RX,primary,128,raw,0.7533995613153797,0.7679366438356163,0.7681112027556459,0.1451824509194248,0.1446274806643287,1.006404135521689,0.366341425267727,0.9125587488601162,0.7679366438356163,0.1446221050244998,0.2327046723227059
20-20,P2_NULL,primary,128,raw,0.768859945745045,0.7792380136986301,0.7793538465642362,0.1112366332481168,0.1107380645796146,0.7800942063862069,0.3342156575876677,0.8899573448343737,0.7792380136986301,0.1107193311357436,0.296926282449876
20-20,P2_SHUFFLED,primary,128,raw,0.758082068869588,0.7726455479452055,0.7728193389764751,0.144096615467195,0.1434864756096256,0.9867624260205284,0.3625353959572527,0.91612599650972,0.7726455479452055,0.1434804485645145,0.222837253026304
20-20,RX_NORM,primary,128,raw,0.7692186971633426,0.7848458904109589,0.7848419098131533,0.1115827252558904,0.1110479279338344,0.7390316882684256,0.3261622064645897,0.8958633435360628,0.7848458904109589,0.1110174531251039,0.286461176972265
20-20,SAR_GN,primary,128,raw,0.7641773300184596,0.7796660958904109,0.7797822039252513,0.1142869182849583,0.1142670773709677,0.7699866987247487,0.3336672510782486,0.893893124670913,0.7796660958904109,0.114227028780502,0.2907595054801086
20-20,SAR_GN,primary,128,source_temperature,0.7641773300184596,0.7796660958904109,0.7797822039252513,0.0462782204619628,0.0465739364559546,0.6324232999315939,0.3060859169053119,0.8143396474290183,0.7796660958904109,0.0346735515386073,0.544862091818083
20-20,SOURCE_NORM,primary,128,raw,0.7773821284456645,0.7903681506849315,0.7904196903208422,0.1033334083644647,0.1025319233351731,0.7192396324196287,0.3159809251034572,0.8928952514532036,0.7903681506849315,0.1025271007682719,0.2927124756580254
20-20,SUP_FT_FULL_128,primary,128,raw,0.9024888159763104,0.9035530821917808,0.903623333853169,0.0209004776322678,0.020058614939247,0.2710110556687398,0.141131241852034,0.9211988993167672,0.9035530821917808,0.0176458171249864,0.2223776948376797
20-20,SUP_FT_HEAD_128,primary,128,raw,0.806154047662789,0.8138698630136986,0.8139977474212401,0.078632672761299,0.0783487773640719,0.5681043816344598,0.2746882140432689,0.8922017958959284,0.8138698630136986,0.0783319328822297,0.2930990992142005
20-20,T3A,primary,128,raw,0.8000463922366835,0.8095034246575341,0.8095438429424281,0.0940875436606727,0.0939217641190561,0.5902418290411162,0.2816686417872561,0.7209490412087116,0.8095034246575341,-0.0885543834488226,0.8272931583150974
20-20,T3A,primary,128,source_temperature,0.8000463922366835,0.8095034246575341,0.8095438429424281,0.0409428062071841,0.0415653892869408,0.5466695910692605,0.2683626102437123,0.8308590588887881,0.8095034246575341,0.0213556342312538,0.4916405150985313
23-1,DG_CORAL,primary,128,raw,0.9160847062912848,0.9175085616438357,0.9175396814946288,0.0283582746370198,0.027925301026808,0.2581558381429992,0.1230734013909757,0.9423853457790532,0.9175085616438357,0.0248767841352175,0.1674211159317166
23-1,DG_DANN,primary,128,raw,0.905017288744317,0.906164383561644,0.9061984165914264,0.0192267568456646,0.0196044782591243,0.2816433774520529,0.1372158534279688,0.9221686972464652,0.906164383561644,0.0160043136848213,0.2292891303361948
23-1,DG_GROUPDRO,primary,128,raw,0.883042140666694,0.8849743150684931,0.8850361928133761,0.0227836501701696,0.0227826680777568,0.3573494912032183,0.1723208118363793,0.9041463763638056,0.8849743150684931,0.0191720612953123,0.2798179355747412
23-1,EMB_STD,primary,128,raw,0.9190346040008556,0.919777397260274,0.9197776830007188,0.0219729066150237,0.0211672584258326,0.260608925894497,0.122485828059737,0.940253708789712,0.919777397260274,0.0204763115294379,0.1725828286366046
23-1,EMB_STD,primary,128,source_temperature,0.9190346040008556,0.919777397260274,0.9197776830007188,0.0551953041349036,0.0537186892814164,0.2743969668847981,0.1259324455538728,0.8660587079788575,0.919777397260274,-0.0537186892814165,0.4370012088163618
23-1,P0,primary,128,raw,0.9150877681780932,0.9165667808219178,0.9166258993888128,0.0204439056437615,0.0193585351198809,0.264760838557997,0.1265551494768045,0.9341971108549568,0.9165667808219178,0.0176303300330389,0.1922057933922083
23-1,P0,primary,128,source_temperature,0.9150877681780932,0.9165667808219178,0.9166258993888128,0.0433685003909584,0.0415275095759584,0.2734115768530709,0.1281006213339727,0.875480166321636,0.9165667808219178,-0.0410866145002817,0.4018012072421918
23-1,P0_WIDE,primary,128,raw,0.906599692366624,0.9084760273972602,0.9085553909885882,0.0399795370839842,0.0389282762774661,0.3172777708033494,0.1396794832538767,0.9471145074049088,0.9084760273972602,0.0386384800076484,0.1480254274602012
23-1,P1,primary,128,raw,0.9084665266160844,0.9096318493150684,0.9096428395975236,0.0498380223588941,0.0495435821358114,0.3575315584972528,0.1426094804051161,0.959085876849952,0.9096318493150684,0.0494540275348835,0.1116761860930003
23-1,P2,primary,128,raw,0.9140686196781422,0.9148544520547944,0.9147825597677248,0.051419036083995,0.0512677504783113,0.3285608465242055,0.134865681573886,0.9661095205528586,0.9148544520547944,0.0512550684980639,0.0912123253914272
23-1,P2,primary,128,source_temperature,0.9140686196781422,0.9148544520547944,0.9147825597677248,0.0274656646898371,0.0260647654913481,0.2586330196659631,0.1241059870924473,0.8941399107942921,0.9148544520547944,-0.0207145412605023,0.348683615874824
23-1,P2_MISMATCHED_RX,primary,128,raw,0.8983893828527743,0.9003852739726028,0.900357303128764,0.0619765336178753,0.0617071378338214,0.4190725203443531,0.1617849630138904,0.962081896955122,0.9003852739726028,0.0616966229825191,0.1026659178778865
23-1,P2_NULL,primary,128,raw,0.9019032986533368,0.9030821917808218,0.9029865122790236,0.0469822088945401,0.0458883643877526,0.3424569065738527,0.1515060483426006,0.9489376999144378,0.9030821917808218,0.0458555081336159,0.1411721791828034
23-1,P2_SHUFFLED,primary,128,raw,0.905135847259379,0.9065068493150684,0.9064839853714028,0.0569517042322007,0.0569584003547589,0.3753523953837113,0.1505279127923207,0.9634543169123976,0.9065068493150684,0.056947467597329,0.0992773231186184
23-1,RX_NORM,primary,128,raw,0.8982402264514542,0.9003852739726028,0.9004393005862121,0.0312768873847918,0.0317206900209596,0.3081442813889495,0.1487481599752464,0.931028580088934,0.9003852739726028,0.0306433061163311,0.1977925425904973
23-1,SAR_GN,primary,128,raw,0.9150877681780932,0.9165667808219178,0.9166258993888128,0.0204439056437615,0.0193585351198809,0.264760838557997,0.1265551494768045,0.9341971108549568,0.9165667808219178,0.0176303300330389,0.1922057933922083
23-1,SAR_GN,primary,128,source_temperature,0.9150877681780932,0.9165667808219178,0.9166258993888128,0.0433665084260033,0.0415259733143417,0.2734072527428405,0.1280992225308,0.8754817025832526,0.9165667808219178,-0.041085078238665,0.4017949684111722
23-1,SOURCE_NORM,primary,128,raw,0.9056456962388598,0.9075770547945206,0.9076532891688366,0.027551108693755,0.0275259464475236,0.2875190057513609,0.1381994236598755,0.9337076172647258,0.9075770547945206,0.0261305624702051,0.1926829924814886
23-1,SUP_FT_FULL_128,primary,128,raw,0.9559075331186786,0.956121575342466,0.9562510355787996,0.0130323489987584,0.0121379488020216,0.1479637619044528,0.0685661168723537,0.95741445417197,0.956121575342466,0.0012928788295041,0.1342678442525001
23-1,SUP_FT_HEAD_128,primary,128,raw,0.9325106304986048,0.932748287671233,0.9328398640660372,0.0135312547294856,0.0133376475857341,0.2034405881747739,0.1017896808481565,0.9377915255138524,0.932748287671233,0.0050432378426193,0.1896079921118401
23-1,T3A,primary,128,raw,0.9286241542748378,0.9296232876712328,0.9297073572717626,0.1475454477503997,0.1474147306142808,0.3344599300960907,0.1425147988321023,0.782208557056952,0.9296232876712328,-0.1474147306142808,0.6987690018389043
23-1,T3A,primary,128,source_temperature,0.9286241542748378,0.9296232876712328,0.9297073572717626,0.0370175180565819,0.0361610245689501,0.2259640824088124,0.1078948369511949,0.8939287789941055,0.9296232876712328,-0.0356945086771272,0.3338408641115507
23-3,DG_CORAL,primary,128,raw,0.8156645103240155,0.8361729452054794,0.8361135985871211,0.076984188479231,0.0774521899275634,0.5266080533098638,0.2337698566113189,0.912929169515352,0.8361729452054794,0.0767562243098725,0.2365038767759633
23-3,DG_DANN,primary,128,raw,0.8193042133294144,0.8380565068493151,0.8380419383038751,0.0745375540413677,0.0753676511997944,0.4999380640136532,0.2309804067598702,0.9122976694702593,0.8380565068493151,0.0742411626209441,0.2463526287490372
23-3,DG_GROUPDRO,primary,128,raw,0.8317848853609637,0.8424229452054794,0.8424460534436156,0.0487028880172396,0.0505478940980687,0.4302893432647021,0.2139607768967432,0.8862056677752774,0.8424229452054794,0.0437827225697979,0.3192982492425646
23-3,EMB_STD,primary,128,raw,0.8957194960601413,0.9006421232876713,0.9006103950451674,0.0371632155451974,0.0371207243099502,0.3037382088427968,0.1429408227065033,0.9371776864634292,0.9006421232876713,0.0365355631757578,0.1742654075923831
23-3,EMB_STD,primary,128,source_temperature,0.8957194960601413,0.9006421232876713,0.9006103950451674,0.0623214949031758,0.0609055517583754,0.3141220761628608,0.1423995475283537,0.8448675707545542,0.9006421232876713,-0.055774552533117,0.5017601987721327
23-3,P0,primary,128,raw,0.8559976173963598,0.8680222602739726,0.8679780452247321,0.0570677344744693,0.0569861114745934,0.4093020000573993,0.1894374222622844,0.9245274032077,0.8680222602739726,0.0565051429337273,0.2066332094212461
23-3,P0,primary,128,source_temperature,0.8559976173963598,0.8680222602739726,0.8679780452247321,0.0479726819511699,0.0463761174068486,0.3777361963281606,0.1777562182318984,0.8433794150019421,0.8680222602739726,-0.0246428452720305,0.4873714922812125
23-3,P0_WIDE,primary,128,raw,0.8057591604520729,0.8258133561643834,0.8258356305436034,0.0992976852998851,0.0996402379776006,0.582331281581679,0.2555821373468438,0.9250986310041012,0.8258133561643834,0.0992852748397176,0.206299945594625
23-3,P1,primary,128,raw,0.8660219050381974,0.8757705479452055,0.8757611832649019,0.0668773878818658,0.0664608584850873,0.4445800340020572,0.1868836791006871,0.9421916541841188,0.8757705479452055,0.0664211062389132,0.1553927230949767
23-3,P2,primary,128,raw,0.8462982737827687,0.8590753424657536,0.8590603454602672,0.0774420004274236,0.0772049666943717,0.4705779060932072,0.2112469582048307,0.936161090460389,0.8590753424657536,0.0770857479946355,0.1723694489903728
23-3,P2,primary,128,source_temperature,0.8462982737827687,0.8590753424657536,0.8590603454602672,0.0335870710913018,0.032026450363727,0.3774822114760362,0.1858711520097598,0.8566590847241082,0.8590753424657536,-0.0024162577416452,0.4378713469958702
23-3,P2_MISMATCHED_RX,primary,128,raw,0.8143260604164073,0.8327910958904109,0.8328098877207184,0.0974353938727091,0.0968657106307832,0.6275776603027006,0.2551370759166456,0.9296285745668648,0.8327910958904109,0.0968374786764536,0.1887541762238242
23-3,P2_NULL,primary,128,raw,0.8194854647155282,0.8390839041095891,0.8390695975851227,0.0730032141626595,0.0728880669003071,0.5017068275469583,0.2278466905758272,0.9112878768258308,0.8390839041095891,0.0722039727162416,0.2419001255335039
23-3,P2_SHUFFLED,primary,128,raw,0.808033711535128,0.8313356164383562,0.8313283233789793,0.101111155454299,0.1010504054230931,0.6701312552060857,0.2603967221217608,0.9323415210387632,0.8313356164383562,0.1010059046004069,0.1805308409020671
23-3,RX_NORM,primary,128,raw,0.8255056139271252,0.8418664383561645,0.841811143426825,0.0776853731476178,0.0780903240602004,0.4916059889822092,0.2300550791362785,0.9192738004858058,0.8418664383561645,0.0774073621296413,0.2251889346514387
23-3,SAR_GN,primary,128,raw,0.8559976173963598,0.8680222602739726,0.8679780452247321,0.0570677344744693,0.0569861114745934,0.4093020000573993,0.1894374222622844,0.9245274032077,0.8680222602739726,0.0565051429337273,0.2066332094212461
23-3,SAR_GN,primary,128,source_temperature,0.8559976173963598,0.8680222602739726,0.8679780452247321,0.0479830355240405,0.0463868767733955,0.37774574273174,0.1777584024294898,0.8433686556353953,0.8680222602739726,-0.0246536046385773,0.4874092626216074
23-3,SOURCE_NORM,primary,128,raw,0.82923376501705,0.8455479452054794,0.8454863655092856,0.0745605285821661,0.0754420643257717,0.4735847574453218,0.2209055432607093,0.9200830218184431,0.8455479452054794,0.0745350766129638,0.2216987688067103
23-3,SUP_FT_FULL_128,primary,128,raw,0.9548125087845012,0.9547517123287672,0.9548065533703948,0.0103990246605587,0.009371642490262,0.1367806115594986,0.0695558262465966,0.9541129398274504,0.9547517123287672,-0.0006387725013167,0.14128494930223
23-3,SUP_FT_HEAD_128,primary,128,raw,0.9081191218902772,0.9122431506849316,0.9122346595546084,0.0235803423296303,0.0241433963026494,0.2475184457373726,0.1254617145862822,0.9341909962208712,0.9122431506849316,0.0219478455359396,0.1866179406788873
23-3,T3A,primary,128,raw,0.8825024799535719,0.8893835616438356,0.889365410625804,0.0712073938576632,0.070334652744948,0.3496108545159545,0.1580458349789496,0.8237861195591929,0.8893835616438356,-0.0655974420846427,0.5679669145584747
23-3,T3A,primary,128,source_temperature,0.8825024799535719,0.8893835616438356,0.889365410625804,0.0492924425413741,0.0465380749719132,0.3268879166871593,0.1538225646824866,0.8576627878153257,0.8893835616438356,-0.03172077382851,0.4554610972641379
23-5,DG_CORAL,primary,128,raw,0.8268661744600514,0.8346318493150685,0.8347677378567102,0.0727654355565366,0.0727412080647398,0.5679753667261351,0.2499171829008841,0.90725115813468,0.8346318493150685,0.0726193088196116,0.2607472306788511
23-5,DG_DANN,primary,128,raw,0.8200728082186901,0.8288527397260275,0.8289776913156507,0.077331996066113,0.0772876843172189,0.6193834731457237,0.2584643238466241,0.9061031513809136,0.8288527397260275,0.0772504116548862,0.2635905065167149
23-5,DG_GROUPDRO,primary,128,raw,0.7644744007369827,0.7699914383561643,0.7701806605939162,0.0716682634099501,0.0722964416398373,0.6756488378710946,0.328592541302346,0.8416239692714729,0.7699914383561643,0.0716325309153085,0.4476845484335488
23-5,EMB_STD,primary,128,raw,0.8362274535776951,0.8433647260273972,0.8434342775868362,0.0780199510849093,0.0779486502278341,0.5715516469513021,0.2419754515011276,0.921138186599702,0.8433647260273972,0.0777734605723047,0.2218923856167227
23-5,EMB_STD,primary,128,source_temperature,0.8362274535776951,0.8433647260273972,0.8434342775868362,0.0386088309568065,0.0370287825015889,0.4774731610526845,0.224754595193064,0.8159107058984642,0.8433647260273972,-0.0274540201289331,0.5687192954128999
23-5,P0,primary,128,raw,0.8241383043910471,0.8336472602739725,0.8337891811654439,0.0789925336180739,0.079200769270043,0.5739543687161467,0.2520457317639601,0.9124746380125056,0.8336472602739725,0.0788273777385331,0.2459213163352944
23-5,P0,primary,128,source_temperature,0.8241383043910471,0.8336472602739725,0.8337891811654439,0.0357396041333269,0.0342723271864002,0.48928941001235,0.2336063211809218,0.8146579652820259,0.8336472602739725,-0.0189892949919466,0.5680046912991077
23-5,P0_WIDE,primary,128,raw,0.8301696922365946,0.8381421232876713,0.8382536987752964,0.0723456454106083,0.0723393229640101,0.5439541273403707,0.2362162283122712,0.9104217383551272,0.8381421232876713,0.0722796150674558,0.2481318476447354
23-5,P1,primary,128,raw,0.8204598099395692,0.8276969178082192,0.8276629348381821,0.0958257850776235,0.0956303872302021,0.617567807641888,0.2658874528616306,0.9233070832798383,0.8276969178082192,0.0956101654716193,0.212070124315145
23-5,P2,primary,128,raw,0.8059608252646328,0.8155821917808218,0.8157443257241062,0.1021970408636923,0.1021287365191399,0.6690487365705458,0.2825372321849696,0.9176906469418372,0.8155821917808218,0.1021084551610154,0.2261920251391392
23-5,P2,primary,128,source_temperature,0.8059608252646328,0.8155821917808218,0.8157443257241062,0.0386407233393474,0.0378481591743889,0.5210363586662324,0.2525935719466172,0.7930855554962187,0.8155821917808218,-0.0224966362846031,0.6217269535676655
23-5,P2_MISMATCHED_RX,primary,128,raw,0.79384178427174,0.8020547945205478,0.8022773260101932,0.1107347995489325,0.1105898325165657,0.7203612124107661,0.3022125052175394,0.9126356898309432,0.8020547945205478,0.1105808953103953,0.2373566081053718
23-5,P2_NULL,primary,128,raw,0.7467016593946947,0.7644263698630137,0.7647406108780512,0.1247152953899835,0.1242138294305346,0.868350133643957,0.3554764017070528,0.8885826531625417,0.7644263698630137,0.1241562832995279,0.3024213451011427
23-5,P2_SHUFFLED,primary,128,raw,0.8011183800460356,0.8098030821917808,0.8099876858888517,0.1040853617221678,0.1038723276768594,0.6837470218568447,0.2900201619426554,0.9136485241627804,0.8098030821917808,0.1038454419709997,0.2363601560976422
23-5,RX_NORM,primary,128,raw,0.8113425443841195,0.8224315068493151,0.8225985883409213,0.0912005358196998,0.0911905407178381,0.6311382055497351,0.2689898565560502,0.913567341740358,0.8224315068493151,0.0911358348910428,0.2384336335273009
23-5,SAR_GN,primary,128,raw,0.8241383043910471,0.8336472602739725,0.8337891811654439,0.0789925336180739,0.079200769270043,0.5739543687161467,0.2520457317639601,0.9124746380125056,0.8336472602739725,0.0788273777385331,0.2459213163352944
23-5,SAR_GN,primary,128,source_temperature,0.8241383043910471,0.8336472602739725,0.8337891811654439,0.0358044553918878,0.0342973260261916,0.4893053664324266,0.2336100765749288,0.8146312548008456,0.8336472602739725,-0.019016005473127,0.5680926523320073
23-5,SOURCE_NORM,primary,128,raw,0.8142804609191063,0.8250856164383562,0.8252428872640067,0.0897711960464869,0.0898204731314813,0.6210585836386402,0.2650261506110625,0.91480996129103,0.8250856164383562,0.0897243448526739,0.2345205830410384
23-5,SUP_FT_FULL_128,primary,128,raw,0.9072090680884062,0.9069777397260276,0.9070354951332382,0.025823046749917,0.0252723336175135,0.2727442577849561,0.1360504148663797,0.9273119048923508,0.9069777397260276,0.0203341651663234,0.2112696232652791
23-5,SUP_FT_HEAD_128,primary,128,raw,0.8532211943923027,0.8568065068493151,0.8568991411139878,0.0570620347311949,0.0563291646348797,0.4468957293584215,0.2142389633980362,0.9130270319812204,0.8568065068493151,0.0562205251319053,0.2441410356190291
23-5,T3A,primary,128,raw,0.8421301546304651,0.8491010273972602,0.8491879817804031,0.0721898588453968,0.0710593991160188,0.4430346701685314,0.2148130395052237,0.7800901308936411,0.8491010273972602,-0.0690108965036191,0.659474928053666
23-5,T3A,primary,128,source_temperature,0.8421301546304651,0.8491010273972602,0.8491879817804031,0.0259437928362424,0.0254570284744963,0.4022469931941586,0.2073846640865785,0.8518284091460708,0.8491010273972602,0.0027273817488106,0.4304222848461057
23-6,DG_CORAL,primary,128,raw,0.8935076038686773,0.9037243150684932,0.9036953734760872,0.0416998717015328,0.0423898404464125,0.321324088490564,0.1435190042461789,0.9450629428666952,0.9037243150684932,0.0413386277982021,0.1577425766068297
23-6,DG_DANN,primary,128,raw,0.8890621594571824,0.902054794520548,0.902074148945718,0.0434964178716891,0.0446120315269656,0.3411354133813848,0.1452319552339916,0.9453368024824008,0.902054794520548,0.0432820079618529,0.1601015705468597
23-6,DG_GROUPDRO,primary,128,raw,0.8915281675555752,0.9017551369863014,0.9016923958591594,0.0310146767729,0.0300769473279328,0.3258301522552329,0.1436422041118772,0.91998010607347,0.9017551369863014,0.0182249690871685,0.247265435694601
23-6,EMB_STD,primary,128,raw,0.9306102578135708,0.9342465753424658,0.9342125090691952,0.0253885913831628,0.0258475779989504,0.2052028363424045,0.0973851111786543,0.95897721669777,0.9342465753424658,0.0247306413553042,0.1205348099784331
23-6,EMB_STD,primary,128,source_temperature,0.9306102578135708,0.9342465753424658,0.9342125090691952,0.0235811380686322,0.0216332245026706,0.1981802325319856,0.0939147830280622,0.9264629359392196,0.9342465753424658,-0.0077836394032462,0.2452989252578666
23-6,P0,primary,128,raw,0.9012139772940244,0.9113441780821916,0.9113207814952772,0.0419076658881026,0.0424874725018002,0.3147641173191581,0.1331278635118263,0.9531931973961884,0.9113441780821916,0.0418490193139965,0.1352329311959132
23-6,P0,primary,128,source_temperature,0.9012139772940244,0.9113441780821916,0.9113207814952772,0.0237735672277351,0.0259450622894723,0.2826226622637431,0.1261676534198889,0.92502840521422,0.9113441780821916,0.0136842271320281,0.2398641641435648
23-6,P0_WIDE,primary,128,raw,0.886811275459342,0.8994863013698631,0.8995294342177841,0.0602712687583359,0.0600614967494437,0.419388693428033,0.1586208674324277,0.9594546525375536,0.8994863013698631,0.0599683511676904,0.1135663992826829
23-6,P1,primary,128,raw,0.9079423050409464,0.9150256849315068,0.915083809369432,0.0537093131011989,0.053661133217536,0.3690039246087443,0.1370980037163836,0.968656914381387,0.9150256849315068,0.05363122944988,0.0854805359701693
23-6,P2,primary,128,raw,0.9160053682796298,0.9227311643835616,0.922807754406973,0.049364298499151,0.0491793499838509,0.3487238226984842,0.1248806951951625,0.971898430035998,0.9227311643835616,0.0491672656524365,0.0761504193999665
23-6,P2,primary,128,source_temperature,0.9160053682796298,0.9227311643835616,0.922807754406973,0.0264429703383051,0.0261148377622144,0.2539699599714983,0.1143198551022156,0.9429638331712932,0.9227311643835616,0.0202326687877317,0.1775710666704781
23-6,P2_MISMATCHED_RX,primary,128,raw,0.9064881131907296,0.9160530821917808,0.9161480072330112,0.0555906243507482,0.05524142463245,0.4315048343710346,0.137025634578684,0.9712796631039516,0.9160530821917808,0.0552265809121707,0.078025672953611
23-6,P2_NULL,primary,128,raw,0.9070917148811444,0.9163527397260276,0.9164402235022788,0.0460216613339694,0.0457501035930002,0.3550279024356199,0.1305852307747099,0.9620004086952963,0.9163527397260276,0.0456476689692688,0.1052491771594461
23-6,P2_SHUFFLED,primary,128,raw,0.9053722055119968,0.9150684931506848,0.9151472783263928,0.0558219104227035,0.0556456992543009,0.4375322222364625,0.139810809437371,0.9706959217544392,0.9150684931506848,0.055627428603754,0.0795972658509094
23-6,RX_NORM,primary,128,raw,0.8920498684679533,0.904195205479452,0.9041676729577318,0.0528841412173303,0.0532167650931451,0.3639075186735939,0.1476212099439116,0.9570417783867364,0.904195205479452,0.0528465729072843,0.123469586174022
23-6,SAR_GN,primary,128,raw,0.9012139772940244,0.9113441780821916,0.9113207814952772,0.0419076658881026,0.0424874725018002,0.3147641173191581,0.1331278635118263,0.9531931973961884,0.9113441780821916,0.0418490193139965,0.1352329311959132
23-6,SAR_GN,primary,128,source_temperature,0.9012139772940244,0.9113441780821916,0.9113207814952772,0.0237727798902618,0.0259446127288506,0.2826210490956297,0.1261674174137491,0.9250276178767468,0.9113441780821916,0.0136834397945549,0.2398671657703216
23-6,SOURCE_NORM,primary,128,raw,0.8923290132504246,0.9045804794520548,0.9045564531232028,0.0524560128683096,0.0525897788304886,0.3632160126633271,0.1466979196071258,0.956867209320556,0.9045804794520548,0.0522867298685014,0.1234796820961757
23-6,SUP_FT_FULL_128,primary,128,raw,0.9744878793552528,0.9745719178082192,0.9745965141879506,0.0111289279624717,0.009734163411625,0.0751345542918123,0.0377545358990915,0.967106099144798,0.9745719178082192,-0.0074658186634211,0.1065025351395133
23-6,SUP_FT_HEAD_128,primary,128,raw,0.9360854863078611,0.9391267123287672,0.9391111524387952,0.0178334196264,0.0191490757189793,0.1772133638490979,0.0891117404531396,0.9562256149692484,0.9391267123287672,0.0170989026404814,0.1288411152485103
23-6,T3A,primary,128,raw,0.9320428226539754,0.9362157534246576,0.9361811793070696,0.0881878669801078,0.0876830279310425,0.24556512451343,0.1036441365711153,0.8487401925544062,0.9362157534246576,-0.0874755608702512,0.5170241618586184
23-6,T3A,primary,128,source_temperature,0.9320428226539754,0.9362157534246576,0.9361811793070696,0.0225596975122173,0.0227925839064737,0.17963071896245,0.0929745499955504,0.9527588813683788,0.9362157534246576,0.0165431279437214,0.1426184471351909
23-7,DG_CORAL,primary,128,raw,0.71614456820356,0.7423801369863015,0.742294474080957,0.1725414782749769,0.172164727187371,1.088788658604856,0.4222928786839678,0.9145082448660204,0.7423801369863015,0.1721281078797191,0.2314375994574874
23-7,DG_DANN,primary,128,raw,0.7262561047064653,0.7494434931506849,0.7492953774496967,0.166728555158495,0.1657737419442975,1.0032864619298425,0.4112500882609309,0.91518574694095,0.7494434931506849,0.1657422537902651,0.237387305260387
23-7,DG_GROUPDRO,primary,128,raw,0.6779903791566082,0.7129280821917808,0.7126936504904618,0.1767790817464255,0.1765903668018849,1.115116838829052,0.4628772222767754,0.8893919067202163,0.7129280821917808,0.1764638245284353,0.3095688227396173
23-7,EMB_STD,primary,128,raw,0.755310576347006,0.7666095890410959,0.7664705373176817,0.1506362983586955,0.1503847598098218,0.9211757793066054,0.3796501861954341,0.9169890787490732,0.7666095890410959,0.1503794897079774,0.2271794171934056
23-7,EMB_STD,primary,128,source_temperature,0.755310576347006,0.7666095890410959,0.7664705373176817,0.0783568707378577,0.0789516311699062,0.6890467244873196,0.3445643000966277,0.8438114997498054,0.7666095890410959,0.0772019107087095,0.4725475214843869
23-7,P0,primary,128,raw,0.7093642395615325,0.735916095890411,0.7358388683766164,0.1825921266671423,0.1820121572174336,1.1583290722615671,0.4376610860224036,0.917923417119692,0.735916095890411,0.182007321229281,0.2240181921307925
23-7,P0,primary,128,source_temperature,0.7093642395615325,0.735916095890411,0.7358388683766164,0.1309104145750164,0.1306798927954691,0.8758512950375261,0.4055222399499646,0.8662761463745232,0.735916095890411,0.1303600504841122,0.3976362390018425
23-7,P0_WIDE,primary,128,raw,0.7239639217011896,0.7521832191780822,0.7521214521173967,0.1821734564799866,0.1821458732824109,1.1791205023893887,0.4194201971552307,0.9343268738102728,0.7521832191780822,0.1821436546321906,0.1784239941341203
23-7,P1,primary,128,raw,0.7450964363527928,0.7685359589041096,0.7684050808565649,0.1812559044677509,0.1808145875136738,1.30346533861918,0.4046878285699863,0.9493398067630724,0.7685359589041096,0.1808038478589629,0.1338384514229609
23-7,P2,primary,128,raw,0.7476349514720934,0.7654109589041096,0.7652339692861195,0.1741139561818172,0.173978205309696,1.1376968565151313,0.400765228693732,0.9393890778687208,0.7654109589041096,0.1739781189646112,0.1590884482482777
23-7,P2,primary,128,source_temperature,0.7476349514720934,0.7654109589041096,0.7652339692861195,0.1094371129539546,0.1088831054494081,0.7331685805459062,0.360424238345314,0.8740630178113215,0.7654109589041096,0.1086520589072119,0.3727701333555932
23-7,P2_MISMATCHED_RX,primary,128,raw,0.6997678343488463,0.7339041095890411,0.7338235643327936,0.2128533273233636,0.2126369804182179,1.6596599921156052,0.4702426842012865,0.9465410815156384,0.7339041095890411,0.2126369719265973,0.1427523509431276
23-7,P2_NULL,primary,128,raw,0.6989746898882931,0.7312071917808219,0.7310996706320171,0.1983514535062219,0.197720283513557,1.5385668862484867,0.4668046404560266,0.9289218306426624,0.7312071917808219,0.1977146388618403,0.1963487105368362
23-7,P2_SHUFFLED,primary,128,raw,0.7036251105024474,0.7368578767123288,0.7367843784654444,0.2113943695498961,0.2109828570360088,1.6377622454191356,0.4649660017113591,0.9478407241238204,0.7368578767123288,0.2109828474114916,0.1392376505727157
23-7,RX_NORM,primary,128,raw,0.7247181059742198,0.7501284246575343,0.7500207606465713,0.1724457958917299,0.171908579868813,1.0697945008152918,0.4139131153463171,0.9219721087548016,0.7501284246575343,0.1718436840972672,0.2153089283277639
23-7,SAR_GN,primary,128,raw,0.7093642395615325,0.735916095890411,0.7358388683766164,0.1825921266671423,0.1820121572174336,1.1583290722615671,0.4376610860224036,0.917923417119692,0.735916095890411,0.182007321229281,0.2240181921307925
23-7,SAR_GN,primary,128,source_temperature,0.7093642395615325,0.735916095890411,0.7358388683766164,0.1308997357412675,0.1306691688870151,0.8758265038437228,0.4055180318854347,0.8662654224660692,0.735916095890411,0.1303493265756582,0.3976716268097839
23-7,SOURCE_NORM,primary,128,raw,0.7253479477752907,0.750513698630137,0.7504082170201285,0.1721116556148109,0.1715649972031888,1.0710584021324796,0.4147779970263662,0.9220270266233344,0.750513698630137,0.1715133279931974,0.2152478723127022
23-7,SUP_FT_FULL_128,primary,128,raw,0.890923345019571,0.891609589041096,0.8916125814705378,0.0247438579338462,0.0247919967755267,0.3314547085041769,0.163376544128053,0.9128397162952652,0.891609589041096,0.0212301272541692,0.2466846059666857
23-7,SUP_FT_HEAD_128,primary,128,raw,0.7567538381855533,0.7719178082191781,0.7718871279194743,0.1391236020252108,0.1389128330278478,0.8410057731367608,0.3650880873993264,0.9107719975485378,0.7719178082191781,0.1388541893293596,0.2482377887921334
23-7,T3A,primary,128,raw,0.7270326484302352,0.7558219178082192,0.7558454734847136,0.0762420462514592,0.0760270488416546,0.7041157910174765,0.3361073979009806,0.7750612590506621,0.7558219178082192,0.0192393412424429,0.6651200582015323
23-7,T3A,primary,128,source_temperature,0.7270326484302352,0.7558219178082192,0.7558454734847136,0.1167131262091791,0.1189672456953441,0.8017307006772295,0.3597639797379336,0.8707239492934995,0.7558219178082192,0.1149020314852804,0.358563891958186
24-13,DG_CORAL,primary,128,raw,0.8312052298878856,0.8677996422182469,0.8442179380559158,0.0416310619769454,0.0423709194114255,0.4057047322111845,0.1876927195434778,0.9074741172982456,0.8677996422182469,0.0396744750799987,0.2652331046581884
24-13,DG_DANN,primary,128,raw,0.8287550511839026,0.8587209302325581,0.8374953132793133,0.0453714590146471,0.0460173498639213,0.4393979629258127,0.2062984893291957,0.903245059380138,0.8587209302325581,0.0445241291475797,0.2829486417609805
24-13,DG_GROUPDRO,primary,128,raw,0.7888528173506215,0.8297853309481216,0.8055504405290673,0.0352887392243993,0.0364952817439286,0.5445268400123469,0.2383348972832956,0.8526692054952513,0.8297853309481216,0.0228838745471296,0.4279662668212734
24-13,EMB_STD,primary,128,raw,0.8891583241497294,0.9,0.888310118477088,0.0281304617953854,0.0260452129386618,0.2905379057794787,0.1459984567423712,0.9232785459761116,0.9,0.0232785459761116,0.2159413847087224
24-13,EMB_STD,primary,128,source_temperature,0.8891583241497294,0.9,0.888310118477088,0.0474747026396005,0.0469349703309414,0.3045965732836206,0.1474782973515027,0.8530650296690586,0.9,-0.0469349703309414,0.4551190114916286
24-13,P0,primary,128,raw,0.8252376499923789,0.8604651162790697,0.8376568025659681,0.0509688778625458,0.0519181735407101,0.4417452232475446,0.2001242442599116,0.9098699926910172,0.8604651162790697,0.0494048764119474,0.2553443758768444
24-13,P0,primary,128,source_temperature,0.8252376499923789,0.8604651162790697,0.8376568025659681,0.0440761644867989,0.0422591622173129,0.4127486093006216,0.1925108966915948,0.8421627399206123,0.8604651162790697,-0.0183023763584574,0.4843028240375152
24-13,P0_WIDE,primary,128,raw,0.8279384486475732,0.8634615384615385,0.8401850048118472,0.0508326324999119,0.0509004555815874,0.4554415390255862,0.1965564757829513,0.9140894583944558,0.8634615384615385,0.0506279199329173,0.2408357457777722
24-13,P1,primary,128,raw,0.8437873923729556,0.8665921288014312,0.8485437521670323,0.0549191513573601,0.0546389040365575,0.4353557879597766,0.1929699458661507,0.9210214043952432,0.8665921288014312,0.054429275593812,0.2191840246932015
24-13,P2,primary,128,raw,0.8552758605945593,0.8813953488372093,0.8612592134173852,0.0525456564211035,0.0524392271564343,0.3833726035123517,0.1713457105384733,0.9336433639146774,0.8813953488372093,0.0522480150774681,0.183700410182609
24-13,P2,primary,128,source_temperature,0.8552758605945593,0.8813953488372093,0.8612592134173852,0.0383363246223663,0.0376495573219661,0.3441644206294282,0.1611055007096022,0.8546562478011109,0.8813953488372093,-0.0267391010360982,0.4463781658007114
24-13,P2_MISMATCHED_RX,primary,128,raw,0.8479308235900213,0.8783094812164579,0.856481626068998,0.0580818173263975,0.0583532415963509,0.4191049414701017,0.1798243287269435,0.936361561015195,0.8783094812164579,0.0580520797987369,0.1775191428068355
24-13,P2_NULL,primary,128,raw,0.835079977943785,0.8723166368515205,0.8480733643316469,0.0402121712855181,0.0399034432313789,0.4101375292837586,0.178710844131169,0.9110702544564052,0.8723166368515205,0.0387536176048845,0.2534244968616831
24-13,P2_SHUFFLED,primary,128,raw,0.849696853433589,0.8793381037567084,0.8577385960567785,0.0534459848143493,0.0531991264321349,0.4155431691196607,0.1785280807578481,0.9322143667025994,0.8793381037567084,0.052876262945891,0.1871204281241467
24-13,RX_NORM,primary,128,raw,0.8365250702661594,0.8721377459749553,0.8486743257675945,0.039079614118248,0.0397201226401094,0.3803284361778647,0.1773620587222739,0.908188824751456,0.8721377459749553,0.0360510787765007,0.262584883455825
24-13,SAR_GN,primary,128,raw,0.8254992590583792,0.8606440071556352,0.8378724141805435,0.0508006873898781,0.0518366050321695,0.4417360798218818,0.2001132686517751,0.9098806930949148,0.8606440071556352,0.0492366859392797,0.2553204125003624
24-13,SAR_GN,primary,128,source_temperature,0.8254992590583792,0.8606440071556352,0.8378724141805435,0.0442379580826854,0.0424205392773028,0.4127300164298164,0.1924992721717724,0.8421818183731891,0.8606440071556352,-0.018462188782446,0.4842568914448213
24-13,SOURCE_NORM,primary,128,raw,0.8370266274780789,0.8724060822898032,0.8490850180701903,0.0384851877539283,0.0388788729739477,0.3790601540161908,0.1767483015416186,0.9079815221273996,0.8724060822898032,0.0355754398375962,0.2629271210891769
24-13,SUP_FT_FULL_128,primary,128,raw,0.9686700056114574,0.9708855098389982,0.969027453380186,0.0180371080893417,0.0168538164700613,0.0935279651647119,0.0452073641030484,0.9542041799103532,0.9708855098389982,-0.016681329928645,0.1500208615479921
24-13,SUP_FT_HEAD_128,primary,128,raw,0.8811675121877773,0.8970035778175312,0.8821160202232712,0.0226294477311944,0.0236761171344087,0.2804368429914,0.1451872450972085,0.911929882350436,0.8970035778175312,0.0149263045329047,0.2518467450005538
24-13,T3A,primary,128,raw,0.867276534919861,0.8914132379248658,0.8723886748207079,0.132988388361226,0.1321423894517483,0.3967010413967204,0.175962069799956,0.7636800420418888,0.8914132379248658,-0.127733195882977,0.748445522389914
24-13,T3A,primary,128,source_temperature,0.867276534919861,0.8914132379248658,0.8723886748207079,0.0413944040081148,0.0402361784685759,0.3017213154292368,0.1503433264592322,0.8693096257196794,0.8914132379248658,-0.0221036122051864,0.4050454856015901
24-16,DG_CORAL,primary,128,raw,0.8610135547496167,0.8758944543828264,0.863211484592639,0.0406915105586081,0.0413503218248939,0.3483530827279721,0.1788431767024953,0.9000368760702117,0.8758944543828264,0.024142421687385,0.2759139284395912
24-16,DG_DANN,primary,128,raw,0.8643664316126909,0.8805456171735241,0.8666800116465883,0.0234466922297833,0.0236651684329153,0.3293099394090859,0.1666628180619095,0.894500712916415,0.8805456171735241,0.0139550957428907,0.2967831893395478
24-16,DG_GROUPDRO,primary,128,raw,0.821609265502554,0.8358228980322003,0.8258656784967053,0.0369528875481304,0.0367507813301783,0.4588759119062781,0.2311618980167329,0.8507776411086961,0.8358228980322003,0.0149547430764956,0.419755595456501
24-16,EMB_STD,primary,128,raw,0.9088862923782765,0.9144007155635062,0.9085876911497812,0.0195056003286821,0.0172694168505067,0.2581843399339038,0.126163943602151,0.9272892619114976,0.9144007155635062,0.0128885463479913,0.2037269032219562
24-16,EMB_STD,primary,128,source_temperature,0.9088862923782765,0.9144007155635062,0.9085876911497812,0.0639632111835142,0.0637942870932272,0.2868755140900645,0.1351492975252636,0.850606428470279,0.9144007155635062,-0.0637942870932272,0.4610401258217889
24-16,P0,primary,128,raw,0.8843455694546696,0.89695885509839,0.884077408260462,0.0207168354871074,0.0199321750977971,0.2811762000777029,0.1449633846775566,0.9013351580038108,0.89695885509839,0.0043763029054207,0.272261452372254
24-16,P0,primary,128,source_temperature,0.8843455694546696,0.89695885509839,0.884077408260462,0.0727040572847851,0.0715909342186773,0.3239025402089922,0.154629370748524,0.826143489754753,0.89695885509839,-0.0708153653436368,0.5223496497422386
24-16,P0_WIDE,primary,128,raw,0.8439349384710553,0.8615831842576028,0.8463030042005592,0.0369302012972626,0.0356869275406776,0.3876012822246595,0.1939594273585921,0.8947240170004755,0.8615831842576028,0.0331408327428726,0.2836857661601119
24-16,P1,primary,128,raw,0.8294419697089905,0.8484347048300537,0.8327786019001955,0.0577147111789805,0.0572217904857638,0.4559266273464216,0.2201835653495868,0.9046549975138978,0.8484347048300537,0.0562202926838441,0.2561473229942559
24-16,P2,primary,128,raw,0.8524021697477323,0.8745527728085868,0.8569110440563579,0.0427987030898895,0.0420604425174232,0.3796773610800982,0.1819497963345735,0.9163948144257228,0.8745527728085868,0.0418420416171361,0.2275348732067336
24-16,P2,primary,128,source_temperature,0.8524021697477323,0.8745527728085868,0.8569110440563579,0.0647948997971263,0.0647848579424423,0.3834620460667711,0.183415703825986,0.8117410560492713,0.8745527728085868,-0.0628117167593154,0.5644887160138456
24-16,P2_MISMATCHED_RX,primary,128,raw,0.8540992335024473,0.8703935599284437,0.8559460146177015,0.0413732170572167,0.0396871007758997,0.4083155494257159,0.1896185120354719,0.9098002971158312,0.8703935599284437,0.0394067371873874,0.2475658528903535
24-16,P2_NULL,primary,128,raw,0.8302118466026963,0.8553220035778175,0.8379898314108051,0.0388402019342497,0.0367497792370844,0.4326500358099375,0.2023289603804855,0.8805122578906459,0.8553220035778175,0.0251902543128283,0.325547597304609
24-16,P2_SHUFFLED,primary,128,raw,0.8485218272772705,0.8708407871198569,0.8533554190647304,0.0431760557555661,0.0419459315153482,0.4027757582070427,0.1856847881321618,0.9127225639115292,0.8708407871198569,0.0418817767916724,0.2384575063047324
24-16,RX_NORM,primary,128,raw,0.8454065252530167,0.858005366726297,0.8459960975914405,0.0433320483655963,0.0425721902433576,0.4094534213634475,0.2053308318467022,0.8978859554356454,0.858005366726297,0.0398805887093484,0.2792072622379647
24-16,SAR_GN,primary,128,raw,0.8844375190006538,0.8970483005366725,0.8841634882053352,0.0207143881859687,0.0198520457988508,0.2811432946516875,0.1449593597811938,0.90134433961685,0.8970483005366725,0.0042960390801773,0.2722313662248535
24-16,SAR_GN,primary,128,source_temperature,0.8844375190006538,0.8970483005366725,0.8841634882053352,0.0728976876554828,0.0717414106641221,0.3239380417447542,0.1546398741837111,0.8260783654711364,0.8970483005366725,-0.0709699350655362,0.5225602749559253
24-16,SOURCE_NORM,primary,128,raw,0.8718624257977234,0.8826475849731663,0.8709507584594188,0.0301580278426141,0.0298444258359016,0.3191165576484701,0.1664326842236933,0.9036329491926968,0.8826475849731663,0.0209853642195303,0.2654076689721637
24-16,SUP_FT_FULL_128,primary,128,raw,0.9736459195023472,0.9750447227191412,0.9746542168967192,0.0159623549961233,0.015962410940787,0.0925336730121128,0.0409571706390998,0.9609864865091492,0.9750447227191412,-0.0140582362099922,0.1308707116686023
24-16,SUP_FT_HEAD_128,primary,128,raw,0.9202308235694744,0.9259391771019676,0.9206934919565988,0.0162957026008416,0.0158985013505427,0.2112913346053846,0.1086352115483218,0.9158757073214954,0.9259391771019676,-0.0100634697804723,0.2421995497671373
24-16,T3A,primary,128,raw,0.945848686216052,0.9478980322003576,0.9492805712741488,0.2081589032637625,0.2078954290511996,0.3635265777023538,0.1491956646783202,0.7400026031491581,0.9478980322003576,-0.2078954290511996,0.830059938350798
24-16,T3A,primary,128,source_temperature,0.945848686216052,0.9478980322003576,0.9492805712741488,0.0739067545794286,0.0734851645682519,0.2081317974795564,0.0928788114087353,0.8744128676321058,0.9478980322003576,-0.0734851645682519,0.4064704052637505
24-5,DG_CORAL,primary,128,raw,0.5552588182997522,0.6713276123170117,0.5837065148030985,0.1768697436667644,0.1770097400957379,1.2547460302679128,0.4752402106288757,0.848197355983776,0.6713276123170117,0.1768697436667644,0.4065892127574099
24-5,DG_DANN,primary,128,raw,0.5415953747214166,0.6554265522463403,0.570309186352292,0.173588130983784,0.173798031986873,1.3339566228366202,0.493823497005135,0.8290146832301243,0.6554265522463403,0.173588130983784,0.4640958322405567
24-5,DG_GROUPDRO,primary,128,raw,0.5482271887227852,0.6582534073700151,0.5727321243468244,0.1351756136031358,0.1361899025395986,1.2198503972443506,0.4693807294748113,0.7929777343433533,0.6582534073700151,0.1347243269733381,0.5582664716928407
24-5,EMB_STD,primary,128,raw,0.5752671574486603,0.657748611812216,0.5952321173648453,0.2142335162800349,0.2142404505718783,1.3660818736363396,0.5198207940814933,0.871982128092251,0.657748611812216,0.2142335162800349,0.3397276785644558
24-5,EMB_STD,primary,128,source_temperature,0.5752671574486603,0.657748611812216,0.5952321173648453,0.1550317632574295,0.1556222573288891,1.0715353781291324,0.4700983568161219,0.8127803750696456,0.657748611812216,0.1550317632574296,0.5111331945819869
24-5,P0,primary,128,raw,0.5598063766094641,0.674507824331146,0.5875085860582603,0.1764133838166617,0.1764769523177466,1.2572107819751646,0.4710849856004064,0.8509212081478077,0.674507824331146,0.1764133838166617,0.3960968076136678
24-5,P0,primary,128,source_temperature,0.5598063766094641,0.674507824331146,0.5875085860582603,0.1323561360665021,0.1325940511959098,1.060771632913859,0.4375707948957005,0.8049677358407756,0.674507824331146,0.1304599115096297,0.531310383186302
24-5,P0_WIDE,primary,128,raw,0.555412161049443,0.6752650176678445,0.5845884274947402,0.1789678295729197,0.1789833030229503,1.2288855469243918,0.4672271605335392,0.8542328472407643,0.6752650176678445,0.1789678295729197,0.3915407080681136
24-5,P1,primary,128,raw,0.5627472927519487,0.6743563856638062,0.5817964915777313,0.1906451678656677,0.1906814556367646,1.3470435309586313,0.4846822665823143,0.8650015535294738,0.6743563856638062,0.1906451678656677,0.356336922472017
24-5,P2,primary,128,raw,0.5765121911082527,0.6820292781423524,0.6020744155189763,0.1966471823032969,0.1966481523455723,1.452916391114721,0.4840743587424931,0.8786764604456494,0.6820292781423524,0.1966471823032969,0.3192994611202181
24-5,P2,primary,128,source_temperature,0.5765121911082527,0.6820292781423524,0.6020744155189763,0.1289625710190274,0.1291418534227113,1.0355407195943322,0.4297282709928479,0.8109918491613797,0.6820292781423524,0.1289625710190274,0.5117230598416553
24-5,P2_MISMATCHED_RX,primary,128,raw,0.5665001422403704,0.6790005047955578,0.595186099935567,0.2002724420709901,0.2002441811665388,1.5075003516772676,0.4886038781210201,0.879244270709384,0.6790005047955578,0.2002437659138263,0.319220939287097
24-5,P2_NULL,primary,128,raw,0.5542108045617943,0.6730439172135285,0.5814600246540176,0.1813183356292737,0.1813306269133891,1.4567342677056412,0.4824329771815103,0.8543622528428022,0.6730439172135285,0.1813183356292737,0.3866780718712469
24-5,P2_SHUFFLED,primary,128,raw,0.5628541969596131,0.681070166582534,0.5925649033084855,0.2019719896301183,0.2019398988760041,1.6027592867502485,0.4917557969447227,0.8830097063262615,0.681070166582534,0.2019395397437274,0.3098894419880689
24-5,RX_NORM,primary,128,raw,0.5552144010569784,0.6726400807672892,0.5819507594125637,0.1763164286358317,0.1764332393574509,1.2667675935270482,0.4757393856597181,0.8489565094031211,0.6726400807672892,0.1763164286358317,0.4038747261458099
24-5,SAR_GN,primary,128,raw,0.5598063766094641,0.674507824331146,0.5875085860582603,0.1764133838166617,0.1764769523177466,1.2572107819751646,0.4710849856004064,0.8509212081478077,0.674507824331146,0.1764133838166617,0.3960968076136678
24-5,SAR_GN,primary,128,source_temperature,0.5598063766094641,0.674507824331146,0.5875085860582603,0.1323561360665021,0.1325940511959098,1.060771632913859,0.4375707948957005,0.8049677358407756,0.674507824331146,0.1304599115096297,0.531310383186302
24-5,SOURCE_NORM,primary,128,raw,0.5572583821541973,0.673902069661787,0.5837134241690557,0.1758851794493072,0.1760120285378749,1.258304173194605,0.4735461130535418,0.8497872491110942,0.673902069661787,0.1758851794493071,0.4016453349849025
24-5,SUP_FT_FULL_128,primary,128,raw,0.7939980903314166,0.9096920747097424,0.7915543618430643,0.0263031955291261,0.0243277226687079,0.3345197812662518,0.1417884689454332,0.9339815744572608,0.9096920747097424,0.0242894997475184,0.1971407561272448
24-5,SUP_FT_HEAD_128,primary,128,raw,0.5834644508505732,0.6915194346289752,0.5991459382753863,0.1506158232718992,0.1507264582708229,0.9637137020301156,0.4318338666568219,0.8421283411609591,0.6915194346289752,0.1506089065319838,0.4201439290466719
24-5,T3A,primary,128,raw,0.6026120713812735,0.6848056537102474,0.6539995595094923,0.1167051223192715,0.117748658529801,0.9736934226829967,0.4126825266895112,0.6526846452456783,0.6848056537102474,-0.0321210084645691,0.9574232987200666
24-5,T3A,primary,128,source_temperature,0.6026120713812735,0.6848056537102474,0.6539995595094923,0.1130262483172687,0.1134841845286838,1.1120726729959134,0.4255569911971495,0.7835809228423843,0.6848056537102474,0.098775269132137,0.5824738071810998
24-6,DG_CORAL,primary,128,raw,0.8840605380575237,0.8972781065088757,0.8848358332095192,0.0212539548429512,0.0215597954706327,0.3117072117331453,0.1525221201181655,0.9135486868295444,0.8972781065088757,0.0162705803206686,0.2440158619604743
24-6,DG_DANN,primary,128,raw,0.85827468188906,0.8737988165680474,0.8558188109362916,0.0310591154557008,0.0286861187163189,0.3716139614081535,0.1840108037720159,0.8920367658413374,0.8737988165680474,0.01823794927329,0.3093687057291976
24-6,DG_GROUPDRO,primary,128,raw,0.8526791322554923,0.8659881656804733,0.8555045387744862,0.0188221172672757,0.0186063728960308,0.3778586052656906,0.1904690394748106,0.8560516263190106,0.8659881656804733,-0.0099365393614628,0.4136747129182055
24-6,EMB_STD,primary,128,raw,0.8972702322130871,0.9079763313609468,0.9093708852066748,0.0346133014549165,0.0329003870811688,0.3140769972127332,0.1438419034575508,0.9406499593074504,0.9079763313609468,0.0326736279465037,0.1661659712774032
24-6,EMB_STD,primary,128,source_temperature,0.8972702322130871,0.9079763313609468,0.9093708852066748,0.028850262452525,0.0272608151924521,0.2930581994009167,0.1420153821297649,0.8855801705382375,0.9079763313609468,-0.0223961608227093,0.3554345295705102
24-6,P0,primary,128,raw,0.8844004188357439,0.8957159763313609,0.8879238088853505,0.0245351127506007,0.0237517978481992,0.3143863092257327,0.1559644208093293,0.9179187361841372,0.8957159763313609,0.0222027598527761,0.2302481025849093
24-6,P0,primary,128,source_temperature,0.8844004188357439,0.8957159763313609,0.8879238088853505,0.0413907269140605,0.0413436742753531,0.3207621700472975,0.1579965415116561,0.8557473858531918,0.8957159763313609,-0.0399685904781691,0.4380079910920981
24-6,P0_WIDE,primary,128,raw,0.8932221459957684,0.9029585798816568,0.8953296636106545,0.031083693247575,0.0289822228321662,0.3072575297781382,0.1478105876126945,0.929185291444056,0.9029585798816568,0.0262267115623993,0.199489642388727
24-6,P1,primary,128,raw,0.8880091945952234,0.8986508875739645,0.8966570331847208,0.0437904185303569,0.0430705524661837,0.3566204410046894,0.1580864521850148,0.9395219233120686,0.8986508875739645,0.0408710357381041,0.1668250428849265
24-6,P2,primary,128,raw,0.8884722747124693,0.8986982248520711,0.8963235528987277,0.0478296047110529,0.0461564206590313,0.3781474587327794,0.1621111508914694,0.9419748462763058,0.8986982248520711,0.0432766214242348,0.1606805358726982
24-6,P2,primary,128,source_temperature,0.8884722747124693,0.8986982248520711,0.8963235528987277,0.0397034078530548,0.0392173851163587,0.3309934927404324,0.1582992741741138,0.8615794590601279,0.8986982248520711,-0.0371187657919431,0.4277584817108691
24-6,P2_MISMATCHED_RX,primary,128,raw,0.852602048009213,0.8698224852071006,0.8493950026248205,0.0598928574309546,0.0582102948370769,0.4527269120422873,0.1959551716629151,0.9278607085675178,0.8698224852071006,0.0580382233604171,0.1907882701176327
24-6,P2_NULL,primary,128,raw,0.8432137644167259,0.8526390532544379,0.8480067195506249,0.0665341872738663,0.0640717678486242,0.5201889588015743,0.2310798001248771,0.909165000933162,0.8526390532544379,0.0565259476787239,0.245430788228273
24-6,P2_SHUFFLED,primary,128,raw,0.8653077907023958,0.880094674556213,0.8635230800111737,0.0530615562814227,0.052503243665018,0.4197421970062988,0.1823132779850784,0.9308288709200344,0.880094674556213,0.0507341963638215,0.1838174107577457
24-6,RX_NORM,primary,128,raw,0.8952523953274012,0.9057514792899408,0.8985872491964649,0.0208794340403122,0.0204113958947051,0.2823254301508934,0.1389266312944799,0.9233654739906096,0.9057514792899408,0.0176139947006688,0.2182345474605855
24-6,SAR_GN,primary,128,raw,0.8844004188357439,0.8957159763313609,0.8879238088853505,0.0245351127506007,0.0237517978481992,0.3143863092257327,0.1559644208093293,0.9179187361841372,0.8957159763313609,0.0222027598527761,0.2302481025849093
24-6,SAR_GN,primary,128,source_temperature,0.8844004188357439,0.8957159763313609,0.8879238088853505,0.0414093284495428,0.0413617895039668,0.3207749116156976,0.1579989494873292,0.855726572497687,0.8957159763313609,-0.0399894038336738,0.4380799643481666
24-6,SOURCE_NORM,primary,128,raw,0.8951476353669425,0.9056094674556212,0.8981269851996606,0.0219972266572467,0.0208921000858735,0.2819472588943207,0.1387982179821656,0.9243524261536684,0.9056094674556212,0.0187429586980469,0.2155845481101677
24-6,SUP_FT_FULL_128,primary,128,raw,0.9326520322745512,0.944568047337278,0.9340219158936484,0.0143424581634927,0.0138047704612009,0.1961491195954231,0.0867268365346344,0.9562158267907136,0.944568047337278,0.0116477794534356,0.1348525566171515
24-6,SUP_FT_HEAD_128,primary,128,raw,0.906273962446374,0.9185798816568048,0.9067033596607288,0.0163502445912219,0.0155606109221306,0.2423624320852798,0.1191103273070151,0.9288006078152968,0.9185798816568048,0.0102207261584919,0.20863602193166
24-6,T3A,primary,128,raw,0.895450400706908,0.9068402366863906,0.912501771766603,0.1276108970585659,0.127132987074598,0.3809650252267943,0.1692461298077108,0.7797072496117925,0.9068402366863906,-0.127132987074598,0.7132203278646203
24-6,T3A,primary,128,source_temperature,0.895450400706908,0.9068402366863906,0.912501771766603,0.0242625485194184,0.0242383517403715,0.2989290425717811,0.1441407045245618,0.8931916183294583,0.9068402366863906,-0.0136486183569323,0.3365495350483233
3-19,DG_CORAL,primary,128,raw,0.6162870111472165,0.6304794520547945,0.6306403240164817,0.178938679451327,0.1785881477567584,1.1840632717736657,0.5397965636789462,0.8090537778261334,0.6304794520547945,0.1785743257713389,0.5084469716487237
3-19,DG_DANN,primary,128,raw,0.5908836911908334,0.6081763698630137,0.6084263473335232,0.1872880056200625,0.1866867123573559,1.238163369133192,0.568745854805481,0.7948023187143295,0.6081763698630137,0.1866259488513157,0.5417169723814861
3-19,DG_GROUPDRO,primary,128,raw,0.6764500964001023,0.6874143835616439,0.6874716940687928,0.0940400452429607,0.0937762685770755,0.9275835859758954,0.4401485535417878,0.781060986561471,0.6874143835616439,0.0936466029998272,0.5903319150821911
3-19,EMB_STD,primary,128,raw,0.6731056950315045,0.6765410958904109,0.6765919389752812,0.1952992445336374,0.1947591121467978,1.178628802384476,0.504391311409241,0.8713002080372089,0.6765410958904109,0.1947591121467978,0.3379868263169295
3-19,EMB_STD,primary,128,source_temperature,0.6731056950315045,0.6765410958904109,0.6765919389752812,0.0802141872543046,0.0794949334319241,0.8722361791560171,0.4479767293782403,0.7549357353177026,0.6765410958904109,0.0783946394272917,0.6826808694133121
3-19,P0,primary,128,raw,0.61745008455774,0.6281678082191781,0.6282505549221706,0.1972784256422254,0.1964617762944265,1.2288700730170852,0.5568178738645525,0.8246222410733773,0.6281678082191781,0.1964544328541992,0.4630759044806924
3-19,P0,primary,128,source_temperature,0.61745008455774,0.6281678082191781,0.6282505549221706,0.071907231751768,0.0719855052624534,0.9821587159968994,0.4995330589286204,0.6979712996834023,0.6281678082191781,0.0698034914642242,0.8318170835439238
3-19,P0_WIDE,primary,128,raw,0.5748250152325911,0.5946061643835616,0.5947101826603458,0.2256243173058514,0.2255485215862217,1.431594370732818,0.6087058729022794,0.8201471453698428,0.5946061643835616,0.2255409809862812,0.4806426761582904
3-19,P1,primary,128,raw,0.5968176073361414,0.6053510273972603,0.6053652906320878,0.2276969844832608,0.2276037996099011,1.465527810616304,0.6043391440190242,0.8329548270071614,0.6053510273972603,0.2276037996099011,0.4391446547369561
3-19,P2,primary,128,raw,0.6053531114864849,0.6136558219178083,0.6133888566860886,0.2403828682741533,0.2401834780012244,1.4818273325594369,0.6062678940711994,0.8538392999190327,0.6136558219178083,0.2401834780012244,0.3821374172894739
3-19,P2,primary,128,source_temperature,0.6053531114864849,0.6136558219178083,0.6133888566860886,0.071362508110457,0.0711333532802647,1.0067436429038037,0.5193184573933267,0.681412422296763,0.6136558219178083,0.0677566003789548,0.8792885470476003
3-19,P2_MISMATCHED_RX,primary,128,raw,0.5923778332462388,0.6059931506849315,0.6058072743580684,0.2513861885243287,0.2513409440316362,1.5544926029951622,0.6216549254401672,0.8573340947165677,0.6059931506849315,0.2513409440316362,0.3739183207582701
3-19,P2_NULL,primary,128,raw,0.5798602112944381,0.5904109589041096,0.5902657921075823,0.2190224418977964,0.2187139177465275,1.384121187032625,0.6120805740886344,0.809121485396403,0.5904109589041096,0.2187105264922935,0.5007961571632551
3-19,P2_SHUFFLED,primary,128,raw,0.5914025578127282,0.6042808219178083,0.6040238048316291,0.2526447670725621,0.2524418629361444,1.54163560439667,0.6218869959584964,0.8567226848539526,0.6042808219178083,0.2524418629361443,0.3762693405047806
3-19,RX_NORM,primary,128,raw,0.6109010343220891,0.6217037671232877,0.621729736660656,0.1868159777133993,0.1867775878875376,1.203855228493591,0.5548303097212961,0.8084776616610638,0.6217037671232877,0.1867738945377761,0.5062298914858369
3-19,SAR_GN,primary,128,raw,0.6174297217021625,0.6282106164383562,0.62829494448044,0.1972348161877375,0.1966709013511618,1.229871064020673,0.5569255797168285,0.8248741861069192,0.6282106164383562,0.196663569668563,0.4625143148106129
3-19,SAR_GN,primary,128,source_temperature,0.6174297217021625,0.6282106164383562,0.62829494448044,0.0725000924247359,0.0724335843790498,0.9824200876884802,0.4995838184470004,0.6982583790405859,0.6282106164383562,0.0700477626022296,0.831234009522565
3-19,SOURCE_NORM,primary,128,raw,0.6116825776638635,0.6218321917808219,0.6218633023151239,0.1855427174318633,0.1853749987324827,1.2050784556077916,0.5555308571115155,0.807203055869737,0.6218321917808219,0.1853708640889149,0.5085379114757307
3-19,SUP_FT_FULL_128,primary,128,raw,0.8900222717685985,0.8903253424657536,0.8904888961367803,0.0212933751882041,0.0210265544906564,0.3318236106303722,0.1635105468247771,0.8996387487111537,0.8903253424657536,0.0093134062454002,0.2964271749434162
3-19,SUP_FT_HEAD_128,primary,128,raw,0.6796401394869376,0.6837328767123287,0.6839020474530876,0.1422881547763484,0.141593116979204,0.9337562304417928,0.4623001401098937,0.8248976680864771,0.6837328767123287,0.1411647913741483,0.4717093897377667
3-19,T3A,primary,128,raw,0.7024825753550729,0.7108304794520548,0.7110379774985752,0.1259358590379459,0.1264300091536588,0.8494978923111794,0.4208865249175507,0.5884076949298279,0.7108304794520548,-0.1224227845222268,1.1094378689961804
3-19,T3A,primary,128,source_temperature,0.7024825753550729,0.7108304794520548,0.7110379774985752,0.0583886372223965,0.0577913813106132,0.7993460162868485,0.4019853238276891,0.6701041055421434,0.7108304794520548,-0.0407263739099113,0.8930032912074699
7-14,DG_CORAL,primary,128,raw,0.7518165680694364,0.763013698630137,0.7631276228556135,0.137104546764151,0.1361186839340331,0.8009227623360463,0.3677757855678781,0.89913238256417,0.763013698630137,0.1361186839340331,0.2729765200245946
7-14,DG_DANN,primary,128,raw,0.7469413579343046,0.7576198630136985,0.7576930353695843,0.1392014749730899,0.1385750341828759,0.8272188895476227,0.3780837892738195,0.8961948971965745,0.7576198630136985,0.1385750341828759,0.2860530320960662
7-14,DG_GROUPDRO,primary,128,raw,0.6782204717961242,0.6964469178082192,0.6965517484822399,0.1622177124744255,0.1613180782320615,0.9718900331087812,0.4636656089983771,0.8574731529900831,0.6964469178082192,0.1610262351818638,0.4015701083768999
7-14,EMB_STD,primary,128,raw,0.7681612967980473,0.7702910958904109,0.7703399580831143,0.147973283575465,0.1476033962867541,0.8977848281123896,0.3736417485064158,0.917894492177165,0.7702910958904109,0.1476033962867541,0.2226283025326197
7-14,EMB_STD,primary,128,source_temperature,0.7681612967980473,0.7702910958904109,0.7703399580831143,0.0967758325945694,0.0951891183622456,0.6976796129838302,0.3480266624816189,0.8645602685729041,0.7702910958904109,0.0942691726824932,0.3955037588933511
7-14,P0,primary,128,raw,0.7623233239024951,0.7703767123287671,0.7704933499002292,0.1366141062848627,0.1359503106679767,0.8197216555791002,0.3649402043596253,0.9063232097742848,0.7703767123287671,0.1359464974455178,0.2543985612046143
7-14,P0,primary,128,source_temperature,0.7623233239024951,0.7703767123287671,0.7704933499002292,0.0842734131467594,0.0833314541955867,0.6592037898421919,0.3392941193992515,0.8487608471788762,0.7703767123287671,0.0783841348501091,0.4437247145169152
7-14,P0_WIDE,primary,128,raw,0.7630930525613249,0.7748287671232876,0.7747809533668681,0.139359036743105,0.1388265543138889,0.8593766349624788,0.3630716207440519,0.9136425262489292,0.7748287671232876,0.1388137591256415,0.234419055523239
7-14,P1,primary,128,raw,0.7799631734699867,0.7863013698630137,0.7862713828534416,0.1507404393688712,0.1496809056838846,0.939948058370484,0.3575831484274375,0.935981814937717,0.7863013698630137,0.1496804450747034,0.1674985155240214
7-14,P2,primary,128,raw,0.7547353752727421,0.7662671232876712,0.7663365159932767,0.168019399430271,0.1673869932957044,1.1285998455769584,0.3949593002717096,0.9336541165833756,0.7662671232876712,0.1673869932957044,0.178963716197113
7-14,P2,primary,128,source_temperature,0.7547353752727421,0.7662671232876712,0.7663365159932767,0.1030175431417323,0.1017690992154508,0.7436522642898392,0.3605785782044384,0.8661369181143114,0.7662671232876712,0.09986979482664,0.3966061698584818
7-14,P2_MISMATCHED_RX,primary,128,raw,0.7373860304528482,0.7606592465753425,0.7607367298659795,0.177594240835855,0.1764944888032615,1.3514343337215209,0.4133453066837163,0.937153735378604,0.7606592465753425,0.1764944888032615,0.1698402209589034
7-14,P2_NULL,primary,128,raw,0.7381018877400612,0.7609589041095891,0.7610279781051955,0.1629383581390681,0.1620275286224045,1.2145371292442428,0.4047355341032584,0.9229864327319935,0.7609589041095891,0.1620275286224045,0.2158858345078812
7-14,P2_SHUFFLED,primary,128,raw,0.7448887234192759,0.7645976027397261,0.7646472369678378,0.172533360001159,0.1723210676713553,1.286594156368514,0.4048373140485417,0.9369186704110812,0.7645976027397261,0.1723210676713553,0.1709260932248018
7-14,RX_NORM,primary,128,raw,0.754748986170493,0.7675513698630138,0.7675935226365482,0.1407304963224554,0.1399134138318365,0.7835487524103029,0.3629446756651421,0.9074577345933816,0.7675513698630138,0.1399063647303679,0.2493433442552207
7-14,SAR_GN,primary,128,raw,0.7623233239024951,0.7703767123287671,0.7704933499002292,0.1366141062848627,0.1359503106679767,0.8197216555791002,0.3649402043596253,0.9063232097742848,0.7703767123287671,0.1359464974455178,0.2543985612046143
7-14,SAR_GN,primary,128,source_temperature,0.7623233239024951,0.7703767123287671,0.7704933499002292,0.0842734131467594,0.0833314541955867,0.6592037898421919,0.3392941193992515,0.8487608471788762,0.7703767123287671,0.0783841348501091,0.4437247145169152
7-14,SOURCE_NORM,primary,128,raw,0.7555073205984395,0.767679794520548,0.7677247651364689,0.1394182495913175,0.1392602404745372,0.7695504006055124,0.3609054741153393,0.9069301861542444,0.767679794520548,0.1392503916336963,0.250229131040014
7-14,SUP_FT_FULL_128,primary,128,raw,0.9067786212852412,0.9068065068493152,0.9068791021417322,0.0334127976801501,0.031700034858021,0.2866261174462007,0.1439848643205813,0.9380347885038348,0.9068065068493152,0.0312282816545196,0.1794049529284454
7-14,SUP_FT_HEAD_128,primary,128,raw,0.7799207922689103,0.7820205479452055,0.7821260028600262,0.1237807059749858,0.1229676042377234,0.7122350827613559,0.3416137100851145,0.9049881521829288,0.7820205479452055,0.1229676042377234,0.2587564991463734
7-14,T3A,primary,128,raw,0.779210251018204,0.782234589041096,0.7823148077285934,0.0734689812277992,0.0737468712720764,0.5238099735228047,0.285201114006914,0.7433495643331784,0.782234589041096,-0.0388850247079174,0.7313471191602328
7-14,T3A,primary,128,source_temperature,0.779210251018204,0.782234589041096,0.7823148077285934,0.077217616526855,0.0785041117973913,0.4995281767136054,0.2919209843285821,0.8368577423064023,0.782234589041096,0.0546231532653064,0.4356867809346513
7-7,DG_CORAL,primary,128,raw,0.8890661986003272,0.8943493150684931,0.8945134005559467,0.0558957336483242,0.05354279139245,0.3390483225272664,0.170241697619861,0.946617331232059,0.8943493150684931,0.0522680161635659,0.152885270437754
7-7,DG_DANN,primary,128,raw,0.8928595510462373,0.898972602739726,0.8991076003057348,0.0506674259977593,0.0486064498657233,0.3454353596493714,0.1644288830350965,0.9459356459291424,0.898972602739726,0.0469630431894162,0.1603856489143374
7-7,DG_GROUPDRO,primary,128,raw,0.8356901977423628,0.8410102739726029,0.8410527029891973,0.0547820107131073,0.0542705838696087,0.4428471290317972,0.2375601316581604,0.8918962612939513,0.8410102739726029,0.0508859873213486,0.3067000326384068
7-7,EMB_STD,primary,128,raw,0.9005938895112603,0.9038099315068492,0.903883230329184,0.0445212791456955,0.0427942532357083,0.3006362069415967,0.1497268527753288,0.9465054240562532,0.9038099315068492,0.0426954925494039,0.1529145810689394
7-7,EMB_STD,primary,128,source_temperature,0.9005938895112603,0.9038099315068492,0.903883230329184,0.0241961210060744,0.0251073329749415,0.2772888503331754,0.1442053117407849,0.8941042703174477,0.9038099315068492,-0.0097056611894015,0.3394661686915826
7-7,P0,primary,128,raw,0.8908813418660266,0.8975171232876713,0.8976412278440369,0.0531452021906025,0.0519491513476592,0.3338247315971097,0.1641216015314882,0.948786649179377,0.8975171232876713,0.0512695258917057,0.1467013484659867
7-7,P0,primary,128,source_temperature,0.8908813418660266,0.8975171232876713,0.8976412278440369,0.0285163882034381,0.0279744108018281,0.2947009242400887,0.1562522041192338,0.9087808275378256,0.8975171232876713,0.0112637042501543,0.2924782386643551
7-7,P0_WIDE,primary,128,raw,0.9093254878583796,0.9128424657534246,0.9128897649492014,0.0505082667409761,0.0497065919923455,0.2833216140889025,0.1377700658229566,0.9624424315274578,0.9128424657534246,0.0495999657740331,0.1019031632227107
7-7,P1,primary,128,raw,0.9005261398947247,0.9028253424657536,0.9028827248922952,0.0616209159771056,0.0604398084217554,0.3825553404368352,0.1599118968613277,0.9631956454264384,0.9028253424657536,0.0603703029606848,0.0967067041593522
7-7,P2,primary,128,raw,0.8908339171667471,0.8949914383561645,0.8949661205864707,0.0720147736663994,0.0715248500277632,0.4570332489578536,0.1750105764228338,0.9664974398285866,0.8949914383561645,0.0715060014724221,0.0893915450123935
7-7,P2,primary,128,source_temperature,0.8908339171667471,0.8949914383561645,0.8949661205864707,0.0336646664325376,0.0337109561934765,0.3153879918285235,0.1614772268054983,0.9201428033695316,0.8949914383561645,0.025151365013367,0.2540194231384095
7-7,P2_MISMATCHED_RX,primary,128,raw,0.8910007176766198,0.8950342465753425,0.8950560552725519,0.0746224855162101,0.0736708919683547,0.524430322462459,0.1814536240933128,0.9687025536106872,0.8950342465753425,0.0736683070353448,0.0854395583777994
7-7,P2_NULL,primary,128,raw,0.8825218223280842,0.8889126712328768,0.8889761660332314,0.0728615149568562,0.071294349854914,0.4942622738865875,0.1895163140170054,0.960172108238665,0.8889126712328768,0.0712594370057883,0.1120503174056004
7-7,P2_SHUFFLED,primary,128,raw,0.88878543329043,0.8929366438356163,0.892927330386466,0.0754323289448982,0.0745190319120373,0.5089957809734802,0.183056086566806,0.967452914613516,0.8929366438356163,0.0745162707778995,0.0879504861287573
7-7,RX_NORM,primary,128,raw,0.8992749141165912,0.9034246575342464,0.9035511049821576,0.0483799191166276,0.0471990129055633,0.3194813630117553,0.1552929993101966,0.9479202923173572,0.9034246575342464,0.0444956347831103,0.1484531462407939
7-7,SAR_GN,primary,128,raw,0.8908813418660266,0.8975171232876713,0.8976412278440369,0.0531452021906025,0.0519491513476592,0.3338247315971097,0.1641216015314882,0.948786649179377,0.8975171232876713,0.0512695258917057,0.1467013484659867
7-7,SAR_GN,primary,128,source_temperature,0.8908813418660266,0.8975171232876713,0.8976412278440369,0.0285163882034381,0.0279744108018281,0.2947009242400887,0.1562522041192338,0.9087808275378256,0.8975171232876713,0.0112637042501543,0.2924782386643551
7-7,SOURCE_NORM,primary,128,raw,0.9002587047937147,0.9043236301369862,0.9044454679569948,0.0481066510234385,0.0472931149811165,0.31966716540302,0.1551804384602052,0.9479551289179554,0.9043236301369862,0.043631498780969,0.1482652177800772
7-7,SUP_FT_FULL_128,primary,128,raw,0.9822554343601242,0.982320205479452,0.9823728018771396,0.0079415243667588,0.0064043126426228,0.055295277508487,0.0269029494703116,0.9782341720344984,0.982320205479452,-0.0040860334449537,0.0720861082332907
7-7,SUP_FT_HEAD_128,primary,128,raw,0.9106475552716524,0.9115154109589042,0.9116210569821522,0.0320176113747723,0.031203690453828,0.2391804593056109,0.1336328885894972,0.9412627893991208,0.9115154109589042,0.0297473784402165,0.1603220788689112
7-7,T3A,primary,128,raw,0.9030674774405856,0.907234589041096,0.9073330371988622,0.0775459948761311,0.0772993593693596,0.2845296949757482,0.1389170950989244,0.8299761974801347,0.907234589041096,-0.0772583915609611,0.5449664872388729
7-7,T3A,primary,128,source_temperature,0.9030674774405856,0.907234589041096,0.9073330371988622,0.0214238212185351,0.0215012410743286,0.2235290906335903,0.1281442737230758,0.9115943400067928,0.907234589041096,0.0043597509656968,0.2618145964643373
8-14,DG_CORAL,primary,128,raw,0.7320344124894911,0.7347602739726027,0.7348459485941535,0.095117332109518,0.0950101906172165,0.8781091633078051,0.3706344195516056,0.8297704645898193,0.7347602739726027,0.0950101906172165,0.4467308224182171
8-14,DG_DANN,primary,128,raw,0.6999702776994225,0.7082191780821918,0.7081882354121734,0.1171180161979202,0.1169448257296359,0.9923519733770644,0.4107410032461938,0.8251573494125208,0.7082191780821918,0.116938171330329,0.4688103324700348
8-14,DG_GROUPDRO,primary,128,raw,0.6542304118782873,0.669263698630137,0.6693334635667354,0.1420252090868578,0.1418583212394829,1.09503430698476,0.4686557100350138,0.8111015211127391,0.669263698630137,0.1418378224826022,0.5089298080245911
8-14,EMB_STD,primary,128,raw,0.730640277871836,0.7327482876712329,0.7325225188835525,0.1399741102616009,0.1396853162875169,1.079966835454192,0.4008028755668092,0.8724328739957705,0.7327482876712329,0.1396845863245376,0.3329235148498554
8-14,EMB_STD,primary,128,source_temperature,0.730640277871836,0.7327482876712329,0.7325225188835525,0.0712419993763191,0.0709268511628866,0.8229842496062096,0.3669724643921564,0.8024801891800539,0.7327482876712329,0.069731901508821,0.5504657200323038
8-14,P0,primary,128,raw,0.7059921168430477,0.7128424657534247,0.7126974939818176,0.128752122964863,0.1285364706656092,1.0085629333145052,0.4115886075870115,0.841361332355603,0.7128424657534247,0.1285188666021783,0.4113563915715856
8-14,P0,primary,128,source_temperature,0.7059921168430477,0.7128424657534247,0.7126974939818176,0.0528496191215346,0.0534902864596229,0.8239346542071386,0.3819299897646294,0.7607633864191105,0.7128424657534247,0.0479209206656858,0.6663970497131091
8-14,P0_WIDE,primary,128,raw,0.6716995805894919,0.6877140410958904,0.6874327800107473,0.156063150880501,0.1559094668474456,1.2350269372361544,0.4635903791891307,0.8427604383221279,0.6877140410958904,0.1550463972262374,0.4105449097985573
8-14,P1,primary,128,raw,0.6872877746232422,0.699443493150685,0.6992806817450261,0.1505031714515683,0.1505842739837371,1.1975942060202405,0.440101285776726,0.8484101589635168,0.699443493150685,0.1489666658128318,0.395781191385983
8-14,P2,primary,128,raw,0.6785692843141939,0.6898116438356163,0.6897532143680608,0.1561173496844425,0.1556342066916292,1.2586710098252143,0.460766951612265,0.8449244091032098,0.6898116438356163,0.1551127652675934,0.4022554086415003
8-14,P2,primary,128,source_temperature,0.6785692843141939,0.6898116438356163,0.6897532143680608,0.0635052906849674,0.06230277025677,0.9120030740697735,0.4186416349881224,0.7451666384670259,0.6898116438356163,0.0553549946314094,0.708543786399485
8-14,P2_MISMATCHED_RX,primary,128,raw,0.6465240529562027,0.6706763698630136,0.6706972056394945,0.1839982371955906,0.1828043794578375,1.5515923021676952,0.5026512336362708,0.8534807488411562,0.6706763698630136,0.1828043789781426,0.3764291831482702
8-14,P2_NULL,primary,128,raw,0.6637522876028494,0.6805222602739727,0.6805565051410298,0.1331839523616259,0.1324299299151777,1.1931997310778686,0.4583839744587236,0.8082017761189491,0.6805222602739727,0.1276795158449764,0.502579541152526
8-14,P2_SHUFFLED,primary,128,raw,0.6509126257845301,0.6714897260273973,0.6714436268474324,0.179853775716476,0.1795977579742312,1.46221757593769,0.4985100588851661,0.8510874819807862,0.6714897260273973,0.1795977559533889,0.383063379617211
8-14,RX_NORM,primary,128,raw,0.6850618664496742,0.6959760273972602,0.6957903634719751,0.1358678335362203,0.1357558840133045,1.0659812358772125,0.435427838139829,0.8317319114105649,0.6959760273972602,0.1357558840133045,0.4376074024524085
8-14,SAR_GN,primary,128,raw,0.7060359965137765,0.7128852739726027,0.7127408262142194,0.1287210364736718,0.128505208960747,1.008509677171998,0.4115450842474443,0.8413728788699188,0.7128852739726027,0.1284876048973162,0.4113258266767902
8-14,SAR_GN,primary,128,source_temperature,0.7060359965137765,0.7128852739726027,0.7127408262142194,0.052821448188378,0.0534620623256297,0.8238866001786432,0.3818906342380184,0.7607779705042954,0.7128852739726027,0.0478926965316927,0.6663611349993097
8-14,SOURCE_NORM,primary,128,raw,0.6930814022133804,0.7037671232876712,0.7035949168452567,0.1296706229575897,0.1294100172434971,1.038371252896338,0.4215197886814001,0.8331730107815094,0.7037671232876712,0.1294058874938381,0.4319368455966685
8-14,SUP_FT_FULL_128,primary,128,raw,0.7874100255707954,0.7859589041095891,0.7861841105257124,0.0795935578886674,0.0782627341949878,0.7489319447993953,0.3059868495509544,0.8641324496139096,0.7859589041095891,0.0781735455043205,0.3681334448020228
8-14,SUP_FT_HEAD_128,primary,128,raw,0.7379593508337716,0.7388698630136986,0.7390348993632782,0.1077621611843064,0.1073417558743018,0.9009705680565064,0.3716224338339605,0.8462093081465628,0.7388698630136986,0.1073394451328642,0.4129788689493967
8-14,T3A,primary,128,raw,0.7340003443085189,0.7363013698630138,0.7362286510838375,0.0762314359944517,0.0746065307874232,0.7735496208001138,0.3634477437675912,0.685209416890874,0.7363013698630138,-0.0510919529721396,0.9051610856443516
8-14,T3A,primary,128,source_temperature,0.7340003443085189,0.7363013698630138,0.7362286510838375,0.0597332204221749,0.0619337560656104,0.7840026659603085,0.3665060778921425,0.791113672256011,0.7363013698630138,0.0548123023929972,0.5923236879710256
8-7,DG_CORAL,primary,128,raw,0.8198044542488809,0.8229880136986301,0.8228884784093328,0.0696388135134714,0.0694036905698427,0.6203179696143422,0.2514541811965373,0.8922251194670847,0.8229880136986301,0.0692371057684546,0.2875858801769774
8-7,DG_DANN,primary,128,raw,0.8278058393312584,0.8276969178082192,0.8276468060229035,0.0617765755960334,0.0615383487213913,0.5985313215020518,0.2442561270084343,0.8891644489651622,0.8276969178082192,0.061467531156943,0.2995414630479088
8-7,DG_GROUPDRO,primary,128,raw,0.7643664642859975,0.7717465753424657,0.7716945722726637,0.082178657365427,0.0820307373975033,0.7219697870940023,0.321112962038978,0.8529034513099859,0.7717465753424657,0.0811568759675201,0.4040287212260901
8-7,EMB_STD,primary,128,raw,0.8333832535567055,0.8332191780821917,0.8331766781239734,0.0731058304491516,0.0724908210388193,0.6533091301585172,0.2442655142299303,0.905665502646198,0.8332191780821917,0.0724463245640062,0.2568214311774673
8-7,EMB_STD,primary,128,source_temperature,0.8333832535567055,0.8332191780821917,0.8331766781239734,0.0324105530719716,0.0327376330881934,0.5312982133634524,0.2319606350067945,0.821362610655364,0.8332191780821917,-0.0118565674268278,0.5363280869622786
8-7,P0,primary,128,raw,0.8248116081042557,0.8258989726027398,0.8258976597908015,0.0662392165333236,0.0661908935423787,0.6265009572701602,0.2485893911444869,0.8919344809289053,0.8258989726027398,0.0660355083261654,0.2918888718685367
8-7,P0,primary,128,source_temperature,0.8248116081042557,0.8258989726027398,0.8258976597908015,0.0399231262666684,0.0384694335371941,0.53568030895151,0.2381120976613771,0.8066267544922665,0.8258989726027398,-0.0192722181104732,0.5752495247278825
8-7,P0_WIDE,primary,128,raw,0.8263068632864228,0.8270976027397261,0.8270413362816861,0.0703062509582058,0.0698013709462566,0.6280671897362324,0.2469527646439416,0.8968932946595325,0.8270976027397261,0.0697956919198064,0.2717492726007746
8-7,P1,primary,128,raw,0.8334464466843299,0.8333476027397261,0.8333255686288614,0.0664851773893843,0.0664295996379821,0.6271066265384247,0.2388211230261828,0.8988639233334066,0.8333476027397261,0.0655163205936806,0.2566917584603559
8-7,P2,primary,128,raw,0.8151536447366048,0.8149828767123287,0.8149698970635022,0.0904256833978763,0.090267612683676,0.7509855650754959,0.274385059891168,0.9047815226968888,0.8149828767123287,0.08979864598456,0.2416894448106392
8-7,P2,primary,128,source_temperature,0.8151536447366048,0.8149828767123287,0.8149698970635022,0.0368817169672017,0.0375741914618114,0.5512523991725071,0.2520146644721088,0.7941438912090965,0.8149828767123287,-0.0208389855032323,0.6004844871133506
8-7,P2_MISMATCHED_RX,primary,128,raw,0.7979591583006397,0.8029965753424658,0.8029756701676058,0.0996575000485379,0.0993886007946494,0.8037837490780714,0.2915668106886909,0.9022659168100264,0.8029965753424658,0.0992693414675607,0.2466989400455212
8-7,P2_NULL,primary,128,raw,0.806444081891606,0.8077910958904109,0.8078059900509995,0.076847566030154,0.0765448519832467,0.7100302324760739,0.2789250405999007,0.8792381222959454,0.8077910958904109,0.0714470264055345,0.3117785041300226
8-7,P2_SHUFFLED,primary,128,raw,0.7975719840705742,0.8013698630136986,0.8013026080520664,0.1010830777824843,0.1005370238336594,0.8032726646304376,0.2924753354885014,0.9016899831707856,0.8013698630136986,0.100320120157087,0.2483406584770913
8-7,RX_NORM,primary,128,raw,0.8223898304267356,0.8240154109589041,0.8239557106313393,0.0738078825501087,0.0735383876618508,0.6307724157435926,0.2533488177488748,0.8974920765209738,0.8240154109589041,0.0734766655620698,0.2772107862301719
8-7,SAR_GN,primary,128,raw,0.8248116081042557,0.8258989726027398,0.8258976597908015,0.0662392165333236,0.0661908935423787,0.6265009572701602,0.2485893911444869,0.8919344809289053,0.8258989726027398,0.0660355083261654,0.2918888718685367
8-7,SAR_GN,primary,128,source_temperature,0.8248116081042557,0.8258989726027398,0.8258976597908015,0.0399224064507424,0.038468804456717,0.5356799231884245,0.238111995530909,0.8066233912918443,0.8258989726027398,-0.0192755813108953,0.5752605801389914
8-7,SOURCE_NORM,primary,128,raw,0.8218165693780606,0.8235873287671233,0.8235256121825646,0.0692330492749708,0.0690210461629274,0.6294050027161274,0.2514810589645451,0.8925456483133953,0.8235873287671233,0.0689583195462721,0.2857787036460789
8-7,SUP_FT_FULL_128,primary,128,raw,0.8355889984002651,0.8341181506849316,0.8342757050678717,0.0683293984890341,0.0682410456565502,0.5892155284924342,0.2361890158067682,0.902221716100299,0.8341181506849316,0.0681035654153674,0.2642057211803774
8-7,SUP_FT_HEAD_128,primary,128,raw,0.8316520029642126,0.8313784246575342,0.8314595222786767,0.0572420226467441,0.0563710426420534,0.5977078843655663,0.2405992801866827,0.8875307926289381,0.8313784246575342,0.0561523679714037,0.3044154977888446
8-7,T3A,primary,128,raw,0.838370107609614,0.8374571917808218,0.8374319557367645,0.0891288316821398,0.0887993634295688,0.5714235726070681,0.2511546638649178,0.7532585300594465,0.8374571917808218,-0.0841986617213752,0.7430501974967185
8-7,T3A,primary,128,source_temperature,0.838370107609614,0.8374571917808218,0.8374319557367645,0.0356135704829314,0.0401015309548054,0.5498563308697765,0.2368740439328687,0.8419679285129169,0.8374571917808218,0.0045107367320949,0.4681808748979216
8-8,DG_CORAL,primary,128,raw,0.9047568306502416,0.9069777397260276,0.9067931390857276,0.0335890694821176,0.0320036248323086,0.2961594973062748,0.1408828902338833,0.936209059930853,0.9069777397260276,0.0292313202048256,0.1828956265286986
8-8,DG_DANN,primary,128,raw,0.8886204743106788,0.8913099315068493,0.8910643715792418,0.0358817127979781,0.0350335602048937,0.3272386918786349,0.163364015963487,0.925920458972352,0.8913099315068493,0.0346105274655027,0.2138714337872323
8-8,DG_GROUPDRO,primary,128,raw,0.8217542189193564,0.828638698630137,0.8284405165866724,0.0420320794375434,0.0432949775785258,0.4893500718007127,0.2468246196848567,0.8669501006328947,0.828638698630137,0.0383114020027577,0.3766343155827852
8-8,EMB_STD,primary,128,raw,0.896746189210905,0.8995291095890412,0.899265442335361,0.0450246175074924,0.0440552356040539,0.3331243095911426,0.1548304100629224,0.9428355282159804,0.8995291095890412,0.0433064186269391,0.1626529885655427
8-8,EMB_STD,primary,128,source_temperature,0.896746189210905,0.8995291095890412,0.899265442335361,0.0349438602551425,0.034390857108346,0.3010118576685961,0.1480771450118176,0.8898494615118242,0.8995291095890412,-0.0096796480772169,0.3522972440852048
8-8,P0,primary,128,raw,0.8926628456847535,0.8965753424657533,0.8963056451715363,0.0434643112416443,0.0432999966091999,0.3404388847743916,0.1562196724122045,0.9393656020205824,0.8965753424657533,0.042790259554829,0.1723344175208642
8-8,P0,primary,128,source_temperature,0.8926628456847535,0.8965753424657533,0.8963056451715363,0.0378976225473341,0.0376092459969798,0.3110476848643098,0.1510132514015144,0.8865851903930657,0.8965753424657533,-0.0099901520726876,0.3587272058636405
8-8,P0_WIDE,primary,128,raw,0.8806068093774423,0.8842037671232876,0.8840381579293407,0.0565093406144376,0.0556566179806545,0.3562951002596121,0.1764882424919773,0.9396725046754598,0.8842037671232876,0.0554687375521721,0.1664335893645226
8-8,P1,primary,128,raw,0.9241444919606764,0.9253852739726028,0.9252655172727128,0.0385325553699409,0.0377733321745611,0.2655166942909695,0.1172641417833743,0.9631168367175308,0.9253852739726028,0.0377315627449281,0.0989412831660518
8-8,P2,primary,128,raw,0.8852779238760726,0.8910958904109588,0.8908857068878483,0.0542089751373006,0.0533383480464554,0.3583440777513095,0.1623308416340094,0.9443107795455072,0.8910958904109588,0.0532148891345482,0.1526131568809897
8-8,P2,primary,128,source_temperature,0.8852779238760726,0.8910958904109588,0.8908857068878483,0.0238375193918252,0.0222405932727803,0.3013504004727542,0.1498390248086836,0.8977779129989084,0.8910958904109588,0.0066820225879496,0.3110163536129125
8-8,P2_MISMATCHED_RX,primary,128,raw,0.8816682772547191,0.889126712328767,0.8889045402463346,0.0541686893938339,0.0537565874471648,0.3764084013920965,0.1664475086820221,0.9427548128499152,0.889126712328767,0.053628100521148,0.1561577899391852
8-8,P2_NULL,primary,128,raw,0.8641969967965106,0.8699914383561644,0.8697308970467239,0.0527678254341119,0.0520370910186575,0.3935318614061832,0.1892137819378767,0.9215259493736884,0.8699914383561644,0.0515345110175238,0.2182622531069116
8-8,P2_SHUFFLED,primary,128,raw,0.8838522985058654,0.8900684931506848,0.8898688757958771,0.053452179544567,0.0531337071816143,0.3654354228006355,0.163286334235113,0.94305413589328,0.8900684931506848,0.0529856427425952,0.1555285382667463
8-8,RX_NORM,primary,128,raw,0.8835367516470433,0.8866438356164383,0.8863734165194913,0.043985699316206,0.0429633047635832,0.3456588616555371,0.1711154269926116,0.9289737839506914,0.8866438356164383,0.0423299483342529,0.2013071364279168
8-8,SAR_GN,primary,128,raw,0.8926628456847535,0.8965753424657533,0.8963056451715363,0.0434643112416443,0.0432999966091999,0.3404388847743916,0.1562196724122045,0.9393656020205824,0.8965753424657533,0.042790259554829,0.1723344175208642
8-8,SAR_GN,primary,128,source_temperature,0.8926628456847535,0.8965753424657533,0.8963056451715363,0.0378998819444568,0.0376114142262151,0.3110493720412894,0.1510135570627002,0.8865826218169317,0.8965753424657533,-0.0099927206488216,0.3587366687343585
8-8,SOURCE_NORM,primary,128,raw,0.8870511744524855,0.8898116438356164,0.8895434734805618,0.0415467798314376,0.041533740723429,0.33055990155942,0.1641803034808389,0.9306995162829654,0.8898116438356164,0.040887872447349,0.196468383087898
8-8,SUP_FT_FULL_128,primary,128,raw,0.9644109307059162,0.9646832191780822,0.9646473152911724,0.0113406187204057,0.0096421255717334,0.119151770544101,0.0550414500402089,0.9643683066566104,0.9646832191780822,-0.0003149125214717,0.1119136760628609
8-8,SUP_FT_HEAD_128,primary,128,raw,0.9086670789559788,0.9107020547945206,0.9105311473760986,0.0322636136287593,0.0319318938324202,0.283050835936071,0.1371269100826379,0.9393424425720658,0.9107020547945206,0.0286403877775452,0.1724892627678899
8-8,T3A,primary,128,raw,0.9110386801613096,0.9132277397260274,0.9129540990838988,0.0925882553075733,0.0919401768869273,0.3075459157658743,0.1421099898104957,0.8216080900632509,0.9132277397260274,-0.0916196496627765,0.5648145697030971
8-8,T3A,primary,128,source_temperature,0.9110386801613096,0.9132277397260274,0.9129540990838988,0.0326430848513243,0.0329442887141799,0.2540568179848447,0.1294100851538439,0.905162273970974,0.9132277397260274,-0.0080654657550533,0.2881319698170562
