receiver,method,probability_variant,bin,count,confidence_sum,correct_sum
1-1,EMB_STD,raw,0,0,0.0,0.0
1-1,EMB_STD,raw,1,0,0.0,0.0
1-1,EMB_STD,raw,2,0,0.0,0.0
1-1,EMB_STD,raw,3,2,0.5132860243320464,0.0
1-1,EMB_STD,raw,4,40,12.338519155979155,9.0
1-1,EMB_STD,raw,5,110,40.68435251712799,38.0
1-1,EMB_STD,raw,6,282,122.96509054303169,87.99999999999999
1-1,EMB_STD,raw,7,596,298.70748817920685,207.0
1-1,EMB_STD,raw,8,678,384.27750557661057,310.0
1-1,EMB_STD,raw,9,714,451.7786229252815,322.0
1-1,EMB_STD,raw,10,735,514.2819002866745,376.0
1-1,EMB_STD,raw,11,841,645.1423034071922,454.0
1-1,EMB_STD,raw,12,987,823.3538578152657,582.0
1-1,EMB_STD,raw,13,1530,1380.4988688230515,1005.0
1-1,EMB_STD,raw,14,16845,16712.05919420719,15732.0
1-1,EMB_STD,source_temperature,0,0,0.0,0.0
1-1,EMB_STD,source_temperature,1,0,0.0,0.0
1-1,EMB_STD,source_temperature,2,0,0.0,0.0
1-1,EMB_STD,source_temperature,3,27,6.826999156586789,6.0
1-1,EMB_STD,source_temperature,4,172,53.21902031698458,45.999999999999986
1-1,EMB_STD,source_temperature,5,506,187.50955565471054,168.0
1-1,EMB_STD,source_temperature,6,799,347.9673779348436,288.0
1-1,EMB_STD,source_temperature,7,1197,599.4541121056277,587.0
1-1,EMB_STD,source_temperature,8,1144,648.5887043177719,592.0
1-1,EMB_STD,source_temperature,9,1118,708.231120958178,670.0
1-1,EMB_STD,source_temperature,10,1159,811.8539129650944,768.0
1-1,EMB_STD,source_temperature,11,1325,1016.268492854144,900.0
1-1,EMB_STD,source_temperature,12,1623,1354.868028816151,1331.0
1-1,EMB_STD,source_temperature,13,3161,2861.1908039591594,2887.0
1-1,EMB_STD,source_temperature,14,11129,10800.458365836008,10880.0
1-1,P0,raw,0,0,0.0,0.0
1-1,P0,raw,1,0,0.0,0.0
1-1,P0,raw,2,0,0.0,0.0
1-1,P0,raw,3,1,0.2550892233848572,1.0
1-1,P0,raw,4,46,14.347160696983337,5.999999999999998
1-1,P0,raw,5,176,65.2924554646015,43.0
1-1,P0,raw,6,331,144.57569977641106,108.0
1-1,P0,raw,7,736,370.3215388059616,292.99999999999994
1-1,P0,raw,8,824,465.6040989756584,320.0
1-1,P0,raw,9,822,520.5696806907654,363.0
1-1,P0,raw,10,822,575.8337652087212,394.0
1-1,P0,raw,11,951,728.6655988097191,534.0
1-1,P0,raw,12,1159,967.0064064860344,702.0
1-1,P0,raw,13,1678,1514.4534606337547,1124.0
1-1,P0,raw,14,15814,15671.006911873817,14844.0
1-1,P0,source_temperature,0,0,0.0,0.0
1-1,P0,source_temperature,1,0,0.0,0.0
1-1,P0,source_temperature,2,0,0.0,0.0
1-1,P0,source_temperature,3,16,4.001997797253753,3.0
1-1,P0,source_temperature,4,192,58.711906249482,47.0
1-1,P0,source_temperature,5,550,203.65939435237848,178.0
1-1,P0,source_temperature,6,905,394.2782389142085,335.0
1-1,P0,source_temperature,7,1307,652.2186157189212,547.0
1-1,P0,source_temperature,8,1182,670.0069822150735,610.0
1-1,P0,source_temperature,9,1163,736.6223505303481,676.0
1-1,P0,source_temperature,10,1259,881.0640787398083,781.0
1-1,P0,source_temperature,11,1319,1012.6558309175149,932.0
1-1,P0,source_temperature,12,1610,1343.2823759164585,1267.0
1-1,P0,source_temperature,13,2728,2467.2482759903664,2448.0
1-1,P0,source_temperature,14,11129,10816.65135337269,10908.0
1-1,P2,raw,0,0,0.0,0.0
1-1,P2,raw,1,0,0.0,0.0
1-1,P2,raw,2,0,0.0,0.0
1-1,P2,raw,3,2,0.520216315984726,0.0
1-1,P2,raw,4,7,2.163984477519989,3.0
1-1,P2,raw,5,110,41.11787122488022,37.0
1-1,P2,raw,6,228,99.08793610334396,80.0
1-1,P2,raw,7,491,246.8580752313137,219.0
1-1,P2,raw,8,576,326.19689679145813,246.0
1-1,P2,raw,9,593,375.2171232700348,287.0
1-1,P2,raw,10,658,460.6919467449188,333.0
1-1,P2,raw,11,811,622.20967066288,468.0
1-1,P2,raw,12,1041,869.7705290317535,608.0
1-1,P2,raw,13,1655,1494.0556362867355,1087.0
1-1,P2,raw,14,17188,17049.36738783121,15967.0
1-1,P2,source_temperature,0,0,0.0,0.0
1-1,P2,source_temperature,1,0,0.0,0.0
1-1,P2,source_temperature,2,0,0.0,0.0
1-1,P2,source_temperature,3,4,0.9728005873417184,1.0
1-1,P2,source_temperature,4,130,40.34498752009911,44.0
1-1,P2,source_temperature,5,398,147.28665636767437,150.0
1-1,P2,source_temperature,6,710,309.53645236075664,290.0
1-1,P2,source_temperature,7,1023,512.5589953079387,474.99999999999994
1-1,P2,source_temperature,8,1102,623.6638511224223,619.0
1-1,P2,source_temperature,9,1162,736.2782397193146,672.0
1-1,P2,source_temperature,10,1298,909.0897888781236,841.0
1-1,P2,source_temperature,11,1365,1046.5071475500044,968.0
1-1,P2,source_temperature,12,1871,1562.9099601810947,1533.0
1-1,P2,source_temperature,13,3115,2815.57606359892,2759.0
1-1,P2,source_temperature,14,11182,10860.880868430804,10983.0
1-1,SAR_GN,raw,0,0,0.0,0.0
1-1,SAR_GN,raw,1,0,0.0,0.0
1-1,SAR_GN,raw,2,0,0.0,0.0
1-1,SAR_GN,raw,3,1,0.2550892233848572,1.0
1-1,SAR_GN,raw,4,46,14.347160696983337,5.999999999999998
1-1,SAR_GN,raw,5,176,65.2924554646015,43.0
1-1,SAR_GN,raw,6,331,144.57569977641106,108.0
1-1,SAR_GN,raw,7,736,370.3215388059616,292.99999999999994
1-1,SAR_GN,raw,8,824,465.6040989756584,320.0
1-1,SAR_GN,raw,9,822,520.5696806907654,363.0
1-1,SAR_GN,raw,10,822,575.8337652087212,394.0
1-1,SAR_GN,raw,11,951,728.6655988097191,534.0
1-1,SAR_GN,raw,12,1159,967.0064064860344,702.0
1-1,SAR_GN,raw,13,1678,1514.4534606337547,1124.0
1-1,SAR_GN,raw,14,15814,15671.006911873817,14844.0
1-1,SAR_GN,source_temperature,0,0,0.0,0.0
1-1,SAR_GN,source_temperature,1,0,0.0,0.0
1-1,SAR_GN,source_temperature,2,0,0.0,0.0
1-1,SAR_GN,source_temperature,3,16,4.002034948624947,3.0
1-1,SAR_GN,source_temperature,4,192,58.71244394084572,47.0
1-1,SAR_GN,source_temperature,5,550,203.66114687914427,178.0
1-1,SAR_GN,source_temperature,6,905,394.2813088903039,335.0
1-1,SAR_GN,source_temperature,7,1307,652.2232292992624,547.0
1-1,SAR_GN,source_temperature,8,1182,670.0121433834579,610.0
1-1,SAR_GN,source_temperature,9,1163,736.6284222270923,676.0
1-1,SAR_GN,source_temperature,10,1259,881.0706156626504,781.0
1-1,SAR_GN,source_temperature,11,1319,1012.6621977628583,932.0
1-1,SAR_GN,source_temperature,12,1610,1343.28872992239,1267.0
1-1,SAR_GN,source_temperature,13,2728,2467.2553575667675,2448.0
1-1,SAR_GN,source_temperature,14,11129,10816.6691919209,10908.0
1-1,T3A,raw,0,0,0.0,0.0
1-1,T3A,raw,1,0,0.0,0.0
1-1,T3A,raw,2,0,0.0,0.0
1-1,T3A,raw,3,64,16.226873770356175,16.999999999999996
1-1,T3A,raw,4,542,166.80104836821556,178.99999999999997
1-1,T3A,raw,5,1174,433.1539048552513,456.0
1-1,T3A,raw,6,1806,783.8705256283283,890.0
1-1,T3A,raw,7,1857,926.6676162481308,1097.0
1-1,T3A,raw,8,1738,984.7463653683662,1187.0
1-1,T3A,raw,9,1778,1126.4791163802147,1390.0
1-1,T3A,raw,10,1858,1301.8513376116753,1616.0
1-1,T3A,raw,11,2272,1743.6129086017609,2129.0
1-1,T3A,raw,12,2732,2281.3697551488876,2649.0
1-1,T3A,raw,13,2989,2687.708631813526,2952.0
1-1,T3A,raw,14,4550,4392.878169476986,4544.0
1-1,T3A,source_temperature,0,0,0.0,0.0
1-1,T3A,source_temperature,1,0,0.0,0.0
1-1,T3A,source_temperature,2,0,0.0,0.0
1-1,T3A,source_temperature,3,8,2.062107375052815,3.0
1-1,T3A,source_temperature,4,159,49.11742543227388,41.999999999999986
1-1,T3A,source_temperature,5,510,188.99262605337438,177.99999999999997
1-1,T3A,source_temperature,6,818,355.98611957948583,301.99999999999994
1-1,T3A,source_temperature,7,1300,650.0107608982207,601.0
1-1,T3A,source_temperature,8,1290,730.7750206054263,660.0
1-1,T3A,source_temperature,9,1298,822.4922292176539,763.0
1-1,T3A,source_temperature,10,1271,889.3740323148063,862.0
1-1,T3A,source_temperature,11,1478,1135.4368490355755,1115.0
1-1,T3A,source_temperature,12,1828,1524.7982173517835,1520.0
1-1,T3A,source_temperature,13,3077,2781.9775439598843,2859.0
1-1,T3A,source_temperature,14,10323,10112.06336096048,10201.0
1-19,EMB_STD,raw,0,0,0.0,0.0
1-19,EMB_STD,raw,1,0,0.0,0.0
1-19,EMB_STD,raw,2,0,0.0,0.0
1-19,EMB_STD,raw,3,1,0.2570556104183197,1.0
1-19,EMB_STD,raw,4,3,0.9412050545215607,0.0
1-19,EMB_STD,raw,5,62,23.191633701324463,18.999999999999996
1-19,EMB_STD,raw,6,204,90.12758848071098,76.0
1-19,EMB_STD,raw,7,556,281.66497153043747,205.99999999999997
1-19,EMB_STD,raw,8,681,386.19131672382355,303.0
1-19,EMB_STD,raw,9,799,506.427352309227,326.0
1-19,EMB_STD,raw,10,814,570.0882673859596,368.0
1-19,EMB_STD,raw,11,913,701.0445218086243,426.0
1-19,EMB_STD,raw,12,1164,971.7972887158394,608.0
1-19,EMB_STD,raw,13,1828,1650.8986018896103,1014.0
1-19,EMB_STD,raw,14,16335,16166.925888895988,13613.0
1-19,EMB_STD,source_temperature,0,0,0.0,0.0
1-19,EMB_STD,source_temperature,1,0,0.0,0.0
1-19,EMB_STD,source_temperature,2,0,0.0,0.0
1-19,EMB_STD,source_temperature,3,2,0.4674068510363002,1.0
1-19,EMB_STD,source_temperature,4,29,9.026033376079173,7.0
1-19,EMB_STD,source_temperature,5,221,82.73449406112282,82.0
1-19,EMB_STD,source_temperature,6,472,206.36417167658453,155.99999999999997
1-19,EMB_STD,source_temperature,7,985,494.05656438184303,436.0
1-19,EMB_STD,source_temperature,8,1185,672.2909190086664,490.0
1-19,EMB_STD,source_temperature,9,1183,749.4266664674386,569.0
1-19,EMB_STD,source_temperature,10,1231,861.2158212742246,628.0
1-19,EMB_STD,source_temperature,11,1531,1175.812712280446,843.0
1-19,EMB_STD,source_temperature,12,1907,1591.5458056671835,1147.0
1-19,EMB_STD,source_temperature,13,3015,2723.6544335124145,2161.0
1-19,EMB_STD,source_temperature,14,11599,11331.204945768326,10440.0
1-19,P0,raw,0,0,0.0,0.0
1-19,P0,raw,1,0,0.0,0.0
1-19,P0,raw,2,0,0.0,0.0
1-19,P0,raw,3,0,0.0,0.0
1-19,P0,raw,4,6,1.8302160501480103,0.0
1-19,P0,raw,5,73,27.099753469228745,22.0
1-19,P0,raw,6,248,107.90960341691971,87.0
1-19,P0,raw,7,660,332.98676535487175,259.0
1-19,P0,raw,8,892,505.2674903869629,403.0
1-19,P0,raw,9,943,597.9709239602089,439.0
1-19,P0,raw,10,906,634.9756753444672,442.0
1-19,P0,raw,11,1136,872.0600136518478,562.0
1-19,P0,raw,12,1411,1176.9651851058006,730.0
1-19,P0,raw,13,2122,1916.379565358162,1215.0
1-19,P0,raw,14,14963,14770.484946250916,12424.0
1-19,P0,source_temperature,0,0,0.0,0.0
1-19,P0,source_temperature,1,0,0.0,0.0
1-19,P0,source_temperature,2,0,0.0,0.0
1-19,P0,source_temperature,3,2,0.4744403505526268,0.0
1-19,P0,source_temperature,4,28,8.805363734549157,5.0
1-19,P0,source_temperature,5,219,81.62243122919259,69.99999999999999
1-19,P0,source_temperature,6,495,215.35087164613563,192.99999999999997
1-19,P0,source_temperature,7,1170,588.0427669315685,507.0
1-19,P0,source_temperature,8,1224,692.926806552857,576.0
1-19,P0,source_temperature,9,1299,822.3969037593163,639.0
1-19,P0,source_temperature,10,1414,990.1118581876945,689.0
1-19,P0,source_temperature,11,1612,1237.7511180324918,898.0
1-19,P0,source_temperature,12,1999,1669.475785777075,1187.0
1-19,P0,source_temperature,13,3177,2870.642576412281,2242.0
1-19,P0,source_temperature,14,10721,10460.495447699699,9577.0
1-19,P2,raw,0,0,0.0,0.0
1-19,P2,raw,1,0,0.0,0.0
1-19,P2,raw,2,0,0.0,0.0
1-19,P2,raw,3,0,0.0,0.0
1-19,P2,raw,4,6,1.8305943608283994,2.0
1-19,P2,raw,5,38,14.012495368719101,10.0
1-19,P2,raw,6,83,36.30400061607361,31.0
1-19,P2,raw,7,309,156.59357878565788,116.0
1-19,P2,raw,8,461,260.8404085636139,213.0
1-19,P2,raw,9,507,321.7255650162697,241.0
1-19,P2,raw,10,576,403.9381271004677,251.99999999999997
1-19,P2,raw,11,632,484.7895607352257,322.0
1-19,P2,raw,12,850,708.9845232367516,413.0
1-19,P2,raw,13,1272,1150.9939492344856,683.0
1-19,P2,raw,14,18626,18506.44553977251,14619.0
1-19,P2,source_temperature,0,0,0.0,0.0
1-19,P2,source_temperature,1,0,0.0,0.0
1-19,P2,source_temperature,2,0,0.0,0.0
1-19,P2,source_temperature,3,7,1.7244023638363841,1.0
1-19,P2,source_temperature,4,40,12.430678146010123,16.0
1-19,P2,source_temperature,5,143,53.273708694933106,46.0
1-19,P2,source_temperature,6,343,149.9477445689098,137.0
1-19,P2,source_temperature,7,760,381.997544466411,344.0
1-19,P2,source_temperature,8,932,527.1289598006142,432.0
1-19,P2,source_temperature,9,1005,637.1039894667188,508.0
1-19,P2,source_temperature,10,1058,740.987334837521,530.0
1-19,P2,source_temperature,11,1212,930.9375426713381,645.0
1-19,P2,source_temperature,12,1642,1370.2264999045883,904.0
1-19,P2,source_temperature,13,2680,2421.3304910348575,1699.0
1-19,P2,source_temperature,14,13538,13264.33709194946,11640.0
1-19,SAR_GN,raw,0,0,0.0,0.0
1-19,SAR_GN,raw,1,0,0.0,0.0
1-19,SAR_GN,raw,2,0,0.0,0.0
1-19,SAR_GN,raw,3,0,0.0,0.0
1-19,SAR_GN,raw,4,6,1.8297765254974365,0.0
1-19,SAR_GN,raw,5,76,28.281301885843277,25.0
1-19,SAR_GN,raw,6,243,105.78500467538834,84.0
1-19,SAR_GN,raw,7,661,333.36971071362495,257.0
1-19,SAR_GN,raw,8,893,505.90622997283936,401.0
1-19,SAR_GN,raw,9,940,596.1661442518234,435.0
1-19,SAR_GN,raw,10,906,634.9728181362152,447.0
1-19,SAR_GN,raw,11,1139,874.3721116781235,564.0
1-19,SAR_GN,raw,12,1399,1166.7339245080948,723.0
1-19,SAR_GN,raw,13,2134,1926.9554055929182,1222.0
1-19,SAR_GN,raw,14,14963,14770.85976666212,12425.0
1-19,SAR_GN,source_temperature,0,0,0.0,0.0
1-19,SAR_GN,source_temperature,1,0,0.0,0.0
1-19,SAR_GN,source_temperature,2,0,0.0,0.0
1-19,SAR_GN,source_temperature,3,2,0.4744403505526268,0.0
1-19,SAR_GN,source_temperature,4,29,9.143080476500995,6.0
1-19,SAR_GN,source_temperature,5,214,79.66506564398132,70.0
1-19,SAR_GN,source_temperature,6,501,217.96476911912166,192.99999999999997
1-19,SAR_GN,source_temperature,7,1163,584.4622172036177,493.0
1-19,SAR_GN,source_temperature,8,1225,693.3560063710702,586.0
1-19,SAR_GN,source_temperature,9,1308,828.2915514983455,640.0
1-19,SAR_GN,source_temperature,10,1401,981.017509015756,682.0
1-19,SAR_GN,source_temperature,11,1618,1242.173882815534,906.0
1-19,SAR_GN,source_temperature,12,1994,1665.2898154594727,1183.0
1-19,SAR_GN,source_temperature,13,3180,2873.3749527294062,2242.0
1-19,SAR_GN,source_temperature,14,10725,10464.53700317306,9582.0
1-19,T3A,raw,0,0,0.0,0.0
1-19,T3A,raw,1,0,0.0,0.0
1-19,T3A,raw,2,0,0.0,0.0
1-19,T3A,raw,3,19,4.7315134555101395,7.0
1-19,T3A,raw,4,210,65.20527651906013,67.0
1-19,T3A,raw,5,904,336.9745622575283,353.0
1-19,T3A,raw,6,1837,802.7480591237545,859.9999999999999
1-19,T3A,raw,7,2495,1246.8714304268358,1256.0
1-19,T3A,raw,8,2333,1319.643293440342,1221.0
1-19,T3A,raw,9,2123,1343.6757557988167,1170.0
1-19,T3A,raw,10,1819,1271.4092268943787,1227.0
1-19,T3A,raw,11,1729,1325.4328174591064,1414.0
1-19,T3A,raw,12,2006,1676.3363609313965,1860.0
1-19,T3A,raw,13,3700,3344.6594173312187,3684.0
1-19,T3A,raw,14,4185,4012.729475557804,4185.0
1-19,T3A,source_temperature,0,0,0.0,0.0
1-19,T3A,source_temperature,1,0,0.0,0.0
1-19,T3A,source_temperature,2,0,0.0,0.0
1-19,T3A,source_temperature,3,5,1.2611051319135056,3.0
1-19,T3A,source_temperature,4,44,13.799870127987491,11.0
1-19,T3A,source_temperature,5,292,109.63955011522648,105.0
1-19,T3A,source_temperature,6,782,341.48640532055595,321.0
1-19,T3A,source_temperature,7,1572,789.9085951670168,728.0
1-19,T3A,source_temperature,8,1680,951.8026212581952,809.0
1-19,T3A,source_temperature,9,1694,1073.2877627700366,864.0
1-19,T3A,source_temperature,10,1742,1221.3089547167388,879.0
1-19,T3A,source_temperature,11,1753,1345.9927724962463,962.0
1-19,T3A,source_temperature,12,1777,1481.4898517880488,1166.0
1-19,T3A,source_temperature,13,2260,2038.854397905177,1846.0
1-19,T3A,source_temperature,14,9759,9576.70380137445,9610.0
1-20,EMB_STD,raw,0,0,0.0,0.0
1-20,EMB_STD,raw,1,0,0.0,0.0
1-20,EMB_STD,raw,2,0,0.0,0.0
1-20,EMB_STD,raw,3,3,0.7446248233318328,0.0
1-20,EMB_STD,raw,4,33,10.285364925861359,4.999999999999999
1-20,EMB_STD,raw,5,143,53.29325607419014,50.0
1-20,EMB_STD,raw,6,264,115.48942363262177,90.0
1-20,EMB_STD,raw,7,510,256.7765665650368,211.0
1-20,EMB_STD,raw,8,673,380.8382034897804,284.0
1-20,EMB_STD,raw,9,655,415.3487027287483,324.0
1-20,EMB_STD,raw,10,624,436.5436576604843,321.0
1-20,EMB_STD,raw,11,792,608.0049676299095,479.0
1-20,EMB_STD,raw,12,993,829.6908215284348,663.0
1-20,EMB_STD,raw,13,1502,1357.0805052518845,1111.0
1-20,EMB_STD,raw,14,17168,16997.624843239784,16592.0
1-20,EMB_STD,source_temperature,0,0,0.0,0.0
1-20,EMB_STD,source_temperature,1,0,0.0,0.0
1-20,EMB_STD,source_temperature,2,0,0.0,0.0
1-20,EMB_STD,source_temperature,3,14,3.5241484734991992,2.0
1-20,EMB_STD,source_temperature,4,124,38.19601799317779,34.99999999999999
1-20,EMB_STD,source_temperature,5,344,127.33229404910051,106.0
1-20,EMB_STD,source_temperature,6,607,264.9588662677645,237.0
1-20,EMB_STD,source_temperature,7,847,424.1599179520247,372.0
1-20,EMB_STD,source_temperature,8,879,498.4654349482281,454.0
1-20,EMB_STD,source_temperature,9,892,564.594900219137,537.0
1-20,EMB_STD,source_temperature,10,1015,712.2986165412933,662.0
1-20,EMB_STD,source_temperature,11,1104,847.6872799186383,799.0
1-20,EMB_STD,source_temperature,12,1514,1266.0438647987341,1250.0
1-20,EMB_STD,source_temperature,13,3079,2789.942548322938,2884.0
1-20,EMB_STD,source_temperature,14,12941,12614.726078206793,12792.0
1-20,P0,raw,0,0,0.0,0.0
1-20,P0,raw,1,0,0.0,0.0
1-20,P0,raw,2,0,0.0,0.0
1-20,P0,raw,3,6,1.5290024578571317,2.0
1-20,P0,raw,4,85,26.319960236549377,18.0
1-20,P0,raw,5,271,100.31878179311751,67.0
1-20,P0,raw,6,425,184.9864141047001,124.99999999999999
1-20,P0,raw,7,724,363.4200323522091,265.0
1-20,P0,raw,8,807,457.64656233787537,347.0
1-20,P0,raw,9,821,520.1021244525909,385.0
1-20,P0,raw,10,817,572.3917786478996,439.0
1-20,P0,raw,11,966,740.1877561807632,549.0
1-20,P0,raw,12,1172,978.7878025770187,787.0
1-20,P0,raw,13,1735,1566.5599303245544,1326.0
1-20,P0,raw,14,15531,15349.889419019222,14851.0
1-20,P0,source_temperature,0,0,0.0,0.0
1-20,P0,source_temperature,1,0,0.0,0.0
1-20,P0,source_temperature,2,0,0.0,0.0
1-20,P0,source_temperature,3,33,8.24097196598522,8.0
1-20,P0,source_temperature,4,273,83.59448430457266,60.99999999999999
1-20,P0,source_temperature,5,546,201.49844300640638,152.0
1-20,P0,source_temperature,6,828,360.6939882823078,291.0
1-20,P0,source_temperature,7,1097,548.4209950675935,473.0
1-20,P0,source_temperature,8,1090,616.2716790568435,570.0
1-20,P0,source_temperature,9,1067,675.3576245267305,589.0
1-20,P0,source_temperature,10,1204,842.3811187941533,797.0
1-20,P0,source_temperature,11,1247,957.1884841427645,942.0
1-20,P0,source_temperature,12,1793,1498.3134159543479,1476.0
1-20,P0,source_temperature,13,2883,2606.828836933743,2601.0
1-20,P0,source_temperature,14,11299,10996.423671381284,11201.0
1-20,P2,raw,0,0,0.0,0.0
1-20,P2,raw,1,0,0.0,0.0
1-20,P2,raw,2,0,0.0,0.0
1-20,P2,raw,3,7,1.692138999700546,0.0
1-20,P2,raw,4,59,17.90405035018921,11.999999999999996
1-20,P2,raw,5,153,56.57572683691978,57.0
1-20,P2,raw,6,276,119.9103934764862,86.99999999999999
1-20,P2,raw,7,491,247.8738824427128,196.0
1-20,P2,raw,8,468,264.8811553120613,207.0
1-20,P2,raw,9,512,324.1489232182503,243.0
1-20,P2,raw,10,529,370.80896347761154,262.0
1-20,P2,raw,11,597,458.5762441754341,321.0
1-20,P2,raw,12,753,628.7154713273048,442.0
1-20,P2,raw,13,1090,983.8626863956451,710.0
1-20,P2,raw,14,18425,18319.537175774574,17634.0
1-20,P2,source_temperature,0,0,0.0,0.0
1-20,P2,source_temperature,1,0,0.0,0.0
1-20,P2,source_temperature,2,1,0.1908798909990368,0.0
1-20,P2,source_temperature,3,63,15.395551649948047,16.0
1-20,P2,source_temperature,4,282,85.86209143545847,96.99999999999999
1-20,P2,source_temperature,5,513,188.90222705289483,179.0
1-20,P2,source_temperature,6,631,274.54817444751933,266.0
1-20,P2,source_temperature,7,814,408.1839153384368,391.0
1-20,P2,source_temperature,8,846,479.1791897419111,435.0
1-20,P2,source_temperature,9,823,522.0443551615849,495.0
1-20,P2,source_temperature,10,848,594.2146429612577,567.0
1-20,P2,source_temperature,11,973,746.3877381803936,709.0
1-20,P2,source_temperature,12,1365,1141.8671257538465,1148.0
1-20,P2,source_temperature,13,2387,2160.903543704295,2200.0
1-20,P2,source_temperature,14,13814,13519.3686939732,13668.0
1-20,SAR_GN,raw,0,0,0.0,0.0
1-20,SAR_GN,raw,1,0,0.0,0.0
1-20,SAR_GN,raw,2,0,0.0,0.0
1-20,SAR_GN,raw,3,6,1.5290024578571317,2.0
1-20,SAR_GN,raw,4,85,26.319960236549377,18.0
1-20,SAR_GN,raw,5,271,100.31878179311751,67.0
1-20,SAR_GN,raw,6,425,184.9864141047001,124.99999999999999
1-20,SAR_GN,raw,7,724,363.4200323522091,265.0
1-20,SAR_GN,raw,8,807,457.64656233787537,347.0
1-20,SAR_GN,raw,9,821,520.1021244525909,385.0
1-20,SAR_GN,raw,10,817,572.3917786478996,439.0
1-20,SAR_GN,raw,11,966,740.1877561807632,549.0
1-20,SAR_GN,raw,12,1172,978.7878025770187,787.0
1-20,SAR_GN,raw,13,1735,1566.5599303245544,1326.0
1-20,SAR_GN,raw,14,15531,15349.889419019222,14851.0
1-20,SAR_GN,source_temperature,0,0,0.0,0.0
1-20,SAR_GN,source_temperature,1,0,0.0,0.0
1-20,SAR_GN,source_temperature,2,0,0.0,0.0
1-20,SAR_GN,source_temperature,3,33,8.240950955575814,8.0
1-20,SAR_GN,source_temperature,4,273,83.59381394116419,60.99999999999999
1-20,SAR_GN,source_temperature,5,544,200.6969995319609,151.0
1-20,SAR_GN,source_temperature,6,829,361.0246410797115,292.0
1-20,SAR_GN,source_temperature,7,1097,548.3528703371113,472.0
1-20,SAR_GN,source_temperature,8,1091,616.8049116544121,571.0
1-20,SAR_GN,source_temperature,9,1067,675.3555626965311,589.0
1-20,SAR_GN,source_temperature,10,1204,842.3749644253357,797.0
1-20,SAR_GN,source_temperature,11,1248,957.9838333998265,943.0
1-20,SAR_GN,source_temperature,12,1792,1497.5082485489904,1475.0
1-20,SAR_GN,source_temperature,13,2882,2605.892646014084,2600.0
1-20,SAR_GN,source_temperature,14,11300,10997.357389162247,11202.0
1-20,T3A,raw,0,0,0.0,0.0
1-20,T3A,raw,1,0,0.0,0.0
1-20,T3A,raw,2,0,0.0,0.0
1-20,T3A,raw,3,110,27.469675004482266,26.0
1-20,T3A,raw,4,604,185.22023648023605,187.0
1-20,T3A,raw,5,1202,443.7926334440708,534.0
1-20,T3A,raw,6,1534,665.638038098812,851.0
1-20,T3A,raw,7,1673,836.2520363032818,1037.0
1-20,T3A,raw,8,1650,935.6242717504501,1278.0
1-20,T3A,raw,9,1753,1111.1972523331642,1494.0
1-20,T3A,raw,10,2103,1473.794902920723,1900.0
1-20,T3A,raw,11,2490,1910.5937613248825,2358.0
1-20,T3A,raw,12,2739,2284.584620475769,2690.0
1-20,T3A,raw,13,4277,3861.050105214119,4263.0
1-20,T3A,raw,14,3225,3072.427161872387,3225.0
1-20,T3A,source_temperature,0,0,0.0,0.0
1-20,T3A,source_temperature,1,0,0.0,0.0
1-20,T3A,source_temperature,2,0,0.0,0.0
1-20,T3A,source_temperature,3,12,2.9984098072715843,3.0
1-20,T3A,source_temperature,4,181,55.29181342040587,45.0
1-20,T3A,source_temperature,5,481,178.5447920160044,159.0
1-20,T3A,source_temperature,6,799,347.905463483935,338.0
1-20,T3A,source_temperature,7,1186,594.8528737338278,587.0
1-20,T3A,source_temperature,8,1066,603.1377488544125,606.0
1-20,T3A,source_temperature,9,1135,719.4071753194204,701.0
1-20,T3A,source_temperature,10,1178,823.9334769467977,851.0
1-20,T3A,source_temperature,11,1415,1086.9660860946642,1161.0
1-20,T3A,source_temperature,12,1982,1655.2320890543747,1739.0
1-20,T3A,source_temperature,13,3301,2983.5208498781813,3090.0
1-20,T3A,source_temperature,14,10624,10375.220817715945,10563.0
13-14,EMB_STD,raw,0,0,0.0,0.0
13-14,EMB_STD,raw,1,0,0.0,0.0
13-14,EMB_STD,raw,2,0,0.0,0.0
13-14,EMB_STD,raw,3,6,1.54055318236351,2.0
13-14,EMB_STD,raw,4,134,42.27216222882271,20.999999999999996
13-14,EMB_STD,raw,5,528,193.517453700304,165.99999999999997
13-14,EMB_STD,raw,6,496,214.83289110660553,169.0
13-14,EMB_STD,raw,7,740,371.44069132208824,272.0
13-14,EMB_STD,raw,8,707,399.15256756544113,283.99999999999994
13-14,EMB_STD,raw,9,680,430.7592952847481,288.0
13-14,EMB_STD,raw,10,707,495.6350212097168,321.0
13-14,EMB_STD,raw,11,900,691.7267454266548,411.0
13-14,EMB_STD,raw,12,1046,871.4849163889885,528.0
13-14,EMB_STD,raw,13,1397,1261.6325910687447,849.0
13-14,EMB_STD,raw,14,15299,15174.952206969261,14138.0
13-14,EMB_STD,source_temperature,0,0,0.0,0.0
13-14,EMB_STD,source_temperature,1,0,0.0,0.0
13-14,EMB_STD,source_temperature,2,0,0.0,0.0
13-14,EMB_STD,source_temperature,3,40,10.17062796280823,7.0
13-14,EMB_STD,source_temperature,4,656,199.1338371462755,185.0
13-14,EMB_STD,source_temperature,5,666,244.81767870494923,237.99999999999997
13-14,EMB_STD,source_temperature,6,828,358.85838451754057,316.0
13-14,EMB_STD,source_temperature,7,1023,513.491447700658,408.99999999999994
13-14,EMB_STD,source_temperature,8,1152,651.3452700169474,477.0
13-14,EMB_STD,source_temperature,9,948,598.9472179468505,482.0
13-14,EMB_STD,source_temperature,10,1001,701.9186840075165,526.0
13-14,EMB_STD,source_temperature,11,1094,840.7030340544961,666.0
13-14,EMB_STD,source_temperature,12,1306,1089.8231300089296,893.0
13-14,EMB_STD,source_temperature,13,2249,2035.7901703677378,1861.0
13-14,EMB_STD,source_temperature,14,11677,11408.9705158272,11389.0
13-14,P0,raw,0,0,0.0,0.0
13-14,P0,raw,1,0,0.0,0.0
13-14,P0,raw,2,0,0.0,0.0
13-14,P0,raw,3,5,1.2669703662395475,1.0
13-14,P0,raw,4,89,27.905338048934937,21.0
13-14,P0,raw,5,686,255.157457113266,199.99999999999997
13-14,P0,raw,6,917,395.63277482986445,263.0
13-14,P0,raw,7,840,419.4064342081547,305.0
13-14,P0,raw,8,842,477.3925869464874,318.0
13-14,P0,raw,9,918,581.6141961216927,346.0
13-14,P0,raw,10,858,600.805516242981,375.0
13-14,P0,raw,11,878,673.52469009161,409.0
13-14,P0,raw,12,1076,898.6965436935425,555.0
13-14,P0,raw,13,1443,1303.601108789444,826.0
13-14,P0,raw,14,14088,13957.410191833973,13236.0
13-14,P0,source_temperature,0,0,0.0,0.0
13-14,P0,source_temperature,1,0,0.0,0.0
13-14,P0,source_temperature,2,0,0.0,0.0
13-14,P0,source_temperature,3,22,5.553123068171572,3.0
13-14,P0,source_temperature,4,600,187.24592532900957,167.0
13-14,P0,source_temperature,5,1163,423.21831773879296,339.0
13-14,P0,source_temperature,6,1101,477.9060131901352,417.0
13-14,P0,source_temperature,7,1147,572.7663556751594,442.0
13-14,P0,source_temperature,8,1061,600.1702879649822,419.0
13-14,P0,source_temperature,9,1013,642.0867728853485,479.0
13-14,P0,source_temperature,10,987,691.3364396293784,508.0
13-14,P0,source_temperature,11,1060,814.4724100291232,597.0
13-14,P0,source_temperature,12,1285,1071.8584023688013,810.0
13-14,P0,source_temperature,13,1997,1805.1780727627183,1617.0
13-14,P0,source_temperature,14,11204,10961.25905058832,11057.0
13-14,P2,raw,0,0,0.0,0.0
13-14,P2,raw,1,0,0.0,0.0
13-14,P2,raw,2,0,0.0,0.0
13-14,P2,raw,3,6,1.5169868171215053,1.0
13-14,P2,raw,4,686,215.10383474826813,210.0
13-14,P2,raw,5,821,298.3542283773422,267.99999999999994
13-14,P2,raw,6,551,238.84602770209312,189.0
13-14,P2,raw,7,731,366.81929871439934,287.0
13-14,P2,raw,8,676,383.1606301665306,264.0
13-14,P2,raw,9,676,428.5692603588104,278.0
13-14,P2,raw,10,724,507.7250112295151,310.0
13-14,P2,raw,11,724,556.1168885231018,344.0
13-14,P2,raw,12,899,750.0534707903862,439.0
13-14,P2,raw,13,1221,1103.006434082985,669.0
13-14,P2,raw,14,14925,14823.969388127327,13477.0
13-14,P2,source_temperature,0,0,0.0,0.0
13-14,P2,source_temperature,1,0,0.0,0.0
13-14,P2,source_temperature,2,1,0.1971236070520882,0.0
13-14,P2,source_temperature,3,633,160.5301607120001,196.0
13-14,P2,source_temperature,4,1132,330.49544349971336,372.0
13-14,P2,source_temperature,5,844,310.94932289097346,316.99999999999994
13-14,P2,source_temperature,6,1039,451.1343074259131,406.0
13-14,P2,source_temperature,7,1064,531.7121608937509,452.99999999999994
13-14,P2,source_temperature,8,1054,596.4237557271751,484.0
13-14,P2,source_temperature,9,985,623.833623899314,479.0
13-14,P2,source_temperature,10,930,650.8796960361541,510.0
13-14,P2,source_temperature,11,1048,804.5998070431518,615.0
13-14,P2,source_temperature,12,1307,1091.7757331389078,900.0
13-14,P2,source_temperature,13,2633,2385.6090416284974,2272.0
13-14,P2,source_temperature,14,9970,9711.123424580534,9732.0
13-14,SAR_GN,raw,0,0,0.0,0.0
13-14,SAR_GN,raw,1,0,0.0,0.0
13-14,SAR_GN,raw,2,0,0.0,0.0
13-14,SAR_GN,raw,3,5,1.2669703662395475,1.0
13-14,SAR_GN,raw,4,89,27.905338048934937,21.0
13-14,SAR_GN,raw,5,686,255.157457113266,199.99999999999997
13-14,SAR_GN,raw,6,917,395.63277482986445,263.0
13-14,SAR_GN,raw,7,840,419.4064342081547,305.0
13-14,SAR_GN,raw,8,842,477.3925869464874,318.0
13-14,SAR_GN,raw,9,918,581.6141961216927,346.0
13-14,SAR_GN,raw,10,858,600.805516242981,375.0
13-14,SAR_GN,raw,11,878,673.52469009161,409.0
13-14,SAR_GN,raw,12,1076,898.6965436935425,555.0
13-14,SAR_GN,raw,13,1443,1303.601108789444,826.0
13-14,SAR_GN,raw,14,14088,13957.410191833973,13236.0
13-14,SAR_GN,source_temperature,0,0,0.0,0.0
13-14,SAR_GN,source_temperature,1,0,0.0,0.0
13-14,SAR_GN,source_temperature,2,0,0.0,0.0
13-14,SAR_GN,source_temperature,3,22,5.553123068171572,3.0
13-14,SAR_GN,source_temperature,4,600,187.24592532900957,167.0
13-14,SAR_GN,source_temperature,5,1163,423.21831773879296,339.0
13-14,SAR_GN,source_temperature,6,1101,477.9060131901352,417.0
13-14,SAR_GN,source_temperature,7,1147,572.7663556751594,442.0
13-14,SAR_GN,source_temperature,8,1061,600.1702879649822,419.0
13-14,SAR_GN,source_temperature,9,1013,642.0867728853485,479.0
13-14,SAR_GN,source_temperature,10,987,691.3364396293784,508.0
13-14,SAR_GN,source_temperature,11,1060,814.4724100291232,597.0
13-14,SAR_GN,source_temperature,12,1285,1071.8584023688013,810.0
13-14,SAR_GN,source_temperature,13,1997,1805.1780727627183,1617.0
13-14,SAR_GN,source_temperature,14,11204,10961.25905058832,11057.0
13-14,T3A,raw,0,0,0.0,0.0
13-14,T3A,raw,1,0,0.0,0.0
13-14,T3A,raw,2,0,0.0,0.0
13-14,T3A,raw,3,63,15.90388211607933,15.999999999999998
13-14,T3A,raw,4,959,294.3436670005321,389.0
13-14,T3A,raw,5,2013,739.7525194287299,852.0
13-14,T3A,raw,6,1833,796.2736911475658,918.0
13-14,T3A,raw,7,1654,824.563325792551,932.0
13-14,T3A,raw,8,1428,808.8826654553413,917.0
13-14,T3A,raw,9,1371,868.474800825119,1053.0
13-14,T3A,raw,10,1683,1180.789991080761,1511.0
13-14,T3A,raw,11,2451,1884.7898931503296,2347.0
13-14,T3A,raw,12,3594,3000.745620250702,3515.0
13-14,T3A,raw,13,4070,3656.628185272217,4038.0
13-14,T3A,raw,14,1521,1449.5475284457207,1518.0
13-14,T3A,source_temperature,0,0,0.0,0.0
13-14,T3A,source_temperature,1,0,0.0,0.0
13-14,T3A,source_temperature,2,0,0.0,0.0
13-14,T3A,source_temperature,3,7,1.7324261577992863,0.0
13-14,T3A,source_temperature,4,195,61.476311450525195,60.99999999999999
13-14,T3A,source_temperature,5,769,284.2573309548533,303.0
13-14,T3A,source_temperature,6,1514,657.6549773592002,578.0
13-14,T3A,source_temperature,7,1327,664.1523217087097,615.0
13-14,T3A,source_temperature,8,1210,687.498689190099,620.0
13-14,T3A,source_temperature,9,1125,711.2507910651384,642.0
13-14,T3A,source_temperature,10,1137,796.5406922400114,715.0
13-14,T3A,source_temperature,11,1141,875.3711020388822,789.0
13-14,T3A,source_temperature,12,1404,1173.7125441758826,1158.0
13-14,T3A,source_temperature,13,2808,2543.5052846672847,2649.0
13-14,T3A,source_temperature,14,10003,9711.897941148885,9876.0
13-7,EMB_STD,raw,0,0,0.0,0.0
13-7,EMB_STD,raw,1,0,0.0,0.0
13-7,EMB_STD,raw,2,0,0.0,0.0
13-7,EMB_STD,raw,3,6,1.5153805315494533,1.0
13-7,EMB_STD,raw,4,128,40.322243720293045,29.999999999999996
13-7,EMB_STD,raw,5,492,182.10369339585304,133.0
13-7,EMB_STD,raw,6,478,206.91491439938542,150.0
13-7,EMB_STD,raw,7,688,345.39513286948204,246.0
13-7,EMB_STD,raw,8,846,479.75813913345337,299.0
13-7,EMB_STD,raw,9,623,392.24006617069244,259.0
13-7,EMB_STD,raw,10,482,336.416504740715,246.99999999999997
13-7,EMB_STD,raw,11,557,427.812748670578,308.0
13-7,EMB_STD,raw,12,677,565.9620937108994,420.0
13-7,EMB_STD,raw,13,1069,966.3330637216568,746.0
13-7,EMB_STD,raw,14,17314,17213.362942278385,16465.0
13-7,EMB_STD,source_temperature,0,0,0.0,0.0
13-7,EMB_STD,source_temperature,1,0,0.0,0.0
13-7,EMB_STD,source_temperature,2,0,0.0,0.0
13-7,EMB_STD,source_temperature,3,104,26.22732271499278,24.999999999999996
13-7,EMB_STD,source_temperature,4,889,271.9001805028308,239.99999999999994
13-7,EMB_STD,source_temperature,5,1039,380.04606477272193,332.99999999999994
13-7,EMB_STD,source_temperature,6,847,362.9016184066161,312.0
13-7,EMB_STD,source_temperature,7,766,383.8766078753505,391.0
13-7,EMB_STD,source_temperature,8,727,412.0423431001827,386.0
13-7,EMB_STD,source_temperature,9,760,481.7214388035898,490.0
13-7,EMB_STD,source_temperature,10,809,566.39812225228,579.0
13-7,EMB_STD,source_temperature,11,999,766.568106392495,765.0
13-7,EMB_STD,source_temperature,12,1343,1122.6034532477536,1112.0
13-7,EMB_STD,source_temperature,13,2498,2263.4670981306463,2300.0
13-7,EMB_STD,source_temperature,14,12579,12293.322321263186,12371.0
13-7,P0,raw,0,0,0.0,0.0
13-7,P0,raw,1,0,0.0,0.0
13-7,P0,raw,2,0,0.0,0.0
13-7,P0,raw,3,2,0.5035665333271027,2.0
13-7,P0,raw,4,141,44.702770918607705,33.0
13-7,P0,raw,5,798,295.03216826915735,225.0
13-7,P0,raw,6,714,308.75532534718513,211.0
13-7,P0,raw,7,777,390.149346023798,265.0
13-7,P0,raw,8,662,373.19198673963547,272.0
13-7,P0,raw,9,502,317.88727140426636,241.99999999999997
13-7,P0,raw,10,586,411.0044216513634,339.0
13-7,P0,raw,11,587,451.0629074573517,366.0
13-7,P0,raw,12,801,669.0073220133781,535.0
13-7,P0,raw,13,1205,1088.3016864061356,891.0
13-7,P0,raw,14,16585,16464.64937353134,15894.0
13-7,P0,source_temperature,0,0,0.0,0.0
13-7,P0,source_temperature,1,0,0.0,0.0
13-7,P0,source_temperature,2,0,0.0,0.0
13-7,P0,source_temperature,3,120,30.659508711954842,34.99999999999999
13-7,P0,source_temperature,4,1080,328.77130993998617,285.0
13-7,P0,source_temperature,5,1135,414.5779790251488,357.0
13-7,P0,source_temperature,6,678,292.83386921445634,279.0
13-7,P0,source_temperature,7,779,390.197771660815,392.0
13-7,P0,source_temperature,8,783,443.60575227285887,438.0
13-7,P0,source_temperature,9,824,522.3556310888929,553.0
13-7,P0,source_temperature,10,824,576.1704793018632,587.0
13-7,P0,source_temperature,11,1046,802.7413950862247,823.0
13-7,P0,source_temperature,12,1383,1156.059427645012,1181.0
13-7,P0,source_temperature,13,2642,2390.924033016873,2455.0
13-7,P0,source_temperature,14,12066,11785.034465856952,11890.0
13-7,P2,raw,0,0,0.0,0.0
13-7,P2,raw,1,0,0.0,0.0
13-7,P2,raw,2,0,0.0,0.0
13-7,P2,raw,3,22,5.68093679845333,2.9999999999999996
13-7,P2,raw,4,500,154.12347260117528,133.0
13-7,P2,raw,5,671,244.9870835840702,179.99999999999997
13-7,P2,raw,6,717,312.09844452142715,203.99999999999997
13-7,P2,raw,7,618,307.83834874629974,215.0
13-7,P2,raw,8,512,290.60688561201096,198.0
13-7,P2,raw,9,447,282.4943736195564,216.0
13-7,P2,raw,10,456,320.2181894183159,217.0
13-7,P2,raw,11,510,390.50705766677856,270.0
13-7,P2,raw,12,661,551.6455923914909,350.0
13-7,P2,raw,13,947,855.2112146019936,594.0
13-7,P2,raw,14,17299,17214.618645191193,16383.0
13-7,P2,source_temperature,0,0,0.0,0.0
13-7,P2,source_temperature,1,0,0.0,0.0
13-7,P2,source_temperature,2,1,0.197647593221979,0.0
13-7,P2,source_temperature,3,1097,267.1691168960646,298.99999999999994
13-7,P2,source_temperature,4,1103,329.5148975655601,288.0
13-7,P2,source_temperature,5,663,243.28693542326192,265.0
13-7,P2,source_temperature,6,822,356.6455681221849,399.0
13-7,P2,source_temperature,7,898,449.3889689314164,451.0
13-7,P2,source_temperature,8,803,454.96204036057736,454.0
13-7,P2,source_temperature,9,801,507.4179196582637,511.0
13-7,P2,source_temperature,10,872,610.4334051868724,630.0
13-7,P2,source_temperature,11,1048,805.3658298596857,815.0
13-7,P2,source_temperature,12,1349,1127.2864679789102,1144.0
13-7,P2,source_temperature,13,2662,2410.0307053146607,2507.0
13-7,P2,source_temperature,14,11241,10959.201013534312,11200.0
13-7,SAR_GN,raw,0,0,0.0,0.0
13-7,SAR_GN,raw,1,0,0.0,0.0
13-7,SAR_GN,raw,2,0,0.0,0.0
13-7,SAR_GN,raw,3,2,0.5035665333271027,2.0
13-7,SAR_GN,raw,4,141,44.702770918607705,33.0
13-7,SAR_GN,raw,5,798,295.03216826915735,225.0
13-7,SAR_GN,raw,6,714,308.75532534718513,211.0
13-7,SAR_GN,raw,7,777,390.149346023798,265.0
13-7,SAR_GN,raw,8,662,373.19198673963547,272.0
13-7,SAR_GN,raw,9,502,317.88727140426636,241.99999999999997
13-7,SAR_GN,raw,10,586,411.0044216513634,339.0
13-7,SAR_GN,raw,11,587,451.0629074573517,366.0
13-7,SAR_GN,raw,12,801,669.0073220133781,535.0
13-7,SAR_GN,raw,13,1205,1088.3016864061356,891.0
13-7,SAR_GN,raw,14,16585,16464.64937353134,15894.0
13-7,SAR_GN,source_temperature,0,0,0.0,0.0
13-7,SAR_GN,source_temperature,1,0,0.0,0.0
13-7,SAR_GN,source_temperature,2,0,0.0,0.0
13-7,SAR_GN,source_temperature,3,120,30.657436314863464,34.99999999999999
13-7,SAR_GN,source_temperature,4,1080,328.76143488632175,285.0
13-7,SAR_GN,source_temperature,5,1135,414.5710171447063,357.0
13-7,SAR_GN,source_temperature,6,678,292.8207068344831,279.0
13-7,SAR_GN,source_temperature,7,779,390.1831251892974,392.0
13-7,SAR_GN,source_temperature,8,784,444.1881301928122,439.0
13-7,SAR_GN,source_temperature,9,823,521.732947387535,552.0
13-7,SAR_GN,source_temperature,10,825,576.8802046470214,588.0
13-7,SAR_GN,source_temperature,11,1045,801.9778053202278,822.0
13-7,SAR_GN,source_temperature,12,1384,1156.8890614880233,1182.0
13-7,SAR_GN,source_temperature,13,2643,2391.851050015616,2456.0
13-7,SAR_GN,source_temperature,14,12064,11783.11323994634,11888.0
13-7,T3A,raw,0,0,0.0,0.0
13-7,T3A,raw,1,0,0.0,0.0
13-7,T3A,raw,2,0,0.0,0.0
13-7,T3A,raw,3,85,21.076453596353527,17.999999999999996
13-7,T3A,raw,4,731,221.41349276900291,199.0
13-7,T3A,raw,5,984,360.4685624241829,367.99999999999994
13-7,T3A,raw,6,916,397.53310573101044,439.0
13-7,T3A,raw,7,1036,518.3250854313374,534.0
13-7,T3A,raw,8,1490,846.8758280277252,744.0
13-7,T3A,raw,9,1236,783.9153422117233,701.0
13-7,T3A,raw,10,1115,780.5817469358444,866.0
13-7,T3A,raw,11,1402,1078.0041068792343,1241.0
13-7,T3A,raw,12,2629,2200.843535900116,2518.0
13-7,T3A,raw,13,5624,5089.957548260689,5489.0
13-7,T3A,raw,14,6112,5853.596626281738,5968.0
13-7,T3A,source_temperature,0,0,0.0,0.0
13-7,T3A,source_temperature,1,0,0.0,0.0
13-7,T3A,source_temperature,2,0,0.0,0.0
13-7,T3A,source_temperature,3,19,4.7446003789891655,3.0
13-7,T3A,source_temperature,4,361,111.72683413092368,91.99999999999999
13-7,T3A,source_temperature,5,514,188.56763032937616,156.0
13-7,T3A,source_temperature,6,761,328.90614335909305,267.0
13-7,T3A,source_temperature,7,818,408.915345156297,405.0
13-7,T3A,source_temperature,8,710,401.79034894308774,350.0
13-7,T3A,source_temperature,9,713,452.2839662570634,384.0
13-7,T3A,source_temperature,10,990,694.809521217586,554.0
13-7,T3A,source_temperature,11,1531,1172.0150788704927,741.0
13-7,T3A,source_temperature,12,1127,939.9522549382771,877.0
13-7,T3A,source_temperature,13,2138,1935.7811272001193,1922.0000000000002
13-7,T3A,source_temperature,14,13678,13401.501721170476,13334.0
14-7,EMB_STD,raw,0,0,0.0,0.0
14-7,EMB_STD,raw,1,0,0.0,0.0
14-7,EMB_STD,raw,2,0,0.0,0.0
14-7,EMB_STD,raw,3,0,0.0,0.0
14-7,EMB_STD,raw,4,10,3.117986261844635,3.0
14-7,EMB_STD,raw,5,44,16.50134429335594,11.999999999999998
14-7,EMB_STD,raw,6,113,49.57760211825371,42.0
14-7,EMB_STD,raw,7,337,170.5441151857376,150.0
14-7,EMB_STD,raw,8,427,241.84681379795074,246.0
14-7,EMB_STD,raw,9,477,301.86696141958237,281.0
14-7,EMB_STD,raw,10,465,326.2674640417099,285.0
14-7,EMB_STD,raw,11,572,438.91301876306534,385.0
14-7,EMB_STD,raw,12,771,644.3835708498955,527.0
14-7,EMB_STD,raw,13,1171,1059.2526410222054,913.0
14-7,EMB_STD,raw,14,18973,18837.056017160416,18463.0
14-7,EMB_STD,source_temperature,0,0,0.0,0.0
14-7,EMB_STD,source_temperature,1,0,0.0,0.0
14-7,EMB_STD,source_temperature,2,0,0.0,0.0
14-7,EMB_STD,source_temperature,3,5,1.2444310359888957,0.0
14-7,EMB_STD,source_temperature,4,72,22.25235360407572,22.0
14-7,EMB_STD,source_temperature,5,210,77.88060156616504,82.99999999999999
14-7,EMB_STD,source_temperature,6,488,212.59478158760356,255.0
14-7,EMB_STD,source_temperature,7,787,394.1521629092716,468.0
14-7,EMB_STD,source_temperature,8,846,479.0020453322477,534.0
14-7,EMB_STD,source_temperature,9,905,573.7603552557936,638.0
14-7,EMB_STD,source_temperature,10,1002,702.3431351641567,777.0
14-7,EMB_STD,source_temperature,11,1252,963.0144763190326,1077.0
14-7,EMB_STD,source_temperature,12,2019,1687.5739008160522,1865.0
14-7,EMB_STD,source_temperature,13,3948,3572.57871043575,3811.0
14-7,EMB_STD,source_temperature,14,11826,11458.845937330621,11777.0
14-7,P0,raw,0,0,0.0,0.0
14-7,P0,raw,1,0,0.0,0.0
14-7,P0,raw,2,0,0.0,0.0
14-7,P0,raw,3,1,0.2326383143663406,0.0
14-7,P0,raw,4,14,4.4376305639743805,4.0
14-7,P0,raw,5,61,22.52961102128029,19.0
14-7,P0,raw,6,138,60.39048081636429,46.99999999999999
14-7,P0,raw,7,436,220.81745207309723,202.0
14-7,P0,raw,8,557,316.07833075523376,246.0
14-7,P0,raw,9,567,359.39369851350784,314.0
14-7,P0,raw,10,588,412.1220080256462,347.0
14-7,P0,raw,11,712,547.0206633210182,457.0
14-7,P0,raw,12,966,807.3739855289459,666.0
14-7,P0,raw,13,1458,1317.8848826885223,1105.0
14-7,P0,raw,14,17862,17712.71202582121,17020.0
14-7,P0,source_temperature,0,0,0.0,0.0
14-7,P0,source_temperature,1,0,0.0,0.0
14-7,P0,source_temperature,2,0,0.0,0.0
14-7,P0,source_temperature,3,8,2.0073844482407757,1.0
14-7,P0,source_temperature,4,89,27.39871955524989,26.0
14-7,P0,source_temperature,5,254,94.44319693777867,95.0
14-7,P0,source_temperature,6,536,234.61151983028293,231.0
14-7,P0,source_temperature,7,928,463.63693876100626,504.0
14-7,P0,source_temperature,8,967,548.2125502505346,589.0
14-7,P0,source_temperature,9,1017,645.5330752478798,683.0
14-7,P0,source_temperature,10,1216,852.3678096222476,890.0
14-7,P0,source_temperature,11,1344,1034.1733319429957,1094.0
14-7,P0,source_temperature,12,1888,1578.9694774588115,1633.0
14-7,P0,source_temperature,13,3781,3420.50539549753,3522.0
14-7,P0,source_temperature,14,11332,10998.577872284137,11159.0
14-7,P2,raw,0,0,0.0,0.0
14-7,P2,raw,1,0,0.0,0.0
14-7,P2,raw,2,0,0.0,0.0
14-7,P2,raw,3,2,0.512740969657898,1.0
14-7,P2,raw,4,19,5.868989259004593,4.0
14-7,P2,raw,5,56,20.964840471744537,14.0
14-7,P2,raw,6,136,59.49765083193779,50.99999999999999
14-7,P2,raw,7,357,180.64720472693443,161.0
14-7,P2,raw,8,476,270.24316704273224,219.99999999999997
14-7,P2,raw,9,461,292.04767018556595,214.0
14-7,P2,raw,10,548,383.8170235157013,314.0
14-7,P2,raw,11,622,476.6120505928993,367.0
14-7,P2,raw,12,777,649.5037904381752,506.0
14-7,P2,raw,13,1326,1199.2459095716476,934.0
14-7,P2,raw,14,18580,18450.05669772625,17214.0
14-7,P2,source_temperature,0,0,0.0,0.0
14-7,P2,source_temperature,1,0,0.0,0.0
14-7,P2,source_temperature,2,0,0.0,0.0
14-7,P2,source_temperature,3,17,4.153086446741847,3.0
14-7,P2,source_temperature,4,92,27.89140341902926,22.999999999999996
14-7,P2,source_temperature,5,277,102.52495165445012,112.0
14-7,P2,source_temperature,6,491,214.3527931931697,212.99999999999997
14-7,P2,source_temperature,7,897,448.90493921704933,474.0
14-7,P2,source_temperature,8,890,504.1955726657342,535.0
14-7,P2,source_temperature,9,997,633.1595856306872,632.0
14-7,P2,source_temperature,10,1124,787.2428386922463,824.0
14-7,P2,source_temperature,11,1376,1057.293505612608,1092.0
14-7,P2,source_temperature,12,1947,1628.284380162103,1636.0
14-7,P2,source_temperature,13,3575,3234.146668947771,3194.0
14-7,P2,source_temperature,14,11677,11345.196099294508,11262.0
14-7,SAR_GN,raw,0,0,0.0,0.0
14-7,SAR_GN,raw,1,0,0.0,0.0
14-7,SAR_GN,raw,2,0,0.0,0.0
14-7,SAR_GN,raw,3,1,0.2326383143663406,0.0
14-7,SAR_GN,raw,4,14,4.4376305639743805,4.0
14-7,SAR_GN,raw,5,61,22.52961102128029,19.0
14-7,SAR_GN,raw,6,138,60.39048081636429,46.99999999999999
14-7,SAR_GN,raw,7,436,220.81745207309723,202.0
14-7,SAR_GN,raw,8,557,316.07833075523376,246.0
14-7,SAR_GN,raw,9,567,359.39369851350784,314.0
14-7,SAR_GN,raw,10,588,412.1220080256462,347.0
14-7,SAR_GN,raw,11,712,547.0206633210182,457.0
14-7,SAR_GN,raw,12,966,807.3739855289459,666.0
14-7,SAR_GN,raw,13,1458,1317.8848826885223,1105.0
14-7,SAR_GN,raw,14,17862,17712.71202582121,17020.0
14-7,SAR_GN,source_temperature,0,0,0.0,0.0
14-7,SAR_GN,source_temperature,1,0,0.0,0.0
14-7,SAR_GN,source_temperature,2,0,0.0,0.0
14-7,SAR_GN,source_temperature,3,8,2.0072946019313918,1.0
14-7,SAR_GN,source_temperature,4,89,27.398449076965306,26.0
14-7,SAR_GN,source_temperature,5,254,94.44181843467523,95.0
14-7,SAR_GN,source_temperature,6,536,234.60711858038138,231.0
14-7,SAR_GN,source_temperature,7,928,463.6269707068955,504.0
14-7,SAR_GN,source_temperature,8,967,548.1990952297608,589.0
14-7,SAR_GN,source_temperature,9,1018,646.1818388029251,684.0
14-7,SAR_GN,source_temperature,10,1215,851.6766006048392,889.0
14-7,SAR_GN,source_temperature,11,1344,1034.1490115384013,1094.0
14-7,SAR_GN,source_temperature,12,1888,1578.9367450949935,1633.0
14-7,SAR_GN,source_temperature,13,3782,3421.384470343722,3523.0
14-7,SAR_GN,source_temperature,14,11331,10997.567830442844,11158.0
14-7,T3A,raw,0,0,0.0,0.0
14-7,T3A,raw,1,0,0.0,0.0
14-7,T3A,raw,2,0,0.0,0.0
14-7,T3A,raw,3,13,3.2760747820138927,3.0
14-7,T3A,raw,4,107,32.843715846538544,35.0
14-7,T3A,raw,5,350,130.46723574399948,169.0
14-7,T3A,raw,6,780,341.5448390841484,426.0
14-7,T3A,raw,7,1021,510.38888958096504,649.0
14-7,T3A,raw,8,1121,636.5144429802895,832.0
14-7,T3A,raw,9,1295,821.038994371891,1073.0
14-7,T3A,raw,10,1624,1137.7046377658844,1461.0
14-7,T3A,raw,11,2247,1726.8895311951637,2111.0
14-7,T3A,raw,12,3504,2930.2985421419144,3440.0
14-7,T3A,raw,13,6214,5608.662454068661,6176.0
14-7,T3A,raw,14,5084,4877.29601675272,5080.0
14-7,T3A,source_temperature,0,0,0.0,0.0
14-7,T3A,source_temperature,1,0,0.0,0.0
14-7,T3A,source_temperature,2,0,0.0,0.0
14-7,T3A,source_temperature,3,1,0.2523705331988257,0.0
14-7,T3A,source_temperature,4,53,16.43473457966011,17.0
14-7,T3A,source_temperature,5,140,52.069737798059215,61.99999999999999
14-7,T3A,source_temperature,6,349,152.87978498311318,170.0
14-7,T3A,source_temperature,7,725,363.93504997014077,392.0
14-7,T3A,source_temperature,8,746,423.51828008785265,459.0
14-7,T3A,source_temperature,9,804,509.9310028684131,577.0
14-7,T3A,source_temperature,10,935,655.4193075509455,734.0
14-7,T3A,source_temperature,11,1236,950.1608488587173,1049.0
14-7,T3A,source_temperature,12,1781,1490.698520116794,1607.0
14-7,T3A,source_temperature,13,3478,3146.5913083833907,3347.0
14-7,T3A,source_temperature,14,13112,12782.50531125808,13041.0
18-19,EMB_STD,raw,0,0,0.0,0.0
18-19,EMB_STD,raw,1,0,0.0,0.0
18-19,EMB_STD,raw,2,0,0.0,0.0
18-19,EMB_STD,raw,3,3,0.7246057093143462,0.0
18-19,EMB_STD,raw,4,59,18.36493057012558,12.999999999999998
18-19,EMB_STD,raw,5,218,81.43708971142769,74.99999999999999
18-19,EMB_STD,raw,6,385,167.85028409957886,126.99999999999999
18-19,EMB_STD,raw,7,564,283.88924783468246,192.99999999999997
18-19,EMB_STD,raw,8,647,366.15623784065247,269.0
18-19,EMB_STD,raw,9,749,472.92485707998276,310.0
18-19,EMB_STD,raw,10,707,494.43343275785446,345.0
18-19,EMB_STD,raw,11,749,574.3103968501091,406.0
18-19,EMB_STD,raw,12,874,728.548762023449,509.0
18-19,EMB_STD,raw,13,1373,1239.4654512405396,921.0
18-19,EMB_STD,raw,14,17032,16901.675499022007,16189.0
18-19,EMB_STD,source_temperature,0,0,0.0,0.0
18-19,EMB_STD,source_temperature,1,0,0.0,0.0
18-19,EMB_STD,source_temperature,2,0,0.0,0.0
18-19,EMB_STD,source_temperature,3,34,8.526385474182515,3.999999999999999
18-19,EMB_STD,source_temperature,4,289,88.40470569671864,93.0
18-19,EMB_STD,source_temperature,5,598,220.40340914320393,202.0
18-19,EMB_STD,source_temperature,6,794,346.62370809017733,286.0
18-19,EMB_STD,source_temperature,7,1068,534.5083871071752,441.0
18-19,EMB_STD,source_temperature,8,927,525.7516485386195,466.0
18-19,EMB_STD,source_temperature,9,885,561.3047988700312,507.0
18-19,EMB_STD,source_temperature,10,921,644.7886958903332,592.0
18-19,EMB_STD,source_temperature,11,1083,830.9875344008187,766.0
18-19,EMB_STD,source_temperature,12,1518,1268.453519512207,1236.0
18-19,EMB_STD,source_temperature,13,2507,2268.2217903097694,2255.0
18-19,EMB_STD,source_temperature,14,12736,12447.23357783476,12509.0
18-19,P0,raw,0,0,0.0,0.0
18-19,P0,raw,1,0,0.0,0.0
18-19,P0,raw,2,0,0.0,0.0
18-19,P0,raw,3,15,3.725469231605529,3.0
18-19,P0,raw,4,140,43.19190967082977,43.0
18-19,P0,raw,5,402,149.1073336303234,133.0
18-19,P0,raw,6,560,243.87880647182465,195.99999999999997
18-19,P0,raw,7,774,387.73439729213715,291.0
18-19,P0,raw,8,811,459.2121533751488,336.0
18-19,P0,raw,9,713,451.3098995089531,332.0
18-19,P0,raw,10,784,549.5670610070229,397.0
18-19,P0,raw,11,868,665.6385442018509,481.0
18-19,P0,raw,12,1036,864.9595353603363,667.0
18-19,P0,raw,13,1545,1395.2683216929436,1138.0
18-19,P0,raw,14,15712,15561.709399461746,14977.0
18-19,P0,source_temperature,0,0,0.0,0.0
18-19,P0,source_temperature,1,0,0.0,0.0
18-19,P0,source_temperature,2,0,0.0,0.0
18-19,P0,source_temperature,3,72,17.803449563992597,18.999999999999996
18-19,P0,source_temperature,4,486,148.33418398587673,167.0
18-19,P0,source_temperature,5,701,257.65786621156946,247.99999999999997
18-19,P0,source_temperature,6,901,390.7255130923789,345.99999999999994
18-19,P0,source_temperature,7,1044,522.0438627819308,453.0
18-19,P0,source_temperature,8,990,560.8822043974648,485.0
18-19,P0,source_temperature,9,922,582.3777138474277,503.0
18-19,P0,source_temperature,10,1074,751.8708716579797,678.0
18-19,P0,source_temperature,11,1142,876.371398206565,836.0
18-19,P0,source_temperature,12,1520,1270.822939952196,1230.0
18-19,P0,source_temperature,13,2581,2334.705777648434,2282.0
18-19,P0,source_temperature,14,11927,11651.331909483295,11747.0
18-19,P2,raw,0,0,0.0,0.0
18-19,P2,raw,1,0,0.0,0.0
18-19,P2,raw,2,0,0.0,0.0
18-19,P2,raw,3,5,1.2290636748075483,1.0
18-19,P2,raw,4,104,32.753328502178185,20.999999999999993
18-19,P2,raw,5,380,139.72527658939362,142.0
18-19,P2,raw,6,515,223.25622600317,188.0
18-19,P2,raw,7,581,291.29660987854004,212.0
18-19,P2,raw,8,574,324.9656639099121,239.0
18-19,P2,raw,9,557,353.2593314051628,235.0
18-19,P2,raw,10,564,395.0488341450691,274.0
18-19,P2,raw,11,626,480.01715940237045,283.0
18-19,P2,raw,12,749,626.0951367616653,406.0
18-19,P2,raw,13,1143,1032.5681641101837,735.0
18-19,P2,raw,14,17562,17454.470493495464,16518.0
18-19,P2,source_temperature,0,0,0.0,0.0
18-19,P2,source_temperature,1,0,0.0,0.0
18-19,P2,source_temperature,2,1,0.1956997483483264,0.0
18-19,P2,source_temperature,3,182,45.47854786105291,54.0
18-19,P2,source_temperature,4,688,206.30344658656338,267.0
18-19,P2,source_temperature,5,790,290.532904197762,277.0
18-19,P2,source_temperature,6,871,377.57205330183405,352.99999999999994
18-19,P2,source_temperature,7,940,469.21519778254014,402.99999999999994
18-19,P2,source_temperature,8,852,483.70553530637545,417.99999999999994
18-19,P2,source_temperature,9,830,526.2434874368059,478.0
18-19,P2,source_temperature,10,970,680.9481253285778,668.0
18-19,P2,source_temperature,11,1070,821.152109501325,811.0
18-19,P2,source_temperature,12,1433,1196.6896712008893,1160.0
18-19,P2,source_temperature,13,2563,2318.295903042311,2320.0
18-19,P2,source_temperature,14,12170,11900.724664481502,12045.0
18-19,SAR_GN,raw,0,0,0.0,0.0
18-19,SAR_GN,raw,1,0,0.0,0.0
18-19,SAR_GN,raw,2,0,0.0,0.0
18-19,SAR_GN,raw,3,14,3.4596664905548096,3.0
18-19,SAR_GN,raw,4,141,43.46335259079933,43.0
18-19,SAR_GN,raw,5,402,149.11161091923714,133.0
18-19,SAR_GN,raw,6,560,243.87929511070251,195.99999999999997
18-19,SAR_GN,raw,7,773,387.1958577334881,291.0
18-19,SAR_GN,raw,8,813,460.30448138713837,334.0
18-19,SAR_GN,raw,9,711,450.052956700325,334.0
18-19,SAR_GN,raw,10,785,550.2487194538116,395.0
18-19,SAR_GN,raw,11,866,664.0370669960976,481.0
18-19,SAR_GN,raw,12,1037,865.7298148274422,666.0
18-19,SAR_GN,raw,13,1547,1397.1172245144844,1142.0
18-19,SAR_GN,raw,14,15711,15560.835973083973,14976.0
18-19,SAR_GN,source_temperature,0,0,0.0,0.0
18-19,SAR_GN,source_temperature,1,0,0.0,0.0
18-19,SAR_GN,source_temperature,2,0,0.0,0.0
18-19,SAR_GN,source_temperature,3,72,17.805277794333676,18.999999999999996
18-19,SAR_GN,source_temperature,4,486,148.3407874678615,167.0
18-19,SAR_GN,source_temperature,5,700,257.26950550501715,247.0
18-19,SAR_GN,source_temperature,6,903,391.5805299201545,347.0
18-19,SAR_GN,source_temperature,7,1044,522.100496013564,453.0
18-19,SAR_GN,source_temperature,8,987,559.1415650281667,484.0
18-19,SAR_GN,source_temperature,9,924,583.6172485981183,503.0
18-19,SAR_GN,source_temperature,10,1072,750.4254067874772,678.0
18-19,SAR_GN,source_temperature,11,1140,874.6923691864529,833.0
18-19,SAR_GN,source_temperature,12,1522,1272.3458984962513,1232.0
18-19,SAR_GN,source_temperature,13,2581,2334.670207797297,2282.0
18-19,SAR_GN,source_temperature,14,11929,11653.277142258803,11749.0
18-19,T3A,raw,0,0,0.0,0.0
18-19,T3A,raw,1,0,0.0,0.0
18-19,T3A,raw,2,0,0.0,0.0
18-19,T3A,raw,3,124,30.47507011890411,27.999999999999996
18-19,T3A,raw,4,518,158.29798647761345,138.0
18-19,T3A,raw,5,987,363.7232816517353,324.0
18-19,T3A,raw,6,1260,548.1368650197983,554.0
18-19,T3A,raw,7,1428,713.8582497537135,782.0
18-19,T3A,raw,8,1549,878.1678910255432,1025.0
18-19,T3A,raw,9,1627,1032.0005937218666,1299.0
18-19,T3A,raw,10,1800,1261.2223353385925,1584.0
18-19,T3A,raw,11,2516,1934.6029744148254,2389.0
18-19,T3A,raw,12,3903,3261.0289395451546,3815.0
18-19,T3A,raw,13,5067,4568.532786667347,4982.0
18-19,T3A,raw,14,2581,2457.702734231949,2512.0
18-19,T3A,source_temperature,0,0,0.0,0.0
18-19,T3A,source_temperature,1,0,0.0,0.0
18-19,T3A,source_temperature,2,0,0.0,0.0
18-19,T3A,source_temperature,3,25,6.235683634729373,2.9999999999999996
18-19,T3A,source_temperature,4,143,43.68563595549208,34.0
18-19,T3A,source_temperature,5,348,128.86809487339204,94.0
18-19,T3A,source_temperature,6,653,283.87857700887514,207.99999999999997
18-19,T3A,source_temperature,7,828,414.365633017673,330.0
18-19,T3A,source_temperature,8,868,491.3234133552488,391.0
18-19,T3A,source_temperature,9,960,608.6173460222337,511.0
18-19,T3A,source_temperature,10,1127,790.1355562200768,678.0
18-19,T3A,source_temperature,11,1374,1055.6996938382895,989.0
18-19,T3A,source_temperature,12,1723,1438.9785547105128,1397.0
18-19,T3A,source_temperature,13,2974,2690.6585958764226,2737.0
18-19,T3A,source_temperature,14,12337,12046.001860681967,12060.0
18-2,EMB_STD,raw,0,0,0.0,0.0
18-2,EMB_STD,raw,1,0,0.0,0.0
18-2,EMB_STD,raw,2,0,0.0,0.0
18-2,EMB_STD,raw,3,1,0.2587717473506927,0.0
18-2,EMB_STD,raw,4,49,15.01768273115158,14.0
18-2,EMB_STD,raw,5,164,60.913324475288384,49.0
18-2,EMB_STD,raw,6,341,148.53650179505348,99.0
18-2,EMB_STD,raw,7,633,318.80930745601654,239.0
18-2,EMB_STD,raw,8,822,466.4867947101593,324.0
18-2,EMB_STD,raw,9,770,488.05427926778793,333.0
18-2,EMB_STD,raw,10,803,562.5170330405235,384.0
18-2,EMB_STD,raw,11,976,749.0630750656128,496.0
18-2,EMB_STD,raw,12,1155,964.6094830036163,728.0
18-2,EMB_STD,raw,13,1696,1531.0454296469688,1146.0
18-2,EMB_STD,raw,14,15950,15796.91143977642,14899.0
18-2,EMB_STD,source_temperature,0,0,0.0,0.0
18-2,EMB_STD,source_temperature,1,0,0.0,0.0
18-2,EMB_STD,source_temperature,2,0,0.0,0.0
18-2,EMB_STD,source_temperature,3,39,9.772314857089018,12.0
18-2,EMB_STD,source_temperature,4,265,80.89205900457237,76.0
18-2,EMB_STD,source_temperature,5,668,247.00904614808735,224.0
18-2,EMB_STD,source_temperature,6,950,414.37620979715564,349.0
18-2,EMB_STD,source_temperature,7,1284,642.07162136564,544.0
18-2,EMB_STD,source_temperature,8,1239,701.9664248577333,639.0
18-2,EMB_STD,source_temperature,9,1275,805.6618590077675,792.0
18-2,EMB_STD,source_temperature,10,1376,964.9661880141157,920.0
18-2,EMB_STD,source_temperature,11,1523,1169.788833248097,1146.0
18-2,EMB_STD,source_temperature,12,1918,1601.9692609979136,1618.0
18-2,EMB_STD,source_temperature,13,3715,3362.104158112342,3460.0
18-2,EMB_STD,source_temperature,14,9108,8827.535593161969,8931.0
18-2,P0,raw,0,0,0.0,0.0
18-2,P0,raw,1,0,0.0,0.0
18-2,P0,raw,2,0,0.0,0.0
18-2,P0,raw,3,2,0.5154693722724915,1.0
18-2,P0,raw,4,81,25.09029823541641,16.0
18-2,P0,raw,5,241,89.95964786410332,65.0
18-2,P0,raw,6,487,212.70027238130567,152.0
18-2,P0,raw,7,764,383.20487681031227,272.0
18-2,P0,raw,8,815,461.4526041150093,301.0
18-2,P0,raw,9,831,526.8639417886734,353.0
18-2,P0,raw,10,918,644.0859296917915,432.0
18-2,P0,raw,11,972,745.5245407819748,534.0
18-2,P0,raw,12,1222,1020.4553779363632,745.0
18-2,P0,raw,13,1835,1657.3601463437078,1304.0
18-2,P0,raw,14,15192,15011.19400447607,14260.0
18-2,P0,source_temperature,0,0,0.0,0.0
18-2,P0,source_temperature,1,0,0.0,0.0
18-2,P0,source_temperature,2,0,0.0,0.0
18-2,P0,source_temperature,3,60,15.223950495088284,13.0
18-2,P0,source_temperature,4,364,112.16686824930926,103.0
18-2,P0,source_temperature,5,796,293.07970094674846,252.99999999999997
18-2,P0,source_temperature,6,1046,454.6307774356795,363.0
18-2,P0,source_temperature,7,1290,645.7756013373086,550.0
18-2,P0,source_temperature,8,1319,746.6938092478265,657.0
18-2,P0,source_temperature,9,1242,786.9091021559542,743.0
18-2,P0,source_temperature,10,1321,925.2614241177055,893.0
18-2,P0,source_temperature,11,1585,1217.1125725122074,1230.0
18-2,P0,source_temperature,12,2259,1889.106180617903,1948.0
18-2,P0,source_temperature,13,4427,4005.475789610591,4186.0
18-2,P0,source_temperature,14,7651,7365.879500212568,7496.0
18-2,P2,raw,0,0,0.0,0.0
18-2,P2,raw,1,0,0.0,0.0
18-2,P2,raw,2,0,0.0,0.0
18-2,P2,raw,3,12,2.9436760097742076,1.0
18-2,P2,raw,4,86,26.432669132947918,31.0
18-2,P2,raw,5,227,83.42275738716125,75.0
18-2,P2,raw,6,362,157.6539662182331,125.99999999999999
18-2,P2,raw,7,556,279.8112698495388,207.0
18-2,P2,raw,8,599,339.54606848955154,230.0
18-2,P2,raw,9,607,385.06097316741943,270.0
18-2,P2,raw,10,636,445.993600666523,323.0
18-2,P2,raw,11,672,515.7178484201431,368.0
18-2,P2,raw,12,882,736.0440423488617,516.0
18-2,P2,raw,13,1390,1256.3014267086983,923.0
18-2,P2,raw,14,17331,17193.19077384472,16118.0
18-2,P2,source_temperature,0,0,0.0,0.0
18-2,P2,source_temperature,1,0,0.0,0.0
18-2,P2,source_temperature,2,2,0.3820043766032367,1.0
18-2,P2,source_temperature,3,149,36.51620951090681,49.99999999999999
18-2,P2,source_temperature,4,522,158.71966529971746,180.0
18-2,P2,source_temperature,5,846,311.1035150533925,316.0
18-2,P2,source_temperature,6,963,418.39518984612545,409.99999999999994
18-2,P2,source_temperature,7,1079,539.5734572539029,557.0
18-2,P2,source_temperature,8,1055,598.5795329444508,628.0
18-2,P2,source_temperature,9,1163,738.9514875162862,761.0
18-2,P2,source_temperature,10,1283,899.2263115312576,939.0
18-2,P2,source_temperature,11,1634,1255.583279022865,1319.0
18-2,P2,source_temperature,12,2136,1783.3984121359354,1870.0
18-2,P2,source_temperature,13,3754,3392.1810350712212,3523.0
18-2,P2,source_temperature,14,8774,8510.84721963653,8634.0
18-2,SAR_GN,raw,0,0,0.0,0.0
18-2,SAR_GN,raw,1,0,0.0,0.0
18-2,SAR_GN,raw,2,0,0.0,0.0
18-2,SAR_GN,raw,3,2,0.5154693722724915,1.0
18-2,SAR_GN,raw,4,81,25.09029823541641,16.0
18-2,SAR_GN,raw,5,241,89.95964786410332,65.0
18-2,SAR_GN,raw,6,487,212.70027238130567,152.0
18-2,SAR_GN,raw,7,764,383.20487681031227,272.0
18-2,SAR_GN,raw,8,815,461.4526041150093,301.0
18-2,SAR_GN,raw,9,831,526.8639417886734,353.0
18-2,SAR_GN,raw,10,918,644.0859296917915,432.0
18-2,SAR_GN,raw,11,972,745.5245407819748,534.0
18-2,SAR_GN,raw,12,1222,1020.4553779363632,745.0
18-2,SAR_GN,raw,13,1835,1657.3601463437078,1304.0
18-2,SAR_GN,raw,14,15192,15011.19400447607,14260.0
18-2,SAR_GN,source_temperature,0,0,0.0,0.0
18-2,SAR_GN,source_temperature,1,0,0.0,0.0
18-2,SAR_GN,source_temperature,2,0,0.0,0.0
18-2,SAR_GN,source_temperature,3,60,15.222986658850587,13.0
18-2,SAR_GN,source_temperature,4,365,112.4885589527252,103.0
18-2,SAR_GN,source_temperature,5,796,293.1082582698616,253.99999999999997
18-2,SAR_GN,source_temperature,6,1049,456.0285526297621,363.0
18-2,SAR_GN,source_temperature,7,1287,644.3454828463432,549.9999999999999
18-2,SAR_GN,source_temperature,8,1319,746.6393399267039,656.0
18-2,SAR_GN,source_temperature,9,1242,786.8474248847671,744.0
18-2,SAR_GN,source_temperature,10,1321,925.1878972450302,892.0
18-2,SAR_GN,source_temperature,11,1586,1217.8110718358948,1231.0
18-2,SAR_GN,source_temperature,12,2258,1888.1634201862553,1948.0
18-2,SAR_GN,source_temperature,13,4431,4008.9658302922917,4190.0
18-2,SAR_GN,source_temperature,14,7646,7360.887475117245,7491.0
18-2,T3A,raw,0,0,0.0,0.0
18-2,T3A,raw,1,0,0.0,0.0
18-2,T3A,raw,2,2,0.3950975984334944,1.0
18-2,T3A,raw,3,151,37.20312863588332,46.99999999999999
18-2,T3A,raw,4,593,181.01936838030815,193.99999999999997
18-2,T3A,raw,5,1169,430.4981583952903,444.0
18-2,T3A,raw,6,1441,624.9185612499714,611.9999999999999
18-2,T3A,raw,7,1531,765.3485182225704,834.0
18-2,T3A,raw,8,1522,864.5086690783501,1017.0
18-2,T3A,raw,9,1760,1116.8133480548859,1390.0
18-2,T3A,raw,10,2153,1510.3907660245895,1861.0
18-2,T3A,raw,11,2977,2285.0211935043335,2778.0
18-2,T3A,raw,12,3631,3030.501771748066,3449.0
18-2,T3A,raw,13,3719,3340.3539058566093,3628.0
18-2,T3A,raw,14,2711,2606.037198841572,2698.0
18-2,T3A,source_temperature,0,0,0.0,0.0
18-2,T3A,source_temperature,1,0,0.0,0.0
18-2,T3A,source_temperature,2,0,0.0,0.0
18-2,T3A,source_temperature,3,39,9.709565074758773,12.0
18-2,T3A,source_temperature,4,187,57.236951375754636,53.0
18-2,T3A,source_temperature,5,473,174.925332047793,143.0
18-2,T3A,source_temperature,6,845,368.52948464635824,321.0
18-2,T3A,source_temperature,7,1114,556.391539504665,456.99999999999994
18-2,T3A,source_temperature,8,1015,575.6036199460042,484.0
18-2,T3A,source_temperature,9,1054,667.7040929511332,576.0
18-2,T3A,source_temperature,10,1114,780.2162639195925,700.0
18-2,T3A,source_temperature,11,1402,1077.8206087464491,1043.0
18-2,T3A,source_temperature,12,2087,1744.840951425214,1736.0
18-2,T3A,source_temperature,13,3849,3480.058061629155,3523.0
18-2,T3A,source_temperature,14,10181,9901.625657853438,9905.0
19-1,EMB_STD,raw,0,0,0.0,0.0
19-1,EMB_STD,raw,1,0,0.0,0.0
19-1,EMB_STD,raw,2,0,0.0,0.0
19-1,EMB_STD,raw,3,3,0.7212692946195602,1.0
19-1,EMB_STD,raw,4,24,7.376720815896987,8.0
19-1,EMB_STD,raw,5,133,49.93825191259384,43.0
19-1,EMB_STD,raw,6,281,122.6610649228096,91.0
19-1,EMB_STD,raw,7,637,320.28850024938583,273.0
19-1,EMB_STD,raw,8,790,448.2536222934723,341.0
19-1,EMB_STD,raw,9,774,490.6370570063591,352.0
19-1,EMB_STD,raw,10,854,598.3950439095497,411.0
19-1,EMB_STD,raw,11,953,732.3849418759346,512.0
19-1,EMB_STD,raw,12,1191,993.9506906270981,704.0
19-1,EMB_STD,raw,13,1756,1583.7006004452708,1110.0
19-1,EMB_STD,raw,14,15964,15817.712593436241,14497.0
19-1,EMB_STD,source_temperature,0,0,0.0,0.0
19-1,EMB_STD,source_temperature,1,0,0.0,0.0
19-1,EMB_STD,source_temperature,2,0,0.0,0.0
19-1,EMB_STD,source_temperature,3,15,3.644057404924181,5.0
19-1,EMB_STD,source_temperature,4,147,45.56943476040756,43.0
19-1,EMB_STD,source_temperature,5,422,157.01463593172593,148.0
19-1,EMB_STD,source_temperature,6,742,323.8019841639332,292.0
19-1,EMB_STD,source_temperature,7,1266,633.1270769145433,581.0
19-1,EMB_STD,source_temperature,8,1213,688.1567953516653,608.0
19-1,EMB_STD,source_temperature,9,1279,809.8998896126814,698.0
19-1,EMB_STD,source_temperature,10,1355,949.7257770289012,833.0
19-1,EMB_STD,source_temperature,11,1408,1079.0465233329069,954.0
19-1,EMB_STD,source_temperature,12,1779,1485.3280610891686,1318.0
19-1,EMB_STD,source_temperature,13,3044,2752.684483990663,2513.0
19-1,EMB_STD,source_temperature,14,10690,10429.815020537702,10350.0
19-1,P0,raw,0,0,0.0,0.0
19-1,P0,raw,1,0,0.0,0.0
19-1,P0,raw,2,0,0.0,0.0
19-1,P0,raw,3,7,1.7522840797901154,2.0
19-1,P0,raw,4,44,13.436627388000488,12.0
19-1,P0,raw,5,152,56.244955122470856,43.0
19-1,P0,raw,6,312,136.62650826573372,100.99999999999999
19-1,P0,raw,7,719,361.7603143453598,298.0
19-1,P0,raw,8,834,472.3174719810486,389.0
19-1,P0,raw,9,879,555.8415307998657,453.0
19-1,P0,raw,10,947,662.5343813300133,470.0
19-1,P0,raw,11,981,752.6310311555862,508.0
19-1,P0,raw,12,1274,1062.725814640522,702.0
19-1,P0,raw,13,1872,1690.3127322793007,1163.0
19-1,P0,raw,14,15339,15175.929359018803,13848.0
19-1,P0,source_temperature,0,0,0.0,0.0
19-1,P0,source_temperature,1,0,0.0,0.0
19-1,P0,source_temperature,2,1,0.1990604261447273,0.0
19-1,P0,source_temperature,3,27,6.709491758614117,5.0
19-1,P0,source_temperature,4,123,37.896329694303674,29.0
19-1,P0,source_temperature,5,382,141.55325528652455,115.99999999999999
19-1,P0,source_temperature,6,747,325.88223909705385,302.0
19-1,P0,source_temperature,7,1221,612.682011636449,601.0
19-1,P0,source_temperature,8,1222,691.5048520911861,602.0
19-1,P0,source_temperature,9,1217,770.490459475517,634.0
19-1,P0,source_temperature,10,1312,919.7382879186875,760.0
19-1,P0,source_temperature,11,1434,1100.0099317850093,881.0
19-1,P0,source_temperature,12,1815,1515.5353837484108,1282.0
19-1,P0,source_temperature,13,2872,2594.636529618184,2325.0
19-1,P0,source_temperature,14,10987,10733.47644383099,10452.0
19-1,P2,raw,0,0,0.0,0.0
19-1,P2,raw,1,0,0.0,0.0
19-1,P2,raw,2,0,0.0,0.0
19-1,P2,raw,3,5,1.249047055840492,2.0
19-1,P2,raw,4,26,8.090432316064835,12.0
19-1,P2,raw,5,96,35.81367492675781,31.999999999999996
19-1,P2,raw,6,192,83.717317789793,74.0
19-1,P2,raw,7,533,269.4296913444996,203.99999999999997
19-1,P2,raw,8,634,359.7561659216881,265.0
19-1,P2,raw,9,654,414.03051233291626,305.0
19-1,P2,raw,10,713,499.5806980729103,349.0
19-1,P2,raw,11,831,638.28747600317,411.0
19-1,P2,raw,12,1092,912.1233929395676,575.0
19-1,P2,raw,13,1476,1332.1019833683968,895.0
19-1,P2,raw,14,17108,16979.106891572475,14502.0
19-1,P2,source_temperature,0,0,0.0,0.0
19-1,P2,source_temperature,1,0,0.0,0.0
19-1,P2,source_temperature,2,0,0.0,0.0
19-1,P2,source_temperature,3,46,11.259050682708523,16.0
19-1,P2,source_temperature,4,122,37.405534029846834,46.0
19-1,P2,source_temperature,5,338,125.32122466068103,119.99999999999999
19-1,P2,source_temperature,6,629,274.3399729903541,253.0
19-1,P2,source_temperature,7,1151,577.9920001866321,534.0
19-1,P2,source_temperature,8,1191,674.9400869518261,584.0
19-1,P2,source_temperature,9,1281,810.5025767774177,686.0
19-1,P2,source_temperature,10,1365,955.4110892319051,798.0
19-1,P2,source_temperature,11,1434,1100.5878793652505,918.0
19-1,P2,source_temperature,12,1871,1562.5711200825574,1264.0
19-1,P2,source_temperature,13,2899,2621.635997090855,2168.0
19-1,P2,source_temperature,14,11033,10783.801797581447,10239.0
19-1,SAR_GN,raw,0,0,0.0,0.0
19-1,SAR_GN,raw,1,0,0.0,0.0
19-1,SAR_GN,raw,2,0,0.0,0.0
19-1,SAR_GN,raw,3,7,1.7522212266921997,2.0
19-1,SAR_GN,raw,4,44,13.447154015302656,12.0
19-1,SAR_GN,raw,5,150,55.444799929857254,42.0
19-1,SAR_GN,raw,6,314,137.43670043349266,97.99999999999999
19-1,SAR_GN,raw,7,724,364.36660647392273,302.0
19-1,SAR_GN,raw,8,833,472.05522406101227,389.0
19-1,SAR_GN,raw,9,881,557.3942536115646,451.0
19-1,SAR_GN,raw,10,947,662.9699271321297,473.99999999999994
19-1,SAR_GN,raw,11,970,744.3005524873734,501.0
19-1,SAR_GN,raw,12,1279,1066.8351436853409,703.0
19-1,SAR_GN,raw,13,1869,1687.6120541095734,1162.0
19-1,SAR_GN,raw,14,15342,15178.910724401474,13850.0
19-1,SAR_GN,source_temperature,0,0,0.0,0.0
19-1,SAR_GN,source_temperature,1,0,0.0,0.0
19-1,SAR_GN,source_temperature,2,1,0.1990604261447273,0.0
19-1,SAR_GN,source_temperature,3,27,6.709692256226676,5.0
19-1,SAR_GN,source_temperature,4,127,39.23811022715149,30.0
19-1,SAR_GN,source_temperature,5,376,139.42042780151155,112.0
19-1,SAR_GN,source_temperature,6,751,327.60490361520954,301.0
19-1,SAR_GN,source_temperature,7,1215,609.6661087227022,598.0
19-1,SAR_GN,source_temperature,8,1225,692.957176992327,608.0
19-1,SAR_GN,source_temperature,9,1220,772.5378413960865,631.0
19-1,SAR_GN,source_temperature,10,1306,915.5176905995763,757.0
19-1,SAR_GN,source_temperature,11,1435,1100.6554854675646,881.0
19-1,SAR_GN,source_temperature,12,1814,1514.673148156433,1282.0
19-1,SAR_GN,source_temperature,13,2875,2597.3378562517582,2328.0
19-1,SAR_GN,source_temperature,14,10988,10734.556945947194,10453.0
19-1,T3A,raw,0,0,0.0,0.0
19-1,T3A,raw,1,0,0.0,0.0
19-1,T3A,raw,2,0,0.0,0.0
19-1,T3A,raw,3,52,12.982344865798948,9.0
19-1,T3A,raw,4,328,101.12498903274535,131.0
19-1,T3A,raw,5,1132,419.9964116513729,510.0
19-1,T3A,raw,6,2000,870.9872542917728,1052.0
19-1,T3A,raw,7,2326,1161.6182695329187,1350.0
19-1,T3A,raw,8,2063,1168.652953028679,1358.0
19-1,T3A,raw,9,1731,1095.2276609539986,1229.0
19-1,T3A,raw,10,1623,1135.1330412626266,1303.0
19-1,T3A,raw,11,1463,1121.913233578205,1285.0
19-1,T3A,raw,12,1873,1564.7564912438393,1787.0
19-1,T3A,raw,13,3776,3415.734911084175,3745.0
19-1,T3A,raw,14,4993,4784.790901184082,4993.0
19-1,T3A,source_temperature,0,0,0.0,0.0
19-1,T3A,source_temperature,1,0,0.0,0.0
19-1,T3A,source_temperature,2,0,0.0,0.0
19-1,T3A,source_temperature,3,11,2.796362583587646,2.0
19-1,T3A,source_temperature,4,102,31.38767781598976,24.0
19-1,T3A,source_temperature,5,393,146.53790858203445,160.0
19-1,T3A,source_temperature,6,873,380.9700759613592,409.99999999999994
19-1,T3A,source_temperature,7,1528,764.4117243489447,773.0
19-1,T3A,source_temperature,8,1568,888.8533266728441,867.0
19-1,T3A,source_temperature,9,1503,951.8273454752898,883.0
19-1,T3A,source_temperature,10,1558,1091.5302296438367,1005.0
19-1,T3A,source_temperature,11,1560,1196.569550571603,1092.0
19-1,T3A,source_temperature,12,1730,1443.122280244203,1377.0
19-1,T3A,source_temperature,13,1967,1773.7039045015374,1710.0
19-1,T3A,source_temperature,14,10567,10385.707403919998,10449.0
19-19,EMB_STD,raw,0,0,0.0,0.0
19-19,EMB_STD,raw,1,0,0.0,0.0
19-19,EMB_STD,raw,2,0,0.0,0.0
19-19,EMB_STD,raw,3,0,0.0,0.0
19-19,EMB_STD,raw,4,6,1.9096519351005554,1.0
19-19,EMB_STD,raw,5,60,22.409188419580456,24.0
19-19,EMB_STD,raw,6,191,83.2751669883728,84.0
19-19,EMB_STD,raw,7,418,211.42707693576813,206.0
19-19,EMB_STD,raw,8,526,298.75386345386505,274.0
19-19,EMB_STD,raw,9,535,339.2793709039688,298.0
19-19,EMB_STD,raw,10,575,403.0214324593544,328.0
19-19,EMB_STD,raw,11,659,505.3903168439865,416.0
19-19,EMB_STD,raw,12,855,713.8490778803825,611.0
19-19,EMB_STD,raw,13,1443,1304.128292441368,1135.0
19-19,EMB_STD,raw,14,18092,17929.056187331676,17351.0
19-19,EMB_STD,source_temperature,0,0,0.0,0.0
19-19,EMB_STD,source_temperature,1,0,0.0,0.0
19-19,EMB_STD,source_temperature,2,0,0.0,0.0
19-19,EMB_STD,source_temperature,3,3,0.789740380417118,0.0
19-19,EMB_STD,source_temperature,4,82,25.481574032121504,38.0
19-19,EMB_STD,source_temperature,5,263,97.26877355022052,121.0
19-19,EMB_STD,source_temperature,6,575,250.63592799801694,280.0
19-19,EMB_STD,source_temperature,7,913,458.15682544540573,501.0
19-19,EMB_STD,source_temperature,8,879,498.443115376725,542.0
19-19,EMB_STD,source_temperature,9,907,574.7792566207131,580.0
19-19,EMB_STD,source_temperature,10,977,685.9230736312081,715.0
19-19,EMB_STD,source_temperature,11,1209,927.6302416275206,977.0
19-19,EMB_STD,source_temperature,12,1868,1562.0665437022758,1654.0
19-19,EMB_STD,source_temperature,13,3882,3515.825391660372,3684.0
19-19,EMB_STD,source_temperature,14,11802,11463.539214938683,11636.0
19-19,P0,raw,0,0,0.0,0.0
19-19,P0,raw,1,0,0.0,0.0
19-19,P0,raw,2,0,0.0,0.0
19-19,P0,raw,3,2,0.5133033692836761,2.0
19-19,P0,raw,4,18,5.6369578540325165,4.0
19-19,P0,raw,5,108,40.26212331652641,36.99999999999999
19-19,P0,raw,6,233,101.8994836807251,91.0
19-19,P0,raw,7,449,225.97576704621315,191.99999999999997
19-19,P0,raw,8,599,339.97913867235184,311.0
19-19,P0,raw,9,571,362.89754569530487,322.0
19-19,P0,raw,10,634,443.23557126522064,370.0
19-19,P0,raw,11,760,583.1807150244713,478.0
19-19,P0,raw,12,944,788.5787477493286,635.0
19-19,P0,raw,13,1436,1296.584885776043,1063.0
19-19,P0,raw,14,17606,17461.77350014448,16803.0
19-19,P0,source_temperature,0,0,0.0,0.0
19-19,P0,source_temperature,1,0,0.0,0.0
19-19,P0,source_temperature,2,0,0.0,0.0
19-19,P0,source_temperature,3,8,2.0197324188729904,2.0
19-19,P0,source_temperature,4,101,31.115090211787212,27.0
19-19,P0,source_temperature,5,322,119.51161967997169,126.99999999999999
19-19,P0,source_temperature,6,602,262.1350371342373,284.0
19-19,P0,source_temperature,7,849,425.5366065173859,435.0
19-19,P0,source_temperature,8,918,520.2342755652628,535.0
19-19,P0,source_temperature,9,928,588.1699104396214,589.0
19-19,P0,source_temperature,10,1038,727.9131444727773,710.0
19-19,P0,source_temperature,11,1142,876.9776071122282,865.0
19-19,P0,source_temperature,12,1494,1248.2584609928751,1248.0
19-19,P0,source_temperature,13,2738,2477.064592262284,2486.0
19-19,P0,source_temperature,14,13220,12889.80244378372,13000.0
19-19,P2,raw,0,0,0.0,0.0
19-19,P2,raw,1,0,0.0,0.0
19-19,P2,raw,2,0,0.0,0.0
19-19,P2,raw,3,1,0.2607617676258087,0.0
19-19,P2,raw,4,20,6.155129045248031,7.0
19-19,P2,raw,5,62,22.856297105550766,17.0
19-19,P2,raw,6,177,77.39628863334656,61.99999999999999
19-19,P2,raw,7,341,171.2388620376587,158.0
19-19,P2,raw,8,451,255.57666969299316,169.0
19-19,P2,raw,9,449,285.1129589676857,174.0
19-19,P2,raw,10,486,340.04927057027817,208.0
19-19,P2,raw,11,506,389.34031242132187,233.0
19-19,P2,raw,12,661,552.1583822369576,321.0
19-19,P2,raw,13,1028,928.8638788461685,552.0
19-19,P2,raw,14,19178,19082.27107101679,17744.000000000004
19-19,P2,source_temperature,0,0,0.0,0.0
19-19,P2,source_temperature,1,0,0.0,0.0
19-19,P2,source_temperature,2,0,0.0,0.0
19-19,P2,source_temperature,3,21,5.1664897439663156,8.0
19-19,P2,source_temperature,4,122,37.389209463657,39.0
19-19,P2,source_temperature,5,338,125.72071047920552,145.0
19-19,P2,source_temperature,6,568,247.50904446914524,231.0
19-19,P2,source_temperature,7,764,382.092385341341,305.0
19-19,P2,source_temperature,8,782,443.41235725799095,372.0
19-19,P2,source_temperature,9,853,540.0823764399538,397.0
19-19,P2,source_temperature,10,868,608.4531705813447,482.0
19-19,P2,source_temperature,11,991,761.7097908938856,620.0
19-19,P2,source_temperature,12,1401,1170.845813803982,1008.0
19-19,P2,source_temperature,13,2549,2307.721574359721,2199.0
19-19,P2,source_temperature,14,14103,13787.238489350315,13839.0
19-19,SAR_GN,raw,0,0,0.0,0.0
19-19,SAR_GN,raw,1,0,0.0,0.0
19-19,SAR_GN,raw,2,0,0.0,0.0
19-19,SAR_GN,raw,3,2,0.5133033692836761,2.0
19-19,SAR_GN,raw,4,18,5.6369578540325165,4.0
19-19,SAR_GN,raw,5,108,40.26212331652641,36.99999999999999
19-19,SAR_GN,raw,6,233,101.8994836807251,91.0
19-19,SAR_GN,raw,7,449,225.97576704621315,191.99999999999997
19-19,SAR_GN,raw,8,599,339.97913867235184,311.0
19-19,SAR_GN,raw,9,571,362.89754569530487,322.0
19-19,SAR_GN,raw,10,634,443.23557126522064,370.0
19-19,SAR_GN,raw,11,760,583.1807150244713,478.0
19-19,SAR_GN,raw,12,944,788.5787477493286,635.0
19-19,SAR_GN,raw,13,1436,1296.584885776043,1063.0
19-19,SAR_GN,raw,14,17606,17461.77350014448,16803.0
19-19,SAR_GN,source_temperature,0,0,0.0,0.0
19-19,SAR_GN,source_temperature,1,0,0.0,0.0
19-19,SAR_GN,source_temperature,2,0,0.0,0.0
19-19,SAR_GN,source_temperature,3,8,2.0197328188649193,2.0
19-19,SAR_GN,source_temperature,4,101,31.115096747153324,27.0
19-19,SAR_GN,source_temperature,5,322,119.51166504472093,126.99999999999999
19-19,SAR_GN,source_temperature,6,602,262.13514796022105,284.0
19-19,SAR_GN,source_temperature,7,849,425.5368029009292,435.0
19-19,SAR_GN,source_temperature,8,918,520.234568425383,535.0
19-19,SAR_GN,source_temperature,9,928,588.1702075138176,589.0
19-19,SAR_GN,source_temperature,10,1038,727.9135390363563,710.0
19-19,SAR_GN,source_temperature,11,1142,876.9781012041852,865.0
19-19,SAR_GN,source_temperature,12,1494,1248.2590146199072,1248.0
19-19,SAR_GN,source_temperature,13,2738,2477.065277048808,2486.0
19-19,SAR_GN,source_temperature,14,13220,12889.804072054285,13000.0
19-19,T3A,raw,0,0,0.0,0.0
19-19,T3A,raw,1,0,0.0,0.0
19-19,T3A,raw,2,0,0.0,0.0
19-19,T3A,raw,3,9,2.2406737953424454,6.0
19-19,T3A,raw,4,113,35.18055427074432,43.0
19-19,T3A,raw,5,441,164.30246460437772,241.0
19-19,T3A,raw,6,977,426.0606087446213,591.0
19-19,T3A,raw,7,1314,656.8190629184246,909.0
19-19,T3A,raw,8,1300,736.4936133027077,1010.0
19-19,T3A,raw,9,1593,1008.1283981204033,1377.0
19-19,T3A,raw,10,1826,1281.6771747469902,1665.0
19-19,T3A,raw,11,2217,1703.3104159235954,2104.0
19-19,T3A,raw,12,2931,2448.0412132143974,2823.0
19-19,T3A,raw,13,4994,4511.762794852257,4925.0
19-19,T3A,raw,14,5645,5411.229200005531,5627.0
19-19,T3A,source_temperature,0,0,0.0,0.0
19-19,T3A,source_temperature,1,0,0.0,0.0
19-19,T3A,source_temperature,2,0,0.0,0.0
19-19,T3A,source_temperature,3,3,0.7693735099737762,2.0
19-19,T3A,source_temperature,4,24,7.564495572021991,11.0
19-19,T3A,source_temperature,5,138,51.69746149729074,48.0
19-19,T3A,source_temperature,6,371,161.72147754294312,201.0
19-19,T3A,source_temperature,7,767,383.9588541629805,421.0
19-19,T3A,source_temperature,8,861,488.53332870389926,562.0
19-19,T3A,source_temperature,9,886,561.2997350760078,635.0
19-19,T3A,source_temperature,10,1028,721.2839828764637,809.0
19-19,T3A,source_temperature,11,1234,949.4461829018152,1047.0
19-19,T3A,source_temperature,12,1911,1595.135512899194,1737.0
19-19,T3A,source_temperature,13,3041,2748.3362511413247,2879.0
19-19,T3A,source_temperature,14,13096,12814.396825622765,12969.0
19-2,EMB_STD,raw,0,0,0.0,0.0
19-2,EMB_STD,raw,1,0,0.0,0.0
19-2,EMB_STD,raw,2,0,0.0,0.0
19-2,EMB_STD,raw,3,2,0.5120166838169098,0.0
19-2,EMB_STD,raw,4,21,6.537692040205002,5.0
19-2,EMB_STD,raw,5,103,38.309361308813095,34.0
19-2,EMB_STD,raw,6,255,111.64936909079552,89.0
19-2,EMB_STD,raw,7,537,271.01092234253883,228.99999999999997
19-2,EMB_STD,raw,8,644,365.07155126333237,308.0
19-2,EMB_STD,raw,9,626,396.4581591486931,328.0
19-2,EMB_STD,raw,10,757,531.1643030047417,401.0
19-2,EMB_STD,raw,11,854,655.473094522953,519.0
19-2,EMB_STD,raw,12,1102,919.2399827241898,728.0
19-2,EMB_STD,raw,13,1717,1549.391096174717,1280.0
19-2,EMB_STD,raw,14,16742,16587.986187934875,15549.0
19-2,EMB_STD,source_temperature,0,0,0.0,0.0
19-2,EMB_STD,source_temperature,1,0,0.0,0.0
19-2,EMB_STD,source_temperature,2,0,0.0,0.0
19-2,EMB_STD,source_temperature,3,12,2.993957636982877,2.0
19-2,EMB_STD,source_temperature,4,103,31.737882657457085,32.0
19-2,EMB_STD,source_temperature,5,347,128.3822927156195,131.0
19-2,EMB_STD,source_temperature,6,628,273.3559841262102,270.0
19-2,EMB_STD,source_temperature,7,973,487.89286772424015,479.0
19-2,EMB_STD,source_temperature,8,1020,579.8939044610088,551.0
19-2,EMB_STD,source_temperature,9,1128,714.4206012683958,709.0
19-2,EMB_STD,source_temperature,10,1178,824.7334969587787,826.0
19-2,EMB_STD,source_temperature,11,1365,1045.9196417154872,998.0
19-2,EMB_STD,source_temperature,12,1823,1521.6894777143584,1458.0
19-2,EMB_STD,source_temperature,13,2852,2576.133550172554,2492.0
19-2,EMB_STD,source_temperature,14,11931,11691.612451220855,11522.0
19-2,P0,raw,0,0,0.0,0.0
19-2,P0,raw,1,0,0.0,0.0
19-2,P0,raw,2,0,0.0,0.0
19-2,P0,raw,3,4,1.0083314478397367,0.0
19-2,P0,raw,4,51,15.792289197444916,21.0
19-2,P0,raw,5,157,58.02599868178367,59.99999999999999
19-2,P0,raw,6,363,158.72952806949615,146.0
19-2,P0,raw,7,730,367.31573525071144,316.0
19-2,P0,raw,8,860,486.6418989300728,419.0
19-2,P0,raw,9,822,520.4803555607796,434.0
19-2,P0,raw,10,949,664.4446217417717,566.0
19-2,P0,raw,11,1096,842.2402084469795,709.0
19-2,P0,raw,12,1403,1171.5790195465088,973.0
19-2,P0,raw,13,2143,1936.7050611376762,1656.0
19-2,P0,raw,14,14782,14603.019188463688,13823.0
19-2,P0,source_temperature,0,0,0.0,0.0
19-2,P0,source_temperature,1,0,0.0,0.0
19-2,P0,source_temperature,2,0,0.0,0.0
19-2,P0,source_temperature,3,28,6.971996713375853,9.0
19-2,P0,source_temperature,4,198,60.64794236538957,76.0
19-2,P0,source_temperature,5,542,201.24792474230048,220.0
19-2,P0,source_temperature,6,872,381.1736875660868,401.0
19-2,P0,source_temperature,7,1347,674.3897783060655,704.0
19-2,P0,source_temperature,8,1332,755.3240282977322,792.0
19-2,P0,source_temperature,9,1407,891.1497086702461,938.0
19-2,P0,source_temperature,10,1501,1052.7643370419012,1081.0
19-2,P0,source_temperature,11,1790,1374.3777136886533,1418.0
19-2,P0,source_temperature,12,2096,1749.8229013181408,1781.0
19-2,P0,source_temperature,13,3142,2836.1036198205325,2841.0
19-2,P0,source_temperature,14,9105,8877.56693739217,8862.0
19-2,P2,raw,0,0,0.0,0.0
19-2,P2,raw,1,0,0.0,0.0
19-2,P2,raw,2,0,0.0,0.0
19-2,P2,raw,3,6,1.5263908952474592,2.0
19-2,P2,raw,4,44,13.659512519836426,12.0
19-2,P2,raw,5,141,52.51343876123428,38.99999999999999
19-2,P2,raw,6,337,147.5046135187149,111.99999999999999
19-2,P2,raw,7,572,287.3163520693779,230.0
19-2,P2,raw,8,744,421.28142488002777,353.0
19-2,P2,raw,9,677,428.6183247566223,324.0
19-2,P2,raw,10,727,509.5774394273758,378.0
19-2,P2,raw,11,811,622.802443087101,459.0
19-2,P2,raw,12,979,815.911724627018,607.0
19-2,P2,raw,13,1466,1324.4453738927841,987.0
19-2,P2,raw,14,16856,16723.034889876842,15315.0
19-2,P2,source_temperature,0,0,0.0,0.0
19-2,P2,source_temperature,1,0,0.0,0.0
19-2,P2,source_temperature,2,0,0.0,0.0
19-2,P2,source_temperature,3,59,14.526850745584099,18.0
19-2,P2,source_temperature,4,347,106.6063737874648,103.0
19-2,P2,source_temperature,5,745,275.1774152067767,310.0
19-2,P2,source_temperature,6,1014,440.60063956923705,479.0
19-2,P2,source_temperature,7,1210,604.9876536104687,652.0
19-2,P2,source_temperature,8,1280,725.5182271294343,756.0
19-2,P2,source_temperature,9,1199,759.8374650031502,795.0
19-2,P2,source_temperature,10,1334,935.1517260443013,963.0
19-2,P2,source_temperature,11,1559,1197.0957649848276,1217.0
19-2,P2,source_temperature,12,2057,1720.2022502186755,1678.0
19-2,P2,source_temperature,13,3196,2885.965494768081,2820.0
19-2,P2,source_temperature,14,9360,9118.254458194835,9027.0
19-2,SAR_GN,raw,0,0,0.0,0.0
19-2,SAR_GN,raw,1,0,0.0,0.0
19-2,SAR_GN,raw,2,0,0.0,0.0
19-2,SAR_GN,raw,3,4,1.0083314478397367,0.0
19-2,SAR_GN,raw,4,51,15.792289197444916,21.0
19-2,SAR_GN,raw,5,157,58.02599868178367,59.99999999999999
19-2,SAR_GN,raw,6,363,158.72952806949615,146.0
19-2,SAR_GN,raw,7,730,367.31573525071144,316.0
19-2,SAR_GN,raw,8,860,486.6418989300728,419.0
19-2,SAR_GN,raw,9,822,520.4803555607796,434.0
19-2,SAR_GN,raw,10,949,664.4446217417717,566.0
19-2,SAR_GN,raw,11,1096,842.2402084469795,709.0
19-2,SAR_GN,raw,12,1403,1171.5790195465088,973.0
19-2,SAR_GN,raw,13,2143,1936.7050611376762,1656.0
19-2,SAR_GN,raw,14,14782,14603.019188463688,13823.0
19-2,SAR_GN,source_temperature,0,0,0.0,0.0
19-2,SAR_GN,source_temperature,1,0,0.0,0.0
19-2,SAR_GN,source_temperature,2,0,0.0,0.0
19-2,SAR_GN,source_temperature,3,28,6.971996713375853,9.0
19-2,SAR_GN,source_temperature,4,198,60.64794236538957,76.0
19-2,SAR_GN,source_temperature,5,542,201.24792474230048,220.0
19-2,SAR_GN,source_temperature,6,872,381.1736875660868,401.0
19-2,SAR_GN,source_temperature,7,1347,674.3897783060655,704.0
19-2,SAR_GN,source_temperature,8,1332,755.3240282977322,792.0
19-2,SAR_GN,source_temperature,9,1407,891.1497086702461,938.0
19-2,SAR_GN,source_temperature,10,1501,1052.7643370419012,1081.0
19-2,SAR_GN,source_temperature,11,1790,1374.3777136886533,1418.0
19-2,SAR_GN,source_temperature,12,2096,1749.8229013181408,1781.0
19-2,SAR_GN,source_temperature,13,3142,2836.1036198205325,2841.0
19-2,SAR_GN,source_temperature,14,9105,8877.56693739217,8862.0
19-2,T3A,raw,0,0,0.0,0.0
19-2,T3A,raw,1,0,0.0,0.0
19-2,T3A,raw,2,1,0.1969700157642364,0.0
19-2,T3A,raw,3,83,20.809014543890953,28.0
19-2,T3A,raw,4,462,141.1437477469444,187.99999999999997
19-2,T3A,raw,5,1074,395.87985098361963,539.0
19-2,T3A,raw,6,1681,731.9554311037064,991.0
19-2,T3A,raw,7,2007,1003.4015956521034,1377.0
19-2,T3A,raw,8,2002,1135.729713022709,1510.0
19-2,T3A,raw,9,2124,1345.6979328989983,1777.0
19-2,T3A,raw,10,2350,1647.0233817100525,2089.0
19-2,T3A,raw,11,2781,2133.867634654045,2606.0
19-2,T3A,raw,12,3122,2605.7444707751274,3015.0
19-2,T3A,raw,13,3782,3404.4030245542526,3740.0
19-2,T3A,raw,14,1891,1802.8332493901253,1891.0
19-2,T3A,source_temperature,0,0,0.0,0.0
19-2,T3A,source_temperature,1,0,0.0,0.0
19-2,T3A,source_temperature,2,0,0.0,0.0
19-2,T3A,source_temperature,3,14,3.5023901284463212,3.0
19-2,T3A,source_temperature,4,155,47.65082988722997,55.99999999999999
19-2,T3A,source_temperature,5,428,158.42628525451255,171.0
19-2,T3A,source_temperature,6,797,346.6745167324039,392.0
19-2,T3A,source_temperature,7,1209,605.7774779665945,670.0
19-2,T3A,source_temperature,8,1347,763.1414098424351,848.0
19-2,T3A,source_temperature,9,1388,879.130734462403,970.0
19-2,T3A,source_temperature,10,1524,1066.637634771817,1143.0
19-2,T3A,source_temperature,11,1863,1429.7759816799587,1529.0
19-2,T3A,source_temperature,12,2508,2094.92679491726,2207.0
19-2,T3A,source_temperature,13,3801,3432.1088223313154,3552.0
19-2,T3A,source_temperature,14,8326,8081.059988953073,8210.0
19-20,EMB_STD,raw,0,0,0.0,0.0
19-20,EMB_STD,raw,1,0,0.0,0.0
19-20,EMB_STD,raw,2,0,0.0,0.0
19-20,EMB_STD,raw,3,0,0.0,0.0
19-20,EMB_STD,raw,4,9,2.715787678956985,2.0
19-20,EMB_STD,raw,5,72,26.81407567858696,17.999999999999996
19-20,EMB_STD,raw,6,163,71.06154665350914,59.0
19-20,EMB_STD,raw,7,458,230.9201248884201,192.0
19-20,EMB_STD,raw,8,506,286.32447588443756,221.0
19-20,EMB_STD,raw,9,589,373.72937548160553,299.0
19-20,EMB_STD,raw,10,619,434.52981662750244,332.0
19-20,EMB_STD,raw,11,722,554.0777199864388,402.0
19-20,EMB_STD,raw,12,973,813.1728277206421,634.0
19-20,EMB_STD,raw,13,1507,1362.0072209835052,1049.0
19-20,EMB_STD,raw,14,16742,16590.814195394516,14855.0
19-20,EMB_STD,source_temperature,0,0,0.0,0.0
19-20,EMB_STD,source_temperature,1,0,0.0,0.0
19-20,EMB_STD,source_temperature,2,0,0.0,0.0
19-20,EMB_STD,source_temperature,3,13,3.204556207097226,4.0
19-20,EMB_STD,source_temperature,4,182,56.12466182039202,65.0
19-20,EMB_STD,source_temperature,5,467,173.39943383622614,192.0
19-20,EMB_STD,source_temperature,6,875,381.38686747909003,425.0
19-20,EMB_STD,source_temperature,7,1202,602.362925880858,656.0
19-20,EMB_STD,source_temperature,8,1244,705.3563867997624,756.0
19-20,EMB_STD,source_temperature,9,1328,842.3712987625133,923.0
19-20,EMB_STD,source_temperature,10,1497,1050.7411330974435,1140.0
19-20,EMB_STD,source_temperature,11,1761,1352.9048712433948,1432.0
19-20,EMB_STD,source_temperature,12,2517,2102.5996228540675,2138.0
19-20,EMB_STD,source_temperature,13,4049,3657.11859751158,3638.0
19-20,EMB_STD,source_temperature,14,7225,6982.113961554599,6694.0
19-20,P0,raw,0,0,0.0,0.0
19-20,P0,raw,1,0,0.0,0.0
19-20,P0,raw,2,0,0.0,0.0
19-20,P0,raw,3,0,0.0,0.0
19-20,P0,raw,4,13,4.113874912261963,4.0
19-20,P0,raw,5,99,36.79867234826088,39.0
19-20,P0,raw,6,217,95.02358734607697,81.0
19-20,P0,raw,7,559,281.10517504811287,237.0
19-20,P0,raw,8,620,350.5446625351906,283.0
19-20,P0,raw,9,681,431.77695137262344,332.0
19-20,P0,raw,10,713,499.35526007413864,346.0
19-20,P0,raw,11,913,700.0481094121933,489.0
19-20,P0,raw,12,1093,913.4545885920525,659.0
19-20,P0,raw,13,1759,1590.3676407337189,1205.0
19-20,P0,raw,14,15693,15519.000181734562,14102.0
19-20,P0,source_temperature,0,0,0.0,0.0
19-20,P0,source_temperature,1,0,0.0,0.0
19-20,P0,source_temperature,2,0,0.0,0.0
19-20,P0,source_temperature,3,11,2.807405892974964,3.0
19-20,P0,source_temperature,4,161,49.673464873749325,60.0
19-20,P0,source_temperature,5,503,186.88606515136328,217.0
19-20,P0,source_temperature,6,956,416.38610426451737,459.99999999999994
19-20,P0,source_temperature,7,1267,635.848501691698,630.0
19-20,P0,source_temperature,8,1306,739.6384866065673,727.0
19-20,P0,source_temperature,9,1329,841.961592168129,827.0
19-20,P0,source_temperature,10,1565,1097.9150602525222,1100.0
19-20,P0,source_temperature,11,1847,1417.9445753386362,1426.0
19-20,P0,source_temperature,12,2442,2038.4181791876795,2050.0
19-20,P0,source_temperature,13,4124,3727.3140585069573,3685.0
19-20,P0,source_temperature,14,6849,6598.920943186444,6592.0
19-20,P2,raw,0,0,0.0,0.0
19-20,P2,raw,1,0,0.0,0.0
19-20,P2,raw,2,0,0.0,0.0
19-20,P2,raw,3,1,0.2637177407741546,1.0
19-20,P2,raw,4,9,2.6990203261375423,5.0
19-20,P2,raw,5,73,27.330770820379257,26.999999999999996
19-20,P2,raw,6,126,55.178991466760635,51.0
19-20,P2,raw,7,306,154.36764758825302,124.0
19-20,P2,raw,8,435,246.87588864564896,167.0
19-20,P2,raw,9,452,286.32147669792175,215.0
19-20,P2,raw,10,480,335.96611881256104,231.0
19-20,P2,raw,11,554,424.9068925976753,261.0
19-20,P2,raw,12,766,640.2046036720276,413.0
19-20,P2,raw,13,1186,1072.1294980049133,715.0
19-20,P2,raw,14,17972,17861.223228394985,15304.0
19-20,P2,source_temperature,0,0,0.0,0.0
19-20,P2,source_temperature,1,0,0.0,0.0
19-20,P2,source_temperature,2,0,0.0,0.0
19-20,P2,source_temperature,3,39,9.682918112382827,18.0
19-20,P2,source_temperature,4,218,66.65559138980082,94.0
19-20,P2,source_temperature,5,545,201.75093915114604,265.0
19-20,P2,source_temperature,6,963,418.93158203643935,495.0
19-20,P2,source_temperature,7,1213,607.5077631326953,646.0
19-20,P2,source_temperature,8,1228,697.4799955985079,674.0
19-20,P2,source_temperature,9,1312,831.3962471521996,860.0
19-20,P2,source_temperature,10,1370,961.0116530051577,944.0
19-20,P2,source_temperature,11,1610,1235.8196012065732,1170.0
19-20,P2,source_temperature,12,2231,1863.1246197657301,1788.0
19-20,P2,source_temperature,13,4216,3813.1323182884553,3705.0
19-20,P2,source_temperature,14,7415,7147.494629723769,6855.0
19-20,SAR_GN,raw,0,0,0.0,0.0
19-20,SAR_GN,raw,1,0,0.0,0.0
19-20,SAR_GN,raw,2,0,0.0,0.0
19-20,SAR_GN,raw,3,0,0.0,0.0
19-20,SAR_GN,raw,4,13,4.113874912261963,4.0
19-20,SAR_GN,raw,5,99,36.79867234826088,39.0
19-20,SAR_GN,raw,6,217,95.02358734607697,81.0
19-20,SAR_GN,raw,7,559,281.10517504811287,237.0
19-20,SAR_GN,raw,8,620,350.5446625351906,283.0
19-20,SAR_GN,raw,9,681,431.77695137262344,332.0
19-20,SAR_GN,raw,10,713,499.35526007413864,346.0
19-20,SAR_GN,raw,11,913,700.0481094121933,489.0
19-20,SAR_GN,raw,12,1093,913.4545885920525,659.0
19-20,SAR_GN,raw,13,1759,1590.3676407337189,1205.0
19-20,SAR_GN,raw,14,15693,15519.000181734562,14102.0
19-20,SAR_GN,source_temperature,0,0,0.0,0.0
19-20,SAR_GN,source_temperature,1,0,0.0,0.0
19-20,SAR_GN,source_temperature,2,0,0.0,0.0
19-20,SAR_GN,source_temperature,3,11,2.8072366744034127,3.0
19-20,SAR_GN,source_temperature,4,161,49.67069848716816,60.0
19-20,SAR_GN,source_temperature,5,503,186.87204028546728,217.0
19-20,SAR_GN,source_temperature,6,956,416.3508549317446,459.99999999999994
19-20,SAR_GN,source_temperature,7,1267,635.7914094652062,630.0
19-20,SAR_GN,source_temperature,8,1307,740.1585712708627,727.0
19-20,SAR_GN,source_temperature,9,1328,841.2775009704852,827.0
19-20,SAR_GN,source_temperature,10,1566,1098.538110053375,1100.0
19-20,SAR_GN,source_temperature,11,1848,1418.675929851222,1427.0
19-20,SAR_GN,source_temperature,12,2443,2039.2669371740003,2052.0
19-20,SAR_GN,source_temperature,13,4122,3725.426892065555,3683.0
19-20,SAR_GN,source_temperature,14,6848,6597.818608497569,6591.0
19-20,T3A,raw,0,0,0.0,0.0
19-20,T3A,raw,1,0,0.0,0.0
19-20,T3A,raw,2,0,0.0,0.0
19-20,T3A,raw,3,18,4.490803852677345,7.0
19-20,T3A,raw,4,194,59.88510936498641,72.0
19-20,T3A,raw,5,661,245.1147326827049,303.0
19-20,T3A,raw,6,1172,509.80311775207514,561.0
19-20,T3A,raw,7,1412,705.0878956615925,745.0
19-20,T3A,raw,8,1440,816.10233938694,860.0
19-20,T3A,raw,9,1446,916.7184066772461,905.0
19-20,T3A,raw,10,1549,1084.9007731676102,1116.0
19-20,T3A,raw,11,1911,1468.0927719473839,1549.0
19-20,T3A,raw,12,2741,2290.901676952839,2383.0
19-20,T3A,raw,13,4354,3930.7987427711487,3972.0
19-20,T3A,raw,14,5462,5232.993705272675,5358.0
19-20,T3A,source_temperature,0,0,0.0,0.0
19-20,T3A,source_temperature,1,0,0.0,0.0
19-20,T3A,source_temperature,2,0,0.0,0.0
19-20,T3A,source_temperature,3,9,2.196044685039613,2.0
19-20,T3A,source_temperature,4,123,37.89095502211882,42.0
19-20,T3A,source_temperature,5,440,163.47277134779432,211.0
19-20,T3A,source_temperature,6,838,364.54478835462146,409.0
19-20,T3A,source_temperature,7,1220,609.8959074407451,609.0
19-20,T3A,source_temperature,8,1247,707.4676099719188,701.0
19-20,T3A,source_temperature,9,1228,776.6981069166357,741.0
19-20,T3A,source_temperature,10,1333,933.4704205206909,852.0
19-20,T3A,source_temperature,11,1568,1203.5075453893555,1115.0
19-20,T3A,source_temperature,12,2045,1708.62256140012,1664.0
19-20,T3A,source_temperature,13,3711,3356.2414137042147,3224.0
19-20,T3A,source_temperature,14,8598,8318.232864617747,8261.0
2-1,EMB_STD,raw,0,0,0.0,0.0
2-1,EMB_STD,raw,1,0,0.0,0.0
2-1,EMB_STD,raw,2,0,0.0,0.0
2-1,EMB_STD,raw,3,1,0.2565968036651611,0.0
2-1,EMB_STD,raw,4,5,1.5724525451660154,1.0
2-1,EMB_STD,raw,5,45,16.791594058275223,8.0
2-1,EMB_STD,raw,6,122,53.69916233420372,57.0
2-1,EMB_STD,raw,7,436,221.01744613051417,198.0
2-1,EMB_STD,raw,8,552,312.6972103714943,263.0
2-1,EMB_STD,raw,9,595,377.08162039518356,288.0
2-1,EMB_STD,raw,10,670,469.5349018573761,353.0
2-1,EMB_STD,raw,11,819,629.1329325437546,438.0
2-1,EMB_STD,raw,12,1031,860.0539988875389,587.0
2-1,EMB_STD,raw,13,1604,1449.3309330940247,1059.0
2-1,EMB_STD,raw,14,17480,17324.542314112186,15744.999999999998
2-1,EMB_STD,source_temperature,0,0,0.0,0.0
2-1,EMB_STD,source_temperature,1,0,0.0,0.0
2-1,EMB_STD,source_temperature,2,0,0.0,0.0
2-1,EMB_STD,source_temperature,3,4,0.9815258075080188,1.0
2-1,EMB_STD,source_temperature,4,43,13.236141951928273,16.0
2-1,EMB_STD,source_temperature,5,207,77.28751731498406,86.99999999999999
2-1,EMB_STD,source_temperature,6,536,235.6510252259759,232.0
2-1,EMB_STD,source_temperature,7,1016,509.3254565607996,510.0
2-1,EMB_STD,source_temperature,8,1161,657.3937991337982,596.0
2-1,EMB_STD,source_temperature,9,1213,768.9495979287844,705.0
2-1,EMB_STD,source_temperature,10,1336,936.5231924701682,844.0
2-1,EMB_STD,source_temperature,11,1529,1173.7072564221712,1101.0
2-1,EMB_STD,source_temperature,12,2100,1754.6207064722455,1630.0
2-1,EMB_STD,source_temperature,13,4367,3956.4253613995756,3830.0
2-1,EMB_STD,source_temperature,14,9848,9554.601552346381,9445.0
2-1,P0,raw,0,0,0.0,0.0
2-1,P0,raw,1,0,0.0,0.0
2-1,P0,raw,2,0,0.0,0.0
2-1,P0,raw,3,1,0.2611787915229797,1.0
2-1,P0,raw,4,2,0.6360985934734344,0.0
2-1,P0,raw,5,51,19.015564918518063,16.0
2-1,P0,raw,6,134,58.61567777395248,47.0
2-1,P0,raw,7,402,203.68316903710365,182.0
2-1,P0,raw,8,538,304.8747693300247,260.0
2-1,P0,raw,9,593,375.20074486732483,298.0
2-1,P0,raw,10,667,467.71817487478256,344.0
2-1,P0,raw,11,808,620.06420814991,446.0
2-1,P0,raw,12,961,802.4674151539803,545.0
2-1,P0,raw,13,1556,1407.02784460783,952.0
2-1,P0,raw,14,17647,17482.78327947855,15419.0
2-1,P0,source_temperature,0,0,0.0,0.0
2-1,P0,source_temperature,1,0,0.0,0.0
2-1,P0,source_temperature,2,0,0.0,0.0
2-1,P0,source_temperature,3,1,0.2271065444329687,1.0
2-1,P0,source_temperature,4,48,14.774746055043348,14.0
2-1,P0,source_temperature,5,188,69.86499485805712,70.99999999999999
2-1,P0,source_temperature,6,455,199.4548906312537,212.0
2-1,P0,source_temperature,7,938,471.52381743646765,452.99999999999994
2-1,P0,source_temperature,8,1092,618.1653026663682,561.0
2-1,P0,source_temperature,9,1128,713.9374354897518,671.0
2-1,P0,source_temperature,10,1225,859.821313663013,728.0
2-1,P0,source_temperature,11,1446,1110.382335163999,953.0
2-1,P0,source_temperature,12,2177,1819.5520854110318,1570.0
2-1,P0,source_temperature,13,3863,3496.5098050169636,3267.0
2-1,P0,source_temperature,14,10799,10451.625210720276,10009.0
2-1,P2,raw,0,0,0.0,0.0
2-1,P2,raw,1,0,0.0,0.0
2-1,P2,raw,2,0,0.0,0.0
2-1,P2,raw,3,0,0.0,0.0
2-1,P2,raw,4,6,1.818679630756378,3.0
2-1,P2,raw,5,49,18.323854476213455,16.0
2-1,P2,raw,6,142,62.15030288696289,57.0
2-1,P2,raw,7,421,213.59682631492615,178.0
2-1,P2,raw,8,532,301.3532489538193,237.0
2-1,P2,raw,9,535,339.16602301597595,268.0
2-1,P2,raw,10,627,439.9659354686737,331.0
2-1,P2,raw,11,725,556.6078640818596,397.0
2-1,P2,raw,12,942,786.2500655055046,549.0
2-1,P2,raw,13,1409,1273.5028276443481,877.0
2-1,P2,raw,14,17972,17841.840928912163,15634.0
2-1,P2,source_temperature,0,0,0.0,0.0
2-1,P2,source_temperature,1,0,0.0,0.0
2-1,P2,source_temperature,2,0,0.0,0.0
2-1,P2,source_temperature,3,7,1.7242780886143227,3.0
2-1,P2,source_temperature,4,89,27.44095100537029,33.0
2-1,P2,source_temperature,5,322,119.332079616377,122.0
2-1,P2,source_temperature,6,683,298.38035340461556,312.0
2-1,P2,source_temperature,7,1185,594.3693068863143,609.0
2-1,P2,source_temperature,8,1224,693.6960188211473,684.0
2-1,P2,source_temperature,9,1338,846.9683164839214,799.0
2-1,P2,source_temperature,10,1394,976.2536461524666,903.0
2-1,P2,source_temperature,11,1700,1305.8285229850655,1250.0
2-1,P2,source_temperature,12,2361,1971.8178948079158,1856.0
2-1,P2,source_temperature,13,4107,3712.839449473095,3547.0
2-1,P2,source_temperature,14,8950,8657.17692811289,8429.0
2-1,SAR_GN,raw,0,0,0.0,0.0
2-1,SAR_GN,raw,1,0,0.0,0.0
2-1,SAR_GN,raw,2,0,0.0,0.0
2-1,SAR_GN,raw,3,1,0.2611787915229797,1.0
2-1,SAR_GN,raw,4,2,0.6360985934734344,0.0
2-1,SAR_GN,raw,5,51,19.015564918518063,16.0
2-1,SAR_GN,raw,6,134,58.61567777395248,47.0
2-1,SAR_GN,raw,7,402,203.68316903710365,182.0
2-1,SAR_GN,raw,8,538,304.8747693300247,260.0
2-1,SAR_GN,raw,9,593,375.20074486732483,298.0
2-1,SAR_GN,raw,10,667,467.71817487478256,344.0
2-1,SAR_GN,raw,11,808,620.06420814991,446.0
2-1,SAR_GN,raw,12,961,802.4674151539803,545.0
2-1,SAR_GN,raw,13,1556,1407.02784460783,952.0
2-1,SAR_GN,raw,14,17647,17482.78327947855,15419.0
2-1,SAR_GN,source_temperature,0,0,0.0,0.0
2-1,SAR_GN,source_temperature,1,0,0.0,0.0
2-1,SAR_GN,source_temperature,2,0,0.0,0.0
2-1,SAR_GN,source_temperature,3,1,0.2271065444329687,1.0
2-1,SAR_GN,source_temperature,4,48,14.774746055043348,14.0
2-1,SAR_GN,source_temperature,5,188,69.86499485805712,70.99999999999999
2-1,SAR_GN,source_temperature,6,455,199.4548906312537,212.0
2-1,SAR_GN,source_temperature,7,938,471.52381743646765,452.99999999999994
2-1,SAR_GN,source_temperature,8,1092,618.1653026663682,561.0
2-1,SAR_GN,source_temperature,9,1128,713.9374354897518,671.0
2-1,SAR_GN,source_temperature,10,1225,859.821313663013,728.0
2-1,SAR_GN,source_temperature,11,1446,1110.382335163999,953.0
2-1,SAR_GN,source_temperature,12,2177,1819.5520854110318,1570.0
2-1,SAR_GN,source_temperature,13,3863,3496.5098050169636,3267.0
2-1,SAR_GN,source_temperature,14,10799,10451.625210720276,10009.0
2-1,T3A,raw,0,0,0.0,0.0
2-1,T3A,raw,1,0,0.0,0.0
2-1,T3A,raw,2,0,0.0,0.0
2-1,T3A,raw,3,18,4.466851562261581,11.0
2-1,T3A,raw,4,80,24.71149516105652,33.0
2-1,T3A,raw,5,417,155.23988771438596,177.0
2-1,T3A,raw,6,949,415.9032924175262,471.0
2-1,T3A,raw,7,1632,816.465820223093,895.0
2-1,T3A,raw,8,1726,977.4899510145187,1017.0
2-1,T3A,raw,9,1836,1161.8022834658623,1188.0
2-1,T3A,raw,10,1992,1395.9406842589378,1429.0
2-1,T3A,raw,11,2377,1823.4486375451088,1878.0
2-1,T3A,raw,12,2616,2184.0373730659485,2282.0
2-1,T3A,raw,13,3586,3236.9473261237144,3340.0
2-1,T3A,raw,14,6131,5938.2817839980125,6090.0
2-1,T3A,source_temperature,0,0,0.0,0.0
2-1,T3A,source_temperature,1,0,0.0,0.0
2-1,T3A,source_temperature,2,0,0.0,0.0
2-1,T3A,source_temperature,3,11,2.7864814547983086,6.0
2-1,T3A,source_temperature,4,57,17.56604846966341,26.0
2-1,T3A,source_temperature,5,285,106.33981793463684,131.0
2-1,T3A,source_temperature,6,669,292.5405157905847,316.99999999999994
2-1,T3A,source_temperature,7,1371,687.834733350708,700.0
2-1,T3A,source_temperature,8,1515,857.767780459626,880.0
2-1,T3A,source_temperature,9,1571,996.5751939181605,957.0
2-1,T3A,source_temperature,10,1608,1127.5311572609567,1097.0
2-1,T3A,source_temperature,11,1984,1525.177708299532,1460.0
2-1,T3A,source_temperature,12,2464,2054.649536240727,2025.0
2-1,T3A,source_temperature,13,3278,2956.7971066728865,2877.0
2-1,T3A,source_temperature,14,8547,8343.169256668361,8335.0
2-19,EMB_STD,raw,0,0,0.0,0.0
2-19,EMB_STD,raw,1,0,0.0,0.0
2-19,EMB_STD,raw,2,0,0.0,0.0
2-19,EMB_STD,raw,3,0,0.0,0.0
2-19,EMB_STD,raw,4,14,4.349756836891174,3.0
2-19,EMB_STD,raw,5,45,16.944176733493805,13.0
2-19,EMB_STD,raw,6,161,70.41298311948775,61.99999999999999
2-19,EMB_STD,raw,7,344,173.56260785460472,152.0
2-19,EMB_STD,raw,8,465,263.9873049855232,206.0
2-19,EMB_STD,raw,9,489,309.8240829706192,251.0
2-19,EMB_STD,raw,10,570,399.1142529845238,316.0
2-19,EMB_STD,raw,11,653,501.0552419424057,425.0
2-19,EMB_STD,raw,12,754,630.3932002186775,534.0
2-19,EMB_STD,raw,13,1284,1160.2433111667633,1020.0
2-19,EMB_STD,raw,14,18581,18409.62496703863,17825.0
2-19,EMB_STD,source_temperature,0,0,0.0,0.0
2-19,EMB_STD,source_temperature,1,0,0.0,0.0
2-19,EMB_STD,source_temperature,2,0,0.0,0.0
2-19,EMB_STD,source_temperature,3,9,2.2791588442405635,2.0
2-19,EMB_STD,source_temperature,4,67,20.48683363013899,22.0
2-19,EMB_STD,source_temperature,5,303,112.37689017869747,113.0
2-19,EMB_STD,source_temperature,6,501,218.64753354058502,233.0
2-19,EMB_STD,source_temperature,7,865,434.4122581627423,431.99999999999994
2-19,EMB_STD,source_temperature,8,894,507.34746103927273,554.0
2-19,EMB_STD,source_temperature,9,897,568.2967237474139,649.0
2-19,EMB_STD,source_temperature,10,1089,763.3899501895006,875.0
2-19,EMB_STD,source_temperature,11,1499,1153.5473038751609,1283.0
2-19,EMB_STD,source_temperature,12,2571,2153.6306886462467,2359.0
2-19,EMB_STD,source_temperature,13,4927,4450.172316341374,4739.0
2-19,EMB_STD,source_temperature,14,9738,9433.333499341059,9546.0
2-19,P0,raw,0,0,0.0,0.0
2-19,P0,raw,1,0,0.0,0.0
2-19,P0,raw,2,0,0.0,0.0
2-19,P0,raw,3,1,0.2657442092895508,0.0
2-19,P0,raw,4,13,4.126270025968552,2.9999999999999996
2-19,P0,raw,5,94,35.176905274391174,29.0
2-19,P0,raw,6,201,87.64516621828079,86.0
2-19,P0,raw,7,445,224.29786932468414,187.0
2-19,P0,raw,8,549,311.07924872636795,253.0
2-19,P0,raw,9,584,369.76208794116974,283.0
2-19,P0,raw,10,613,429.2779522538185,353.0
2-19,P0,raw,11,715,548.4918617606163,441.0
2-19,P0,raw,12,896,748.1193957328796,571.0
2-19,P0,raw,13,1386,1253.3809635043144,1048.0
2-19,P0,raw,14,17863,17705.991005420685,16960.0
2-19,P0,source_temperature,0,0,0.0,0.0
2-19,P0,source_temperature,1,0,0.0,0.0
2-19,P0,source_temperature,2,0,0.0,0.0
2-19,P0,source_temperature,3,6,1.5060422662490223,1.0
2-19,P0,source_temperature,4,110,34.16768731300486,32.99999999999999
2-19,P0,source_temperature,5,318,117.67311948548908,119.99999999999999
2-19,P0,source_temperature,6,561,244.80471889295393,255.0
2-19,P0,source_temperature,7,918,459.0230519811739,462.0
2-19,P0,source_temperature,8,904,512.7666005934308,515.0
2-19,P0,source_temperature,9,934,591.3294004916781,592.0
2-19,P0,source_temperature,10,1027,719.2583714376798,741.0
2-19,P0,source_temperature,11,1303,1000.3699916161956,1030.0
2-19,P0,source_temperature,12,1808,1510.5445520871942,1565.0
2-19,P0,source_temperature,13,3834,3471.202861480283,3556.0
2-19,P0,source_temperature,14,11637,11271.517039923774,11344.0
2-19,P2,raw,0,0,0.0,0.0
2-19,P2,raw,1,0,0.0,0.0
2-19,P2,raw,2,0,0.0,0.0
2-19,P2,raw,3,0,0.0,0.0
2-19,P2,raw,4,11,3.4833565652370453,2.9999999999999996
2-19,P2,raw,5,70,26.247915625572205,20.0
2-19,P2,raw,6,138,60.02177029848099,41.0
2-19,P2,raw,7,327,165.18544188141823,141.0
2-19,P2,raw,8,441,249.95002627372742,213.0
2-19,P2,raw,9,463,293.555608689785,229.0
2-19,P2,raw,10,494,346.2407585978508,256.0
2-19,P2,raw,11,561,430.5938438773155,324.0
2-19,P2,raw,12,730,609.8446669578552,438.0
2-19,P2,raw,13,1089,983.3425253033638,706.0
2-19,P2,raw,14,19036,18925.5396592021,17820.0
2-19,P2,source_temperature,0,0,0.0,0.0
2-19,P2,source_temperature,1,0,0.0,0.0
2-19,P2,source_temperature,2,0,0.0,0.0
2-19,P2,source_temperature,3,18,4.531495697385367,5.0
2-19,P2,source_temperature,4,154,46.99326353428612,51.0
2-19,P2,source_temperature,5,337,125.21820476186534,143.0
2-19,P2,source_temperature,6,627,272.8574292981968,296.0
2-19,P2,source_temperature,7,895,447.6265875394129,473.0
2-19,P2,source_temperature,8,927,525.9219272604738,530.0
2-19,P2,source_temperature,9,1014,642.6919864740032,669.0
2-19,P2,source_temperature,10,1084,759.8665483148218,742.0
2-19,P2,source_temperature,11,1290,990.1370086650387,977.0
2-19,P2,source_temperature,12,1936,1616.9422209728473,1633.0
2-19,P2,source_temperature,13,3642,3296.0793120452395,3393.0
2-19,P2,source_temperature,14,11436,11106.599522465085,11279.0
2-19,SAR_GN,raw,0,0,0.0,0.0
2-19,SAR_GN,raw,1,0,0.0,0.0
2-19,SAR_GN,raw,2,0,0.0,0.0
2-19,SAR_GN,raw,3,1,0.2657442092895508,0.0
2-19,SAR_GN,raw,4,13,4.126270025968552,2.9999999999999996
2-19,SAR_GN,raw,5,94,35.176905274391174,29.0
2-19,SAR_GN,raw,6,201,87.64516621828079,86.0
2-19,SAR_GN,raw,7,445,224.29786932468414,187.0
2-19,SAR_GN,raw,8,549,311.07924872636795,253.0
2-19,SAR_GN,raw,9,584,369.76208794116974,283.0
2-19,SAR_GN,raw,10,613,429.2779522538185,353.0
2-19,SAR_GN,raw,11,715,548.4918617606163,441.0
2-19,SAR_GN,raw,12,896,748.1193957328796,571.0
2-19,SAR_GN,raw,13,1386,1253.3809635043144,1048.0
2-19,SAR_GN,raw,14,17863,17705.991005420685,16960.0
2-19,SAR_GN,source_temperature,0,0,0.0,0.0
2-19,SAR_GN,source_temperature,1,0,0.0,0.0
2-19,SAR_GN,source_temperature,2,0,0.0,0.0
2-19,SAR_GN,source_temperature,3,6,1.5059314078156611,1.0
2-19,SAR_GN,source_temperature,4,110,34.16500194924793,32.99999999999999
2-19,SAR_GN,source_temperature,5,318,117.666031455649,119.99999999999999
2-19,SAR_GN,source_temperature,6,561,244.78471468585894,255.0
2-19,SAR_GN,source_temperature,7,918,458.99360921092244,462.0
2-19,SAR_GN,source_temperature,8,904,512.7294064640683,515.0
2-19,SAR_GN,source_temperature,9,934,591.2778848598439,592.0
2-19,SAR_GN,source_temperature,10,1029,720.6695863943457,743.0
2-19,SAR_GN,source_temperature,11,1301,998.8189909479979,1028.0
2-19,SAR_GN,source_temperature,12,1809,1511.294545732247,1566.0
2-19,SAR_GN,source_temperature,13,3836,3472.943183976928,3558.0
2-19,SAR_GN,source_temperature,14,11634,11268.529420317995,11341.0
2-19,T3A,raw,0,0,0.0,0.0
2-19,T3A,raw,1,0,0.0,0.0
2-19,T3A,raw,2,0,0.0,0.0
2-19,T3A,raw,3,20,5.0452831983566275,6.0
2-19,T3A,raw,4,229,70.86803555488586,91.0
2-19,T3A,raw,5,667,246.83197402954102,327.0
2-19,T3A,raw,6,1073,467.2984253168106,577.0
2-19,T3A,raw,7,1290,644.3533150851727,840.0
2-19,T3A,raw,8,1350,765.8559137582779,1001.0
2-19,T3A,raw,9,1470,933.0956604480743,1197.0
2-19,T3A,raw,10,1859,1304.7273796796799,1646.0
2-19,T3A,raw,11,2464,1893.312683403492,2292.0
2-19,T3A,raw,12,3630,3035.926704764366,3512.0
2-19,T3A,raw,13,5729,5166.46170771122,5651.0
2-19,T3A,raw,14,3579,3410.972983956337,3571.0
2-19,T3A,source_temperature,0,0,0.0,0.0
2-19,T3A,source_temperature,1,0,0.0,0.0
2-19,T3A,source_temperature,2,0,0.0,0.0
2-19,T3A,source_temperature,3,3,0.7432251203948632,0.0
2-19,T3A,source_temperature,4,59,18.30441847264624,20.0
2-19,T3A,source_temperature,5,274,102.11028670134313,108.99999999999999
2-19,T3A,source_temperature,6,532,231.60112252512045,258.0
2-19,T3A,source_temperature,7,859,430.77541615676074,461.0
2-19,T3A,source_temperature,8,894,506.9536953575023,509.0
2-19,T3A,source_temperature,9,913,578.3693818128737,637.0
2-19,T3A,source_temperature,10,1029,721.7394452126081,769.0
2-19,T3A,source_temperature,11,1268,975.1610441614513,1029.0
2-19,T3A,source_temperature,12,1839,1536.7299701384954,1605.0
2-19,T3A,source_temperature,13,3413,3086.7578427163244,3210.0
2-19,T3A,source_temperature,14,12277,11950.380344910383,12104.0
20-1,EMB_STD,raw,0,0,0.0,0.0
20-1,EMB_STD,raw,1,0,0.0,0.0
20-1,EMB_STD,raw,2,0,0.0,0.0
20-1,EMB_STD,raw,3,3,0.75119748711586,1.0
20-1,EMB_STD,raw,4,17,5.267063677310944,6.0
20-1,EMB_STD,raw,5,52,19.076975136995316,17.0
20-1,EMB_STD,raw,6,85,37.104089856147766,34.0
20-1,EMB_STD,raw,7,263,132.99358797073364,132.0
20-1,EMB_STD,raw,8,384,217.99291288852692,205.0
20-1,EMB_STD,raw,9,397,251.8361535668373,212.0
20-1,EMB_STD,raw,10,444,311.0489801168442,272.0
20-1,EMB_STD,raw,11,505,386.8356339931488,335.0
20-1,EMB_STD,raw,12,697,581.3715339899063,471.0
20-1,EMB_STD,raw,13,1177,1064.2708547711372,936.0
20-1,EMB_STD,raw,14,19336,19191.44080775976,18864.0
20-1,EMB_STD,source_temperature,0,0,0.0,0.0
20-1,EMB_STD,source_temperature,1,0,0.0,0.0
20-1,EMB_STD,source_temperature,2,0,0.0,0.0
20-1,EMB_STD,source_temperature,3,14,3.4712003298813356,5.0
20-1,EMB_STD,source_temperature,4,61,18.504623718696163,17.0
20-1,EMB_STD,source_temperature,5,138,51.00677672716293,66.0
20-1,EMB_STD,source_temperature,6,252,110.41804167762437,120.0
20-1,EMB_STD,source_temperature,7,525,263.76320306154844,289.0
20-1,EMB_STD,source_temperature,8,605,343.3091631507504,352.0
20-1,EMB_STD,source_temperature,9,682,431.00520257020935,457.0
20-1,EMB_STD,source_temperature,10,802,562.8075282734865,587.0
20-1,EMB_STD,source_temperature,11,955,732.7687529512442,760.0
20-1,EMB_STD,source_temperature,12,1510,1262.8932495880301,1304.0
20-1,EMB_STD,source_temperature,13,3018,2732.897337237009,2821.0
20-1,EMB_STD,source_temperature,14,14798,14447.697832410457,14707.0
20-1,P0,raw,0,0,0.0,0.0
20-1,P0,raw,1,0,0.0,0.0
20-1,P0,raw,2,0,0.0,0.0
20-1,P0,raw,3,2,0.45896998047828674,0.0
20-1,P0,raw,4,23,7.052407264709473,5.0
20-1,P0,raw,5,59,21.88129612803459,18.999999999999996
20-1,P0,raw,6,97,42.17732813954353,37.0
20-1,P0,raw,7,255,129.27477234601974,114.0
20-1,P0,raw,8,407,230.38687586784363,201.0
20-1,P0,raw,9,424,268.9878957271576,241.0
20-1,P0,raw,10,479,336.1384688615799,293.0
20-1,P0,raw,11,555,425.66960150003433,362.0
20-1,P0,raw,12,779,651.1005495786667,570.0
20-1,P0,raw,13,1396,1262.4679435491562,1126.0
20-1,P0,raw,14,18884,18728.273979723454,18381.0
20-1,P0,source_temperature,0,0,0.0,0.0
20-1,P0,source_temperature,1,0,0.0,0.0
20-1,P0,source_temperature,2,0,0.0,0.0
20-1,P0,source_temperature,3,13,3.1968931637896243,2.0
20-1,P0,source_temperature,4,62,19.064987724204993,23.0
20-1,P0,source_temperature,5,122,45.32422673939379,39.0
20-1,P0,source_temperature,6,188,81.81610645222078,77.0
20-1,P0,source_temperature,7,496,250.36676611988182,249.0
20-1,P0,source_temperature,8,667,378.92268289256475,407.0
20-1,P0,source_temperature,9,644,408.5170084872037,402.0
20-1,P0,source_temperature,10,781,548.0417540650747,577.0
20-1,P0,source_temperature,11,1064,817.8953797947935,866.0
20-1,P0,source_temperature,12,1432,1197.0286443545551,1205.0
20-1,P0,source_temperature,13,2762,2499.4952696408996,2520.0
20-1,P0,source_temperature,14,15129,14793.969779262108,14982.0
20-1,P2,raw,0,0,0.0,0.0
20-1,P2,raw,1,0,0.0,0.0
20-1,P2,raw,2,0,0.0,0.0
20-1,P2,raw,3,3,0.7709593027830122,1.0
20-1,P2,raw,4,24,7.408152729272842,7.0
20-1,P2,raw,5,64,23.785854667425156,13.999999999999998
20-1,P2,raw,6,112,49.03393900394439,43.0
20-1,P2,raw,7,245,124.03481221199036,106.0
20-1,P2,raw,8,303,171.78433322906494,165.0
20-1,P2,raw,9,301,190.95850032567978,162.0
20-1,P2,raw,10,380,266.4738772511482,242.0
20-1,P2,raw,11,407,312.6983191370964,254.0
20-1,P2,raw,12,534,446.01316064596176,382.0
20-1,P2,raw,13,850,767.9780777096748,648.0
20-1,P2,raw,14,20137,20038.889269053936,19639.0
20-1,P2,source_temperature,0,0,0.0,0.0
20-1,P2,source_temperature,1,0,0.0,0.0
20-1,P2,source_temperature,2,0,0.0,0.0
20-1,P2,source_temperature,3,21,5.207550898865004,4.999999999999999
20-1,P2,source_temperature,4,88,26.726871790855455,23.0
20-1,P2,source_temperature,5,178,65.63913272921491,71.0
20-1,P2,source_temperature,6,243,105.93857669854182,114.0
20-1,P2,source_temperature,7,443,223.38754079955734,238.0
20-1,P2,source_temperature,8,515,291.5511091007098,317.0
20-1,P2,source_temperature,9,545,345.43132778734594,360.0
20-1,P2,source_temperature,10,594,416.92184414850465,444.0
20-1,P2,source_temperature,11,744,572.3595792064139,579.0
20-1,P2,source_temperature,12,1093,912.878597118508,934.0
20-1,P2,source_temperature,13,2133,1930.6494541288575,1986.0
20-1,P2,source_temperature,14,16763,16475.519810220612,16592.0
20-1,SAR_GN,raw,0,0,0.0,0.0
20-1,SAR_GN,raw,1,0,0.0,0.0
20-1,SAR_GN,raw,2,0,0.0,0.0
20-1,SAR_GN,raw,3,2,0.45896998047828674,0.0
20-1,SAR_GN,raw,4,23,7.052407264709473,5.0
20-1,SAR_GN,raw,5,59,21.88129612803459,18.999999999999996
20-1,SAR_GN,raw,6,97,42.17732813954353,37.0
20-1,SAR_GN,raw,7,255,129.27477234601974,114.0
20-1,SAR_GN,raw,8,407,230.38687586784363,201.0
20-1,SAR_GN,raw,9,424,268.9878957271576,241.0
20-1,SAR_GN,raw,10,479,336.1384688615799,293.0
20-1,SAR_GN,raw,11,555,425.66960150003433,362.0
20-1,SAR_GN,raw,12,779,651.1005495786667,570.0
20-1,SAR_GN,raw,13,1396,1262.4679435491562,1126.0
20-1,SAR_GN,raw,14,18884,18728.273979723454,18381.0
20-1,SAR_GN,source_temperature,0,0,0.0,0.0
20-1,SAR_GN,source_temperature,1,0,0.0,0.0
20-1,SAR_GN,source_temperature,2,0,0.0,0.0
20-1,SAR_GN,source_temperature,3,13,3.1968973632813364,2.0
20-1,SAR_GN,source_temperature,4,62,19.065009843502974,23.0
20-1,SAR_GN,source_temperature,5,122,45.32424396989947,39.0
20-1,SAR_GN,source_temperature,6,188,81.81616713838457,77.0
20-1,SAR_GN,source_temperature,7,496,250.3668958639535,249.0
20-1,SAR_GN,source_temperature,8,667,378.92288563063613,407.0
20-1,SAR_GN,source_temperature,9,644,408.51728078027287,402.0
20-1,SAR_GN,source_temperature,10,781,548.0422312267237,577.0
20-1,SAR_GN,source_temperature,11,1064,817.8961679947588,866.0
20-1,SAR_GN,source_temperature,12,1432,1197.0297038575059,1205.0
20-1,SAR_GN,source_temperature,13,2762,2499.4969200141036,2520.0
20-1,SAR_GN,source_temperature,14,15129,14793.973166296742,14982.0
20-1,T3A,raw,0,0,0.0,0.0
20-1,T3A,raw,1,0,0.0,0.0
20-1,T3A,raw,2,0,0.0,0.0
20-1,T3A,raw,3,18,4.441864758729934,4.0
20-1,T3A,raw,4,60,18.36538001894951,25.0
20-1,T3A,raw,5,246,91.57068106532097,115.0
20-1,T3A,raw,6,638,280.76129925251007,352.0
20-1,T3A,raw,7,1054,526.9648094773293,699.0
20-1,T3A,raw,8,1219,692.2740058302879,894.0
20-1,T3A,raw,9,1369,867.8716765642166,1131.0
20-1,T3A,raw,10,1874,1314.4574632644653,1686.0
20-1,T3A,raw,11,2512,1929.0227004885674,2408.0
20-1,T3A,raw,12,3015,2516.838098704815,2958.0
20-1,T3A,raw,13,4180,3774.577364563942,4174.0
20-1,T3A,raw,14,7175,6880.40428596735,7175.0
20-1,T3A,source_temperature,0,0,0.0,0.0
20-1,T3A,source_temperature,1,0,0.0,0.0
20-1,T3A,source_temperature,2,0,0.0,0.0
20-1,T3A,source_temperature,3,5,1.3085913559227373,0.0
20-1,T3A,source_temperature,4,17,5.257704027980999,6.0
20-1,T3A,source_temperature,5,63,23.50916443319529,25.0
20-1,T3A,source_temperature,6,189,82.95673376144485,91.0
20-1,T3A,source_temperature,7,507,255.07073748700955,260.0
20-1,T3A,source_temperature,8,621,351.59681205903803,374.0
20-1,T3A,source_temperature,9,640,405.3918387405096,444.0
20-1,T3A,source_temperature,10,863,605.9232683228863,622.0
20-1,T3A,source_temperature,11,985,756.8403953350871,785.0
20-1,T3A,source_temperature,12,1421,1188.5396052999993,1210.0
20-1,T3A,source_temperature,13,2755,2491.6298924241664,2588.0
20-1,T3A,source_temperature,14,15294,15048.990391472838,15216.0
20-19,EMB_STD,raw,0,0,0.0,0.0
20-19,EMB_STD,raw,1,0,0.0,0.0
20-19,EMB_STD,raw,2,0,0.0,0.0
20-19,EMB_STD,raw,3,0,0.0,0.0
20-19,EMB_STD,raw,4,15,4.603188395500182,6.0
20-19,EMB_STD,raw,5,56,20.9232517182827,20.0
20-19,EMB_STD,raw,6,152,66.60614138841629,54.0
20-19,EMB_STD,raw,7,333,168.17714074254036,137.0
20-19,EMB_STD,raw,8,416,235.922478556633,183.99999999999997
20-19,EMB_STD,raw,9,414,262.92032343149185,204.0
20-19,EMB_STD,raw,10,455,318.7087759375572,260.0
20-19,EMB_STD,raw,11,504,386.6045138835907,303.0
20-19,EMB_STD,raw,12,689,575.5777907371521,471.0
20-19,EMB_STD,raw,13,1115,1006.909968495369,825.0
20-19,EMB_STD,raw,14,19211,19088.491140127182,18534.0
20-19,EMB_STD,source_temperature,0,0,0.0,0.0
20-19,EMB_STD,source_temperature,1,0,0.0,0.0
20-19,EMB_STD,source_temperature,2,0,0.0,0.0
20-19,EMB_STD,source_temperature,3,9,2.29171980121176,3.0
20-19,EMB_STD,source_temperature,4,51,15.632030751656984,21.0
20-19,EMB_STD,source_temperature,5,192,71.42191164919726,73.99999999999999
20-19,EMB_STD,source_temperature,6,366,159.97332408288773,140.0
20-19,EMB_STD,source_temperature,7,648,324.8553998305928,308.0
20-19,EMB_STD,source_temperature,8,632,358.8217116708462,338.0
20-19,EMB_STD,source_temperature,9,660,418.3465574550642,417.0
20-19,EMB_STD,source_temperature,10,753,528.1746826288609,514.0
20-19,EMB_STD,source_temperature,11,912,700.9105735781839,697.0
20-19,EMB_STD,source_temperature,12,1205,1007.2821974501587,990.0
20-19,EMB_STD,source_temperature,13,2287,2070.4409085750003,2025.0
20-19,EMB_STD,source_temperature,14,15645,15309.568454935057,15471.0
20-19,P0,raw,0,0,0.0,0.0
20-19,P0,raw,1,0,0.0,0.0
20-19,P0,raw,2,0,0.0,0.0
20-19,P0,raw,3,0,0.0,0.0
20-19,P0,raw,4,6,1.926193445920944,0.0
20-19,P0,raw,5,68,25.504900246858593,20.0
20-19,P0,raw,6,148,64.52956661581993,48.0
20-19,P0,raw,7,370,186.80711224675179,162.99999999999997
20-19,P0,raw,8,466,263.93631410598755,226.0
20-19,P0,raw,9,450,284.9907295703888,226.0
20-19,P0,raw,10,461,323.18705254793167,250.0
20-19,P0,raw,11,565,433.4657697081566,333.0
20-19,P0,raw,12,705,590.0078883171082,461.0
20-19,P0,raw,13,1125,1015.372188270092,825.0
20-19,P0,raw,14,18996,18877.49745953083,18317.0
20-19,P0,source_temperature,0,0,0.0,0.0
20-19,P0,source_temperature,1,0,0.0,0.0
20-19,P0,source_temperature,2,0,0.0,0.0
20-19,P0,source_temperature,3,1,0.264630598907436,0.0
20-19,P0,source_temperature,4,50,15.654195303883965,21.0
20-19,P0,source_temperature,5,188,69.80946756325736,61.0
20-19,P0,source_temperature,6,401,175.26339301615508,173.0
20-19,P0,source_temperature,7,659,330.2639332242708,316.99999999999994
20-19,P0,source_temperature,8,659,373.2604820973431,351.0
20-19,P0,source_temperature,9,678,429.7365290260185,400.0
20-19,P0,source_temperature,10,812,568.9398296317248,563.0
20-19,P0,source_temperature,11,871,669.0747780969398,636.0
20-19,P0,source_temperature,12,1178,983.2881003682332,951.0
20-19,P0,source_temperature,13,2049,1852.5117848763643,1796.0
20-19,P0,source_temperature,14,15814,15506.51853493871,15600.0
20-19,P2,raw,0,0,0.0,0.0
20-19,P2,raw,1,0,0.0,0.0
20-19,P2,raw,2,0,0.0,0.0
20-19,P2,raw,3,1,0.2636089324951172,0.0
20-19,P2,raw,4,12,3.785575270652771,2.0
20-19,P2,raw,5,58,21.70335564017296,20.0
20-19,P2,raw,6,143,62.58701550960541,47.0
20-19,P2,raw,7,331,166.76460534334183,127.0
20-19,P2,raw,8,415,235.4128479361534,180.0
20-19,P2,raw,9,433,274.726911008358,210.0
20-19,P2,raw,10,514,359.7551050186157,243.0
20-19,P2,raw,11,533,409.2665801048279,295.0
20-19,P2,raw,12,597,498.0755389928818,348.0
20-19,P2,raw,13,1003,906.1225818991661,606.0
20-19,P2,raw,14,19320,19225.091827630997,18008.0
20-19,P2,source_temperature,0,0,0.0,0.0
20-19,P2,source_temperature,1,0,0.0,0.0
20-19,P2,source_temperature,2,0,0.0,0.0
20-19,P2,source_temperature,3,10,2.4879323221588945,2.0
20-19,P2,source_temperature,4,83,25.553651943189863,27.0
20-19,P2,source_temperature,5,287,106.4303559885636,98.0
20-19,P2,source_temperature,6,491,213.70009993448082,203.0
20-19,P2,source_temperature,7,760,380.38238776848914,355.0
20-19,P2,source_temperature,8,806,457.73245856607093,418.0
20-19,P2,source_temperature,9,722,457.2117968518018,436.0
20-19,P2,source_temperature,10,813,570.4674568568553,507.0
20-19,P2,source_temperature,11,986,757.659284239559,706.0
20-19,P2,source_temperature,12,1315,1098.023129326886,1027.0
20-19,P2,source_temperature,13,2202,1991.3267278104192,1859.0
20-19,P2,source_temperature,14,14885,14613.835541766677,14448.0
20-19,SAR_GN,raw,0,0,0.0,0.0
20-19,SAR_GN,raw,1,0,0.0,0.0
20-19,SAR_GN,raw,2,0,0.0,0.0
20-19,SAR_GN,raw,3,0,0.0,0.0
20-19,SAR_GN,raw,4,6,1.926193445920944,0.0
20-19,SAR_GN,raw,5,68,25.504900246858593,20.0
20-19,SAR_GN,raw,6,148,64.52956661581993,48.0
20-19,SAR_GN,raw,7,370,186.80711224675179,162.99999999999997
20-19,SAR_GN,raw,8,466,263.93631410598755,226.0
20-19,SAR_GN,raw,9,450,284.9907295703888,226.0
20-19,SAR_GN,raw,10,461,323.18705254793167,250.0
20-19,SAR_GN,raw,11,565,433.4657697081566,333.0
20-19,SAR_GN,raw,12,705,590.0078883171082,461.0
20-19,SAR_GN,raw,13,1125,1015.372188270092,825.0
20-19,SAR_GN,raw,14,18996,18877.49745953083,18317.0
20-19,SAR_GN,source_temperature,0,0,0.0,0.0
20-19,SAR_GN,source_temperature,1,0,0.0,0.0
20-19,SAR_GN,source_temperature,2,0,0.0,0.0
20-19,SAR_GN,source_temperature,3,1,0.2646256620310758,0.0
20-19,SAR_GN,source_temperature,4,50,15.65315862555894,21.0
20-19,SAR_GN,source_temperature,5,188,69.80259050178188,61.0
20-19,SAR_GN,source_temperature,6,401,175.24238537451131,173.0
20-19,SAR_GN,source_temperature,7,659,330.2274577499278,316.99999999999994
20-19,SAR_GN,source_temperature,8,660,373.8153416475865,351.0
20-19,SAR_GN,source_temperature,9,679,430.40951587110237,402.0
20-19,SAR_GN,source_temperature,10,813,569.7248433807584,564.0
20-19,SAR_GN,source_temperature,11,872,669.9859047438183,636.0
20-19,SAR_GN,source_temperature,12,1178,983.4337510692569,951.0
20-19,SAR_GN,source_temperature,13,2050,1853.5433931368257,1798.0
20-19,SAR_GN,source_temperature,14,15809,15501.4023249815,15595.0
20-19,T3A,raw,0,0,0.0,0.0
20-19,T3A,raw,1,0,0.0,0.0
20-19,T3A,raw,2,0,0.0,0.0
20-19,T3A,raw,3,10,2.462517157196998,1.0
20-19,T3A,raw,4,106,32.69349285960197,39.0
20-19,T3A,raw,5,499,185.2134582698345,250.0
20-19,T3A,raw,6,984,427.9126842617988,570.0
20-19,T3A,raw,7,1154,575.8645142018795,735.0
20-19,T3A,raw,8,1051,595.0010052919388,734.0
20-19,T3A,raw,9,1148,727.8037141561508,942.0
20-19,T3A,raw,10,1354,947.8468872308731,1197.0
20-19,T3A,raw,11,1673,1284.8234651088715,1574.0
20-19,T3A,raw,12,2366,1975.5233321785927,2297.0
20-19,T3A,raw,13,3789,3425.942667067051,3761.0
20-19,T3A,raw,14,9226,8889.273776710033,9226.0
20-19,T3A,source_temperature,0,0,0.0,0.0
20-19,T3A,source_temperature,1,0,0.0,0.0
20-19,T3A,source_temperature,2,0,0.0,0.0
20-19,T3A,source_temperature,3,1,0.2573308671066693,0.0
20-19,T3A,source_temperature,4,6,1.7939772809527041,1.0
20-19,T3A,source_temperature,5,95,35.20389925163826,33.0
20-19,T3A,source_temperature,6,271,118.83650070370906,120.0
20-19,T3A,source_temperature,7,607,304.92172929713456,314.0
20-19,T3A,source_temperature,8,638,361.86423884221523,371.0
20-19,T3A,source_temperature,9,625,396.03441092787637,391.0
20-19,T3A,source_temperature,10,668,467.0191469176281,452.0
20-19,T3A,source_temperature,11,802,615.7582307932744,595.0
20-19,T3A,source_temperature,12,996,831.9277236187365,799.0
20-19,T3A,source_temperature,13,1693,1528.3658724630093,1499.0
20-19,T3A,source_temperature,14,16958,16795.163233798525,16751.0
20-20,EMB_STD,raw,0,0,0.0,0.0
20-20,EMB_STD,raw,1,0,0.0,0.0
20-20,EMB_STD,raw,2,0,0.0,0.0
20-20,EMB_STD,raw,3,2,0.4930490255355834,0.0
20-20,EMB_STD,raw,4,30,9.266304343938826,9.0
20-20,EMB_STD,raw,5,172,64.19656273722649,46.99999999999999
20-20,EMB_STD,raw,6,291,127.13813948631287,88.99999999999999
20-20,EMB_STD,raw,7,585,294.5033988952637,240.0
20-20,EMB_STD,raw,8,737,417.981406211853,305.0
20-20,EMB_STD,raw,9,749,474.18429404497147,358.0
20-20,EMB_STD,raw,10,767,536.7821527719498,344.0
20-20,EMB_STD,raw,11,877,672.6517826914787,455.0
20-20,EMB_STD,raw,12,1026,855.7440685033798,600.0
20-20,EMB_STD,raw,13,1577,1423.9150756001472,1016.0
20-20,EMB_STD,raw,14,16547,16397.477704167366,15172.0
20-20,EMB_STD,source_temperature,0,0,0.0,0.0
20-20,EMB_STD,source_temperature,1,0,0.0,0.0
20-20,EMB_STD,source_temperature,2,0,0.0,0.0
20-20,EMB_STD,source_temperature,3,23,5.733582555885428,7.0
20-20,EMB_STD,source_temperature,4,209,64.34317585922253,52.99999999999999
20-20,EMB_STD,source_temperature,5,477,176.4488182872473,145.99999999999997
20-20,EMB_STD,source_temperature,6,798,348.0558146269364,295.0
20-20,EMB_STD,source_temperature,7,1130,566.0345361836909,523.0
20-20,EMB_STD,source_temperature,8,1157,654.3672940628967,561.0
20-20,EMB_STD,source_temperature,9,1124,712.0706337726208,623.0
20-20,EMB_STD,source_temperature,10,1148,803.6894954669083,708.0
20-20,EMB_STD,source_temperature,11,1328,1019.485320769687,922.0
20-20,EMB_STD,source_temperature,12,1863,1556.5085233499055,1425.0
20-20,EMB_STD,source_temperature,13,2948,2664.164341671698,2549.0
20-20,EMB_STD,source_temperature,14,11155,10897.67310368063,10823.0
20-20,P0,raw,0,0,0.0,0.0
20-20,P0,raw,1,0,0.0,0.0
20-20,P0,raw,2,0,0.0,0.0
20-20,P0,raw,3,4,1.026201397180557,1.0
20-20,P0,raw,4,61,19.070613473653793,15.0
20-20,P0,raw,5,243,90.20644915103912,61.0
20-20,P0,raw,6,415,181.77950513362885,129.0
20-20,P0,raw,7,756,381.0788502693176,261.0
20-20,P0,raw,8,781,442.99797213077545,318.0
20-20,P0,raw,9,831,526.3542446494102,376.0
20-20,P0,raw,10,857,600.7983604073524,405.0
20-20,P0,raw,11,990,759.7455956935883,545.0
20-20,P0,raw,12,1168,975.3292959928513,661.0
20-20,P0,raw,13,1843,1664.8822185993195,1214.0
20-20,P0,raw,14,15411,15238.07408541441,14227.0
20-20,P0,source_temperature,0,0,0.0,0.0
20-20,P0,source_temperature,1,0,0.0,0.0
20-20,P0,source_temperature,2,0,0.0,0.0
20-20,P0,source_temperature,3,34,8.551062274267734,12.0
20-20,P0,source_temperature,4,270,82.97779328445526,65.0
20-20,P0,source_temperature,5,643,237.22916863632244,180.99999999999994
20-20,P0,source_temperature,6,964,419.96735134520867,336.0
20-20,P0,source_temperature,7,1233,615.4658182909088,532.9999999999999
20-20,P0,source_temperature,8,1174,664.738533760958,576.0
20-20,P0,source_temperature,9,1181,748.5069566644949,663.0
20-20,P0,source_temperature,10,1219,854.0346143284414,727.0
20-20,P0,source_temperature,11,1490,1144.0418807944066,999.0
20-20,P0,source_temperature,12,1939,1620.6668441036638,1504.0
20-20,P0,source_temperature,13,3290,2973.1728164419565,2930.0
20-20,P0,source_temperature,14,9923,9653.66834844158,9687.0
20-20,P2,raw,0,0,0.0,0.0
20-20,P2,raw,1,0,0.0,0.0
20-20,P2,raw,2,0,0.0,0.0
20-20,P2,raw,3,3,0.745334357023239,0.0
20-20,P2,raw,4,41,12.465054750442505,13.0
20-20,P2,raw,5,167,61.526849001646035,42.0
20-20,P2,raw,6,248,107.84683024883269,80.0
20-20,P2,raw,7,525,264.80543795228004,197.0
20-20,P2,raw,8,670,379.8516896367073,271.0
20-20,P2,raw,9,678,429.0499332547188,295.0
20-20,P2,raw,10,732,513.2649141550064,334.0
20-20,P2,raw,11,824,632.2215722203255,426.0
20-20,P2,raw,12,983,820.481998026371,541.0
20-20,P2,raw,13,1435,1295.2343182563782,866.0
20-20,P2,raw,14,17054,16930.025121986866,15427.0
20-20,P2,source_temperature,0,0,0.0,0.0
20-20,P2,source_temperature,1,0,0.0,0.0
20-20,P2,source_temperature,2,1,0.199214293592087,0.0
20-20,P2,source_temperature,3,36,8.837671625518222,11.0
20-20,P2,source_temperature,4,253,77.23885409911514,60.99999999999999
20-20,P2,source_temperature,5,460,169.90274562143065,150.0
20-20,P2,source_temperature,6,747,324.7190923297172,265.0
20-20,P2,source_temperature,7,1076,538.8600770273223,482.0
20-20,P2,source_temperature,8,1139,645.3169810249558,567.0
20-20,P2,source_temperature,9,1070,677.8370957245929,588.0
20-20,P2,source_temperature,10,1138,797.2436683476406,674.0
20-20,P2,source_temperature,11,1281,982.9003046607471,826.0
20-20,P2,source_temperature,12,1631,1361.9457518297372,1171.0
20-20,P2,source_temperature,13,2736,2472.8400348573387,2259.0
20-20,P2,source_temperature,14,11792,11532.05180023758,11438.0
20-20,SAR_GN,raw,0,0,0.0,0.0
20-20,SAR_GN,raw,1,0,0.0,0.0
20-20,SAR_GN,raw,2,0,0.0,0.0
20-20,SAR_GN,raw,3,4,1.026201397180557,1.0
20-20,SAR_GN,raw,4,61,19.070613473653793,15.0
20-20,SAR_GN,raw,5,243,90.20644915103912,61.0
20-20,SAR_GN,raw,6,415,181.77950513362885,129.0
20-20,SAR_GN,raw,7,756,381.0788502693176,261.0
20-20,SAR_GN,raw,8,781,442.99797213077545,318.0
20-20,SAR_GN,raw,9,831,526.3542446494102,376.0
20-20,SAR_GN,raw,10,857,600.7983604073524,405.0
20-20,SAR_GN,raw,11,990,759.7455956935883,545.0
20-20,SAR_GN,raw,12,1168,975.3292959928513,661.0
20-20,SAR_GN,raw,13,1843,1664.8822185993195,1214.0
20-20,SAR_GN,raw,14,15411,15238.07408541441,14227.0
20-20,SAR_GN,source_temperature,0,0,0.0,0.0
20-20,SAR_GN,source_temperature,1,0,0.0,0.0
20-20,SAR_GN,source_temperature,2,0,0.0,0.0
20-20,SAR_GN,source_temperature,3,34,8.551044803211806,12.0
20-20,SAR_GN,source_temperature,4,270,82.97749780734489,65.0
20-20,SAR_GN,source_temperature,5,643,237.22828677760918,180.99999999999994
20-20,SAR_GN,source_temperature,6,964,419.9654209140477,336.0
20-20,SAR_GN,source_temperature,7,1233,615.4626365829713,532.9999999999999
20-20,SAR_GN,source_temperature,8,1174,664.7353930133618,576.0
20-20,SAR_GN,source_temperature,9,1181,748.5031991834196,663.0
20-20,SAR_GN,source_temperature,10,1219,854.0305573893212,727.0
20-20,SAR_GN,source_temperature,11,1490,1144.0371232826042,999.0
20-20,SAR_GN,source_temperature,12,1939,1620.6612898559404,1504.0
20-20,SAR_GN,source_temperature,13,3290,2973.1651856433314,2930.0
20-20,SAR_GN,source_temperature,14,9923,9653.656528688703,9687.0
20-20,T3A,raw,0,0,0.0,0.0
20-20,T3A,raw,1,0,0.0,0.0
20-20,T3A,raw,2,0,0.0,0.0
20-20,T3A,raw,3,87,21.601047083735462,19.999999999999996
20-20,T3A,raw,4,510,156.63291111588478,164.0
20-20,T3A,raw,5,1023,377.58426854014397,426.99999999999994
20-20,T3A,raw,6,1471,639.3860310614109,722.0
20-20,T3A,raw,7,1706,852.1653938293457,933.0
20-20,T3A,raw,8,1733,981.1930565834045,1140.0
20-20,T3A,raw,9,1956,1240.2740440368652,1507.0
20-20,T3A,raw,10,2045,1432.6303756833076,1661.0
20-20,T3A,raw,11,2505,1923.053800880909,2271.0
20-20,T3A,raw,12,3320,2770.551330268383,3157.0
20-20,T3A,raw,13,4491,4049.6744688153267,4408.0
20-20,T3A,raw,14,2513,2396.622874736786,2500.0
20-20,T3A,source_temperature,0,0,0.0,0.0
20-20,T3A,source_temperature,1,0,0.0,0.0
20-20,T3A,source_temperature,2,0,0.0,0.0
20-20,T3A,source_temperature,3,18,4.619513525680787,4.0
20-20,T3A,source_temperature,4,156,47.89038808983446,36.99999999999999
20-20,T3A,source_temperature,5,429,158.96194673514685,142.0
20-20,T3A,source_temperature,6,717,312.42325892975566,279.0
20-20,T3A,source_temperature,7,1171,586.6327194195783,543.0
20-20,T3A,source_temperature,8,1119,634.9271042444586,551.0
20-20,T3A,source_temperature,9,1171,741.9437967646347,679.0
20-20,T3A,source_temperature,10,1240,868.3178510724695,768.0
20-20,T3A,source_temperature,11,1499,1150.4739982970934,1099.0
20-20,T3A,source_temperature,12,2002,1672.5284702516378,1586.0
20-20,T3A,source_temperature,13,3459,3126.4637444915197,3097.0
20-20,T3A,source_temperature,14,10379,10103.68482382028,10125.0
23-1,EMB_STD,raw,0,0,0.0,0.0
23-1,EMB_STD,raw,1,0,0.0,0.0
23-1,EMB_STD,raw,2,0,0.0,0.0
23-1,EMB_STD,raw,3,0,0.0,0.0
23-1,EMB_STD,raw,4,22,6.8002722561359406,2.9999999999999996
23-1,EMB_STD,raw,5,70,26.21663579344749,18.0
23-1,EMB_STD,raw,6,123,53.52983847260475,43.0
23-1,EMB_STD,raw,7,372,187.7131470143795,178.0
23-1,EMB_STD,raw,8,448,253.93066084384918,240.0
23-1,EMB_STD,raw,9,472,299.449426651001,273.0
23-1,EMB_STD,raw,10,505,353.8269708752632,321.0
23-1,EMB_STD,raw,11,608,467.9672739505768,408.0
23-1,EMB_STD,raw,12,822,687.0752995014191,610.0
23-1,EMB_STD,raw,13,1384,1251.6442335247993,1171.0
23-1,EMB_STD,raw,14,18534,18376.172878444195,18221.0
23-1,EMB_STD,source_temperature,0,0,0.0,0.0
23-1,EMB_STD,source_temperature,1,0,0.0,0.0
23-1,EMB_STD,source_temperature,2,0,0.0,0.0
23-1,EMB_STD,source_temperature,3,18,4.54697579875708,1.0
23-1,EMB_STD,source_temperature,4,94,28.75055018316608,24.999999999999996
23-1,EMB_STD,source_temperature,5,203,75.16681049397553,72.0
23-1,EMB_STD,source_temperature,6,442,193.3995706739553,234.0
23-1,EMB_STD,source_temperature,7,757,378.57422730972195,425.0
23-1,EMB_STD,source_temperature,8,796,451.5330038322155,495.0
23-1,EMB_STD,source_temperature,9,850,538.7281653990344,627.0
23-1,EMB_STD,source_temperature,10,965,676.3618863479876,785.0
23-1,EMB_STD,source_temperature,11,1244,955.2414371899486,1089.0
23-1,EMB_STD,source_temperature,12,1959,1638.1082984784534,1822.0
23-1,EMB_STD,source_temperature,13,4011,3629.852288086373,3921.0
23-1,EMB_STD,source_temperature,14,12021,11660.868204592523,11990.0
23-1,P0,raw,0,0,0.0,0.0
23-1,P0,raw,1,0,0.0,0.0
23-1,P0,raw,2,0,0.0,0.0
23-1,P0,raw,3,5,1.17157107591629,2.0
23-1,P0,raw,4,29,8.954885572195053,8.0
23-1,P0,raw,5,83,30.9637970328331,25.0
23-1,P0,raw,6,158,68.97270828485489,63.0
23-1,P0,raw,7,408,205.84095537662506,205.99999999999997
23-1,P0,raw,8,440,249.74346882104874,218.0
23-1,P0,raw,9,502,318.65357583761215,287.0
23-1,P0,raw,10,594,416.0294560790062,379.0
23-1,P0,raw,11,681,523.0652815103531,474.0
23-1,P0,raw,12,875,730.7811758518219,673.0
23-1,P0,raw,13,1554,1406.3993868231773,1318.0
23-1,P0,raw,14,18031,17862.268247306347,17758.0
23-1,P0,source_temperature,0,0,0.0,0.0
23-1,P0,source_temperature,1,0,0.0,0.0
23-1,P0,source_temperature,2,1,0.1986193777689531,1.0
23-1,P0,source_temperature,3,16,3.900404577904807,4.0
23-1,P0,source_temperature,4,90,27.516849905963277,20.0
23-1,P0,source_temperature,5,203,75.56468204039032,82.0
23-1,P0,source_temperature,6,404,176.0624631468947,190.0
23-1,P0,source_temperature,7,671,336.08896312246947,345.0
23-1,P0,source_temperature,8,819,462.9971631712209,536.0
23-1,P0,source_temperature,9,822,521.7790381287905,570.0
23-1,P0,source_temperature,10,929,650.6518992674365,723.0
23-1,P0,source_temperature,11,1209,929.147279408812,1038.0
23-1,P0,source_temperature,12,1673,1397.8587759056309,1534.0
23-1,P0,source_temperature,13,3138,2838.917305347195,3022.0
23-1,P0,source_temperature,14,13385,13030.533241872938,13346.0
23-1,P2,raw,0,0,0.0,0.0
23-1,P2,raw,1,0,0.0,0.0
23-1,P2,raw,2,0,0.0,0.0
23-1,P2,raw,3,2,0.5055249333381652,0.0
23-1,P2,raw,4,7,2.0638831257820125,0.0
23-1,P2,raw,5,46,16.97605162858963,11.999999999999998
23-1,P2,raw,6,74,32.15673694014549,19.0
23-1,P2,raw,7,194,97.99827337265015,63.0
23-1,P2,raw,8,274,155.08568143844604,120.0
23-1,P2,raw,9,302,190.46019500494003,137.0
23-1,P2,raw,10,276,193.71618539094925,125.0
23-1,P2,raw,11,353,271.2038741707802,211.0
23-1,P2,raw,12,470,392.545671582222,293.0
23-1,P2,raw,13,708,639.9346808195114,513.0
23-1,P2,raw,14,20654,20575.67164170742,19878.0
23-1,P2,source_temperature,0,0,0.0,0.0
23-1,P2,source_temperature,1,0,0.0,0.0
23-1,P2,source_temperature,2,0,0.0,0.0
23-1,P2,source_temperature,3,24,5.935447751338409,1.0
23-1,P2,source_temperature,4,96,28.76605823235804,25.0
23-1,P2,source_temperature,5,174,64.01401801818471,48.0
23-1,P2,source_temperature,6,320,139.5082314842158,134.99999999999997
23-1,P2,source_temperature,7,573,287.31422958106043,267.0
23-1,P2,source_temperature,8,614,348.88507456105634,353.0
23-1,P2,source_temperature,9,616,389.8479963550811,428.0
23-1,P2,source_temperature,10,714,501.2927445651929,512.0
23-1,P2,source_temperature,11,989,759.3081159003666,819.0
23-1,P2,source_temperature,12,1427,1193.0582801155958,1242.0
23-1,P2,source_temperature,13,2999,2716.8552937203563,2845.0
23-1,P2,source_temperature,14,14814,14452.32282586986,14696.0
23-1,SAR_GN,raw,0,0,0.0,0.0
23-1,SAR_GN,raw,1,0,0.0,0.0
23-1,SAR_GN,raw,2,0,0.0,0.0
23-1,SAR_GN,raw,3,5,1.17157107591629,2.0
23-1,SAR_GN,raw,4,29,8.954885572195053,8.0
23-1,SAR_GN,raw,5,83,30.9637970328331,25.0
23-1,SAR_GN,raw,6,158,68.97270828485489,63.0
23-1,SAR_GN,raw,7,408,205.84095537662506,205.99999999999997
23-1,SAR_GN,raw,8,440,249.74346882104874,218.0
23-1,SAR_GN,raw,9,502,318.65357583761215,287.0
23-1,SAR_GN,raw,10,594,416.0294560790062,379.0
23-1,SAR_GN,raw,11,681,523.0652815103531,474.0
23-1,SAR_GN,raw,12,875,730.7811758518219,673.0
23-1,SAR_GN,raw,13,1554,1406.3993868231773,1318.0
23-1,SAR_GN,raw,14,18031,17862.268247306347,17758.0
23-1,SAR_GN,source_temperature,0,0,0.0,0.0
23-1,SAR_GN,source_temperature,1,0,0.0,0.0
23-1,SAR_GN,source_temperature,2,1,0.198618264077552,1.0
23-1,SAR_GN,source_temperature,3,16,3.900373439998918,4.0
23-1,SAR_GN,source_temperature,4,90,27.517092233047258,20.0
23-1,SAR_GN,source_temperature,5,203,75.56479906066218,82.0
23-1,SAR_GN,source_temperature,6,404,176.06238151631393,190.0
23-1,SAR_GN,source_temperature,7,671,336.0892678214941,345.0
23-1,SAR_GN,source_temperature,8,819,462.99846434018065,536.0
23-1,SAR_GN,source_temperature,9,822,521.7798564285407,570.0
23-1,SAR_GN,source_temperature,10,929,650.6532675681015,723.0
23-1,SAR_GN,source_temperature,11,1208,928.3519572889084,1037.0
23-1,SAR_GN,source_temperature,12,1674,1398.6638245875688,1535.0
23-1,SAR_GN,source_temperature,13,3137,2837.9857630970064,3021.0
23-1,SAR_GN,source_temperature,14,13386,13031.486906698881,13346.999999999998
23-1,T3A,raw,0,0,0.0,0.0
23-1,T3A,raw,1,0,0.0,0.0
23-1,T3A,raw,2,1,0.1923290342092514,0.0
23-1,T3A,raw,3,47,11.398696467280386,15.999999999999998
23-1,T3A,raw,4,179,55.16209879517555,58.99999999999999
23-1,T3A,raw,5,446,165.54085114598274,214.0
23-1,T3A,raw,6,814,354.8466347157955,476.0
23-1,T3A,raw,7,1190,595.754172027111,855.0
23-1,T3A,raw,8,1308,742.9503791928291,1067.0
23-1,T3A,raw,9,1608,1020.9668047428131,1451.0
23-1,T3A,raw,10,2009,1409.287159562111,1909.0
23-1,T3A,raw,11,2604,1999.6786694526672,2548.0
23-1,T3A,raw,12,3374,2816.419799745083,3353.0
23-1,T3A,raw,13,4821,4350.7905314564705,4809.0
23-1,T3A,raw,14,4959,4749.403766512871,4959.0
23-1,T3A,source_temperature,0,0,0.0,0.0
23-1,T3A,source_temperature,1,0,0.0,0.0
23-1,T3A,source_temperature,2,0,0.0,0.0
23-1,T3A,source_temperature,3,15,3.7031678273014497,4.0
23-1,T3A,source_temperature,4,38,11.585264607902722,14.0
23-1,T3A,source_temperature,5,142,52.62824844163574,43.0
23-1,T3A,source_temperature,6,293,127.78260259712857,132.0
23-1,T3A,source_temperature,7,563,282.45644573802076,309.0
23-1,T3A,source_temperature,8,642,364.86387401316654,391.0
23-1,T3A,source_temperature,9,722,457.8044316886287,510.0
23-1,T3A,source_temperature,10,883,617.9909356280677,695.0
23-1,T3A,source_temperature,11,1118,859.5632175283739,948.0
23-1,T3A,source_temperature,12,1679,1404.8989986335,1544.0
23-1,T3A,source_temperature,13,2954,2671.299584584576,2862.0
23-1,T3A,source_temperature,14,14311,14027.599506014005,14264.0
23-3,EMB_STD,raw,0,0,0.0,0.0
23-3,EMB_STD,raw,1,0,0.0,0.0
23-3,EMB_STD,raw,2,0,0.0,0.0
23-3,EMB_STD,raw,3,11,2.72871333360672,2.0
23-3,EMB_STD,raw,4,77,23.74885967373848,21.0
23-3,EMB_STD,raw,5,192,70.64373672008514,62.0
23-3,EMB_STD,raw,6,288,125.31056487560272,84.0
23-3,EMB_STD,raw,7,447,223.50477439165115,184.0
23-3,EMB_STD,raw,8,481,272.6375040411949,199.0
23-3,EMB_STD,raw,9,409,258.5671040415764,196.0
23-3,EMB_STD,raw,10,456,319.0450410246849,234.0
23-3,EMB_STD,raw,11,496,380.8281372189522,310.0
23-3,EMB_STD,raw,12,583,486.46193075180054,395.0
23-3,EMB_STD,raw,13,880,794.5940348505974,674.0
23-3,EMB_STD,raw,14,19040,18934.400354862213,18678.0
23-3,EMB_STD,source_temperature,0,0,0.0,0.0
23-3,EMB_STD,source_temperature,1,0,0.0,0.0
23-3,EMB_STD,source_temperature,2,2,0.39851430123456666,0.0
23-3,EMB_STD,source_temperature,3,108,26.690385984114297,30.999999999999996
23-3,EMB_STD,source_temperature,4,415,125.9116787879171,127.99999999999999
23-3,EMB_STD,source_temperature,5,614,224.8112353947211,228.99999999999997
23-3,EMB_STD,source_temperature,6,710,307.35843598383025,315.0
23-3,EMB_STD,source_temperature,7,698,348.60747567830066,372.0
23-3,EMB_STD,source_temperature,8,633,358.03207866029646,411.0
23-3,EMB_STD,source_temperature,9,646,409.70712913620406,473.0
23-3,EMB_STD,source_temperature,10,758,531.2995275724819,611.0
23-3,EMB_STD,source_temperature,11,1011,778.3185035377779,903.0
23-3,EMB_STD,source_temperature,12,1993,1671.7656023681134,1895.0
23-3,EMB_STD,source_temperature,13,4892,4432.505850826963,4823.0
23-3,EMB_STD,source_temperature,14,10880,10520.70003459443,10848.0
23-3,P0,raw,0,0,0.0,0.0
23-3,P0,raw,1,0,0.0,0.0
23-3,P0,raw,2,0,0.0,0.0
23-3,P0,raw,3,15,3.769758209586143,1.0
23-3,P0,raw,4,114,34.98204493522644,36.0
23-3,P0,raw,5,246,90.67119202017784,56.0
23-3,P0,raw,6,388,168.8167105615139,117.99999999999997
23-3,P0,raw,7,536,269.88951525092125,195.0
23-3,P0,raw,8,534,302.8615718483925,209.0
23-3,P0,raw,9,569,360.04719346761703,233.0
23-3,P0,raw,10,525,367.672171831131,252.0
23-3,P0,raw,11,600,459.92136031389236,335.0
23-3,P0,raw,12,638,532.8841792941093,380.0
23-3,P0,raw,13,928,838.1393731832504,664.0
23-3,P0,raw,14,18267,18167.305068016052,17798.0
23-3,P0,source_temperature,0,0,0.0,0.0
23-3,P0,source_temperature,1,0,0.0,0.0
23-3,P0,source_temperature,2,1,0.1875270297928859,0.0
23-3,P0,source_temperature,3,150,37.158590139781744,38.0
23-3,P0,source_temperature,4,468,141.6191535218385,122.99999999999999
23-3,P0,source_temperature,5,754,277.4315863576943,255.0
23-3,P0,source_temperature,6,826,358.7987407057946,328.0
23-3,P0,source_temperature,7,837,418.20589880270666,390.0
23-3,P0,source_temperature,8,685,387.63892280330134,385.0
23-3,P0,source_temperature,9,653,412.76270446083606,420.0
23-3,P0,source_temperature,10,717,502.587240764173,526.0
23-3,P0,source_temperature,11,847,650.7640159376654,687.0
23-3,P0,source_temperature,12,1295,1083.1975408772369,1160.0
23-3,P0,source_temperature,13,3488,3166.0180350904507,3380.0
23-3,P0,source_temperature,14,12639,12264.973177954096,12585.0
23-3,P2,raw,0,0,0.0,0.0
23-3,P2,raw,1,0,0.0,0.0
23-3,P2,raw,2,0,0.0,0.0
23-3,P2,raw,3,9,2.202135294675827,0.9999999999999996
23-3,P2,raw,4,76,23.28959721326828,23.0
23-3,P2,raw,5,185,68.77245551347733,58.0
23-3,P2,raw,6,296,128.91539588570595,87.99999999999999
23-3,P2,raw,7,457,228.9641549885273,157.0
23-3,P2,raw,8,471,266.92553448677063,179.99999999999997
23-3,P2,raw,9,495,313.04489344358444,206.99999999999997
23-3,P2,raw,10,485,339.7489506006241,204.0
23-3,P2,raw,11,514,394.2210112810135,244.0
23-3,P2,raw,12,647,539.8753010630608,330.0
23-3,P2,raw,13,871,786.5109555721283,499.0
23-3,P2,raw,14,18854,18776.25268781185,18077.0
23-3,P2,source_temperature,0,0,0.0,0.0
23-3,P2,source_temperature,1,0,0.0,0.0
23-3,P2,source_temperature,2,3,0.5812325446880424,0.0
23-3,P2,source_temperature,3,128,31.63858166430657,33.0
23-3,P2,source_temperature,4,436,132.59904340957257,141.0
23-3,P2,source_temperature,5,672,246.79574466930904,225.99999999999997
23-3,P2,source_temperature,6,802,348.49034925828084,320.0
23-3,P2,source_temperature,7,802,400.60627096705963,333.0
23-3,P2,source_temperature,8,731,414.3775085686053,372.0
23-3,P2,source_temperature,9,679,430.3085970585879,391.0
23-3,P2,source_temperature,10,706,494.2847130832133,429.0
23-3,P2,source_temperature,11,750,575.7835091479316,543.0
23-3,P2,source_temperature,12,1053,878.691676879479,891.0
23-3,P2,source_temperature,13,2221,2011.6647599669557,2059.0000000000005
23-3,P2,source_temperature,14,14377,14045.734231937178,14330.0
23-3,SAR_GN,raw,0,0,0.0,0.0
23-3,SAR_GN,raw,1,0,0.0,0.0
23-3,SAR_GN,raw,2,0,0.0,0.0
23-3,SAR_GN,raw,3,15,3.769758209586143,1.0
23-3,SAR_GN,raw,4,114,34.98204493522644,36.0
23-3,SAR_GN,raw,5,246,90.67119202017784,56.0
23-3,SAR_GN,raw,6,388,168.8167105615139,117.99999999999997
23-3,SAR_GN,raw,7,536,269.88951525092125,195.0
23-3,SAR_GN,raw,8,534,302.8615718483925,209.0
23-3,SAR_GN,raw,9,569,360.04719346761703,233.0
23-3,SAR_GN,raw,10,525,367.672171831131,252.0
23-3,SAR_GN,raw,11,600,459.92136031389236,335.0
23-3,SAR_GN,raw,12,638,532.8841792941093,380.0
23-3,SAR_GN,raw,13,928,838.1393731832504,664.0
23-3,SAR_GN,raw,14,18267,18167.305068016052,17798.0
23-3,SAR_GN,source_temperature,0,0,0.0,0.0
23-3,SAR_GN,source_temperature,1,0,0.0,0.0
23-3,SAR_GN,source_temperature,2,1,0.1875236704406997,0.0
23-3,SAR_GN,source_temperature,3,150,37.15797894663027,38.0
23-3,SAR_GN,source_temperature,4,468,141.61613122864892,122.99999999999999
23-3,SAR_GN,source_temperature,5,754,277.42502324974834,255.0
23-3,SAR_GN,source_temperature,6,827,359.2565721515709,329.0
23-3,SAR_GN,source_temperature,7,836,417.7282220433617,389.0
23-3,SAR_GN,source_temperature,8,685,387.6289776628554,385.0
23-3,SAR_GN,source_temperature,9,653,412.75216373900014,420.0
23-3,SAR_GN,source_temperature,10,717,502.5740419018485,526.0
23-3,SAR_GN,source_temperature,11,847,650.7484526764163,687.0
23-3,SAR_GN,source_temperature,12,1296,1084.0378655500651,1161.0
23-3,SAR_GN,source_temperature,13,3488,3166.019575243252,3380.0
23-3,SAR_GN,source_temperature,14,12638,12263.959267578994,12584.0
23-3,T3A,raw,0,0,0.0,0.0
23-3,T3A,raw,1,0,0.0,0.0
23-3,T3A,raw,2,0,0.0,0.0
23-3,T3A,raw,3,67,16.65348508954048,18.0
23-3,T3A,raw,4,347,105.5719947218895,109.0
23-3,T3A,raw,5,640,237.29036378860474,237.99999999999997
23-3,T3A,raw,6,849,367.5749263167381,354.0
23-3,T3A,raw,7,847,422.2016946077347,433.0
23-3,T3A,raw,8,798,451.4348388314247,487.0
23-3,T3A,raw,9,889,564.009306371212,609.0
23-3,T3A,raw,10,992,695.5368713736534,814.0
23-3,T3A,raw,11,1372,1055.0846889019012,1252.0
23-3,T3A,raw,12,2394,2004.6312719583511,2318.0
23-3,T3A,raw,13,5419,4904.893824636936,5399.0
23-3,T3A,raw,14,8746,8418.76048630476,8745.0
23-3,T3A,source_temperature,0,0,0.0,0.0
23-3,T3A,source_temperature,1,0,0.0,0.0
23-3,T3A,source_temperature,2,0,0.0,0.0
23-3,T3A,source_temperature,3,35,8.725448310550478,6.0
23-3,T3A,source_temperature,4,245,74.49346210582382,74.0
23-3,T3A,source_temperature,5,440,162.40030159590646,166.0
23-3,T3A,source_temperature,6,742,322.49332440552314,282.0
23-3,T3A,source_temperature,7,727,363.1107319565156,337.0
23-3,T3A,source_temperature,8,741,419.11129804500104,408.0
23-3,T3A,source_temperature,9,731,463.54282262067966,457.0
23-3,T3A,source_temperature,10,839,588.0494969227027,589.0
23-3,T3A,source_temperature,11,1082,830.8808972215661,907.0
23-3,T3A,source_temperature,12,1630,1363.7671773487514,1506.0
23-3,T3A,source_temperature,13,3776,3422.9124446046512,3687.0
23-3,T3A,source_temperature,14,12372,12015.515318228334,12357.0
23-5,EMB_STD,raw,0,0,0.0,0.0
23-5,EMB_STD,raw,1,0,0.0,0.0
23-5,EMB_STD,raw,2,0,0.0,0.0
23-5,EMB_STD,raw,3,5,1.2716193497180937,0.0
23-5,EMB_STD,raw,4,44,13.498905479907988,6.0
23-5,EMB_STD,raw,5,159,59.20490774512291,57.0
23-5,EMB_STD,raw,6,315,136.92580497264862,88.0
23-5,EMB_STD,raw,7,500,251.64058047533035,202.0
23-5,EMB_STD,raw,8,550,311.97739911079407,245.0
23-5,EMB_STD,raw,9,599,379.7724235057831,302.0
23-5,EMB_STD,raw,10,633,443.64515018463135,329.0
23-5,EMB_STD,raw,11,797,611.6737200021744,429.0
23-5,EMB_STD,raw,12,942,786.4739370346069,595.0
23-5,EMB_STD,raw,13,1468,1325.107045829296,1053.0
23-5,EMB_STD,raw,14,17348,17196.596545279026,16395.0
23-5,EMB_STD,source_temperature,0,0,0.0,0.0
23-5,EMB_STD,source_temperature,1,0,0.0,0.0
23-5,EMB_STD,source_temperature,2,0,0.0,0.0
23-5,EMB_STD,source_temperature,3,68,16.886777118315567,9.0
23-5,EMB_STD,source_temperature,4,352,108.02251586168096,104.0
23-5,EMB_STD,source_temperature,5,654,241.03867599057702,235.99999999999997
23-5,EMB_STD,source_temperature,6,788,343.49036643936887,333.0
23-5,EMB_STD,source_temperature,7,1084,542.2016058989183,555.0
23-5,EMB_STD,source_temperature,8,1031,582.8048272973864,589.0
23-5,EMB_STD,source_temperature,9,1108,701.2265595699058,723.0
23-5,EMB_STD,source_temperature,10,1216,852.4604464852544,889.0
23-5,EMB_STD,source_temperature,11,1515,1163.1941897136285,1231.0
23-5,EMB_STD,source_temperature,12,2161,1806.3449943184996,1913.0
23-5,EMB_STD,source_temperature,13,3841,3473.497631102941,3650.0
23-5,EMB_STD,source_temperature,14,9542,9228.505499991647,9469.0
23-5,P0,raw,0,0,0.0,0.0
23-5,P0,raw,1,0,0.0,0.0
23-5,P0,raw,2,0,0.0,0.0
23-5,P0,raw,3,10,2.4962094873189926,0.0
23-5,P0,raw,4,79,24.066882371902462,18.0
23-5,P0,raw,5,237,88.21084225177765,65.0
23-5,P0,raw,6,378,164.52588310837746,106.99999999999999
23-5,P0,raw,7,577,290.6607936620712,220.0
23-5,P0,raw,8,606,343.3434798717499,261.0
23-5,P0,raw,9,622,394.60775846242905,291.0
23-5,P0,raw,10,696,487.5662768483162,369.99999999999994
23-5,P0,raw,11,768,588.9348856210709,433.0
23-5,P0,raw,12,977,815.7702254652977,614.0
23-5,P0,raw,13,1476,1333.461228966713,1053.0
23-5,P0,raw,14,16934,16781.76307785511,16042.0
23-5,P0,source_temperature,0,0,0.0,0.0
23-5,P0,source_temperature,1,0,0.0,0.0
23-5,P0,source_temperature,2,1,0.1964517737726905,0.0
23-5,P0,source_temperature,3,105,25.827648967988537,17.999999999999996
23-5,P0,source_temperature,4,443,134.97920147811982,116.99999999999999
23-5,P0,source_temperature,5,697,257.0235151171706,225.0
23-5,P0,source_temperature,6,852,370.141405392015,370.0
23-5,P0,source_temperature,7,1035,518.693410170219,501.0
23-5,P0,source_temperature,8,1074,608.0170172124782,617.0
23-5,P0,source_temperature,9,995,630.6053687672108,653.0
23-5,P0,source_temperature,10,1147,804.1523342577942,805.0
23-5,P0,source_temperature,11,1376,1057.5110614298364,1081.0
23-5,P0,source_temperature,12,2008,1678.4688710037838,1741.0
23-5,P0,source_temperature,13,3789,3426.5113387377332,3588.0
23-5,P0,source_temperature,14,9838,9518.282444680004,9758.0
23-5,P2,raw,0,0,0.0,0.0
23-5,P2,raw,1,0,0.0,0.0
23-5,P2,raw,2,0,0.0,0.0
23-5,P2,raw,3,13,3.2302540540695186,2.0
23-5,P2,raw,4,90,27.528203070163723,17.0
23-5,P2,raw,5,234,86.41217654943466,57.99999999999999
23-5,P2,raw,6,359,156.46239909529686,97.99999999999999
23-5,P2,raw,7,537,269.7250517308712,181.0
23-5,P2,raw,8,603,341.84493577480316,248.0
23-5,P2,raw,9,604,382.21833741664886,255.0
23-5,P2,raw,10,679,475.63025945425034,306.0
23-5,P2,raw,11,713,547.4509494304657,370.0
23-5,P2,raw,12,893,745.2953767180443,497.0
23-5,P2,raw,13,1257,1135.8980514407158,780.0
23-5,P2,raw,14,17378,17265.557517826557,16240.0
23-5,P2,source_temperature,0,0,0.0,0.0
23-5,P2,source_temperature,1,0,0.0,0.0
23-5,P2,source_temperature,2,2,0.3883322333210405,1.0
23-5,P2,source_temperature,3,252,61.609699403037624,51.999999999999986
23-5,P2,source_temperature,4,707,213.43408216556924,188.99999999999997
23-5,P2,source_temperature,5,862,316.29444868265864,293.99999999999994
23-5,P2,source_temperature,6,979,424.96265651579574,411.0
23-5,P2,source_temperature,7,1098,548.7173920484602,566.0
23-5,P2,source_temperature,8,1109,628.6753701849111,665.0
23-5,P2,source_temperature,9,1161,735.145656302428,764.0
23-5,P2,source_temperature,10,1159,811.7429673989162,826.0
23-5,P2,source_temperature,11,1334,1024.7535997758314,1071.0
23-5,P2,source_temperature,12,1772,1479.4150725831867,1547.0
23-5,P2,source_temperature,13,3509,3176.3454289511665,3328.0
23-5,P2,source_temperature,14,9416,9104.993870146389,9338.0
23-5,SAR_GN,raw,0,0,0.0,0.0
23-5,SAR_GN,raw,1,0,0.0,0.0
23-5,SAR_GN,raw,2,0,0.0,0.0
23-5,SAR_GN,raw,3,10,2.4962094873189926,0.0
23-5,SAR_GN,raw,4,79,24.066882371902462,18.0
23-5,SAR_GN,raw,5,237,88.21084225177765,65.0
23-5,SAR_GN,raw,6,378,164.52588310837746,106.99999999999999
23-5,SAR_GN,raw,7,577,290.6607936620712,220.0
23-5,SAR_GN,raw,8,606,343.3434798717499,261.0
23-5,SAR_GN,raw,9,622,394.60775846242905,291.0
23-5,SAR_GN,raw,10,696,487.5662768483162,369.99999999999994
23-5,SAR_GN,raw,11,768,588.9348856210709,433.0
23-5,SAR_GN,raw,12,977,815.7702254652977,614.0
23-5,SAR_GN,raw,13,1476,1333.461228966713,1053.0
23-5,SAR_GN,raw,14,16934,16781.76307785511,16042.0
23-5,SAR_GN,source_temperature,0,0,0.0,0.0
23-5,SAR_GN,source_temperature,1,0,0.0,0.0
23-5,SAR_GN,source_temperature,2,1,0.1964517737726905,0.0
23-5,SAR_GN,source_temperature,3,105,25.827043444376542,17.999999999999996
23-5,SAR_GN,source_temperature,4,443,134.97407112332567,116.99999999999999
23-5,SAR_GN,source_temperature,5,697,257.0111299614587,225.0
23-5,SAR_GN,source_temperature,6,854,371.0536669447899,370.0
23-5,SAR_GN,source_temperature,7,1033,517.7306550692764,501.0
23-5,SAR_GN,source_temperature,8,1075,608.5824771781104,617.0
23-5,SAR_GN,source_temperature,9,996,631.2968746166198,655.0
23-5,SAR_GN,source_temperature,10,1145,802.7694008863599,803.0
23-5,SAR_GN,source_temperature,11,1376,1057.4565642596142,1081.0
23-5,SAR_GN,source_temperature,12,2009,1679.2488841512404,1742.0
23-5,SAR_GN,source_temperature,13,3789,3426.4435150294657,3588.0
23-5,SAR_GN,source_temperature,14,9837,9517.195377709342,9757.0
23-5,T3A,raw,0,0,0.0,0.0
23-5,T3A,raw,1,0,0.0,0.0
23-5,T3A,raw,2,4,0.7818000465631483,0.0
23-5,T3A,raw,3,145,35.158580973744385,41.0
23-5,T3A,raw,4,485,147.32553547620773,153.99999999999997
23-5,T3A,raw,5,838,309.4974645972252,334.99999999999994
23-5,T3A,raw,6,1061,460.85621616244316,497.0
23-5,T3A,raw,7,1214,607.614749610424,651.0
23-5,T3A,raw,8,1242,702.5794897675514,788.0
23-5,T3A,raw,9,1295,821.0455626249313,927.0
23-5,T3A,raw,10,1340,938.8037102818489,1109.0
23-5,T3A,raw,11,1794,1379.1450828313828,1608.0
23-5,T3A,raw,12,2574,2151.1625447273254,2438.0
23-5,T3A,raw,13,4692,4239.455488264561,4621.0
23-5,T3A,raw,14,6676,6429.479232311249,6666.0
23-5,T3A,source_temperature,0,0,0.0,0.0
23-5,T3A,source_temperature,1,0,0.0,0.0
23-5,T3A,source_temperature,2,0,0.0,0.0
23-5,T3A,source_temperature,3,60,14.593944394627098,13.999999999999998
23-5,T3A,source_temperature,4,222,67.85304581152303,62.0
23-5,T3A,source_temperature,5,437,161.56472787211953,163.0
23-5,T3A,source_temperature,6,681,296.51282636717775,291.0
23-5,T3A,source_temperature,7,948,475.18358493570815,428.0
23-5,T3A,source_temperature,8,963,544.5953139741943,476.0
23-5,T3A,source_temperature,9,948,600.6804252204715,567.0
23-5,T3A,source_temperature,10,1044,732.9317094590574,680.0
23-5,T3A,source_temperature,11,1120,860.0635161063484,818.0
23-5,T3A,source_temperature,12,1587,1324.7361450229519,1317.0
23-5,T3A,source_temperature,13,2757,2492.860852402404,2530.0
23-5,T3A,source_temperature,14,12593,12327.135546085632,12489.0
23-6,EMB_STD,raw,0,0,0.0,0.0
23-6,EMB_STD,raw,1,0,0.0,0.0
23-6,EMB_STD,raw,2,0,0.0,0.0
23-6,EMB_STD,raw,3,5,1.2615419328212738,2.0
23-6,EMB_STD,raw,4,45,13.927743047475813,6.999999999999998
23-6,EMB_STD,raw,5,98,36.20928618311882,28.0
23-6,EMB_STD,raw,6,145,63.05732071399689,52.0
23-6,EMB_STD,raw,7,237,119.00658637285233,91.0
23-6,EMB_STD,raw,8,281,158.91561913490295,121.0
23-6,EMB_STD,raw,9,280,177.41599190235138,151.0
23-6,EMB_STD,raw,10,304,213.16349428892136,174.0
23-6,EMB_STD,raw,11,375,287.54449713230133,221.0
23-6,EMB_STD,raw,12,457,381.66658115386963,313.0
23-6,EMB_STD,raw,13,796,719.3804333806038,626.0
23-6,EMB_STD,raw,14,20337,20230.158686816692,20038.0
23-6,EMB_STD,source_temperature,0,0,0.0,0.0
23-6,EMB_STD,source_temperature,1,0,0.0,0.0
23-6,EMB_STD,source_temperature,2,0,0.0,0.0
23-6,EMB_STD,source_temperature,3,19,4.719819388064979,3.9999999999999996
23-6,EMB_STD,source_temperature,4,118,36.043912490387314,28.999999999999996
23-6,EMB_STD,source_temperature,5,189,69.57683782552873,72.0
23-6,EMB_STD,source_temperature,6,238,104.03253561507364,82.0
23-6,EMB_STD,source_temperature,7,390,195.4504954309568,191.0
23-6,EMB_STD,source_temperature,8,366,207.6357338064986,185.0
23-6,EMB_STD,source_temperature,9,416,263.4899074273942,254.0
23-6,EMB_STD,source_temperature,10,446,312.4426192289156,303.0
23-6,EMB_STD,source_temperature,11,574,440.44028407147715,441.0
23-6,EMB_STD,source_temperature,12,829,693.3490665906407,694.0
23-6,EMB_STD,source_temperature,13,1654,1498.4727543552626,1510.0
23-6,EMB_STD,source_temperature,14,18121,17816.520217309968,18059.0
23-6,P0,raw,0,0,0.0,0.0
23-6,P0,raw,1,0,0.0,0.0
23-6,P0,raw,2,0,0.0,0.0
23-6,P0,raw,3,4,0.9896951168775556,0.0
23-6,P0,raw,4,48,14.910701632499693,10.0
23-6,P0,raw,5,112,41.25300112366676,32.0
23-6,P0,raw,6,187,81.39731991291046,47.0
23-6,P0,raw,7,297,148.93580493330956,104.0
23-6,P0,raw,8,375,212.48560392856598,139.0
23-6,P0,raw,9,333,211.4718652367592,143.0
23-6,P0,raw,10,324,226.78991478681564,155.0
23-6,P0,raw,11,407,312.42039370536804,209.0
23-6,P0,raw,12,475,396.3314584493637,289.0
23-6,P0,raw,13,808,730.9817382693291,581.0
23-6,P0,raw,14,19990,19888.625594079494,19580.0
23-6,P0,source_temperature,0,0,0.0,0.0
23-6,P0,source_temperature,1,0,0.0,0.0
23-6,P0,source_temperature,2,0,0.0,0.0
23-6,P0,source_temperature,3,16,3.957539227865101,3.0
23-6,P0,source_temperature,4,136,41.12846089183139,36.0
23-6,P0,source_temperature,5,232,86.1577609814351,65.0
23-6,P0,source_temperature,6,320,139.42355823817863,94.99999999999999
23-6,P0,source_temperature,7,424,212.52654264638642,175.0
23-6,P0,source_temperature,8,438,248.19061392169692,208.0
23-6,P0,source_temperature,9,423,267.8292373819626,200.0
23-6,P0,source_temperature,10,451,315.85618046210664,259.0
23-6,P0,source_temperature,11,534,410.22073159608044,373.0
23-6,P0,source_temperature,12,798,666.9337547368232,615.0
23-6,P0,source_temperature,13,1340,1211.495816348924,1159.0
23-6,P0,source_temperature,14,18248,18004.94334937089,18101.0
23-6,P2,raw,0,0,0.0,0.0
23-6,P2,raw,1,0,0.0,0.0
23-6,P2,raw,2,0,0.0,0.0
23-6,P2,raw,3,3,0.70216429233551,0.0
23-6,P2,raw,4,19,6.035999566316604,6.0
23-6,P2,raw,5,41,15.285185396671295,5.999999999999999
23-6,P2,raw,6,89,38.76472753286362,28.0
23-6,P2,raw,7,173,87.13931065797806,57.0
23-6,P2,raw,8,252,142.66588801145554,99.0
23-6,P2,raw,9,217,137.13620740175247,88.0
23-6,P2,raw,10,237,165.55432921648026,112.0
23-6,P2,raw,11,281,215.46314013004303,124.0
23-6,P2,raw,12,324,270.5768294930458,185.0
23-6,P2,raw,13,512,462.84351778030396,320.0
23-6,P2,raw,14,21212,21161.38002616167,20530.0
23-6,P2,source_temperature,0,0,0.0,0.0
23-6,P2,source_temperature,1,0,0.0,0.0
23-6,P2,source_temperature,2,1,0.1965832486416131,0.0
23-6,P2,source_temperature,3,13,3.2561219535611117,3.9999999999999996
23-6,P2,source_temperature,4,70,21.51250431266794,17.0
23-6,P2,source_temperature,5,163,60.187342042918566,52.99999999999999
23-6,P2,source_temperature,6,247,107.59722255960433,81.0
23-6,P2,source_temperature,7,346,173.33448250267548,160.0
23-6,P2,source_temperature,8,320,181.29258584267404,138.0
23-6,P2,source_temperature,9,395,250.42166900532914,193.0
23-6,P2,source_temperature,10,355,249.22133631536062,222.0
23-6,P2,source_temperature,11,432,331.6638886050232,277.0
23-6,P2,source_temperature,12,590,492.7498508314709,440.0
23-6,P2,source_temperature,13,1075,972.8717225045147,893.0
23-6,P2,source_temperature,14,19353,19183.329833156975,19077.0
23-6,SAR_GN,raw,0,0,0.0,0.0
23-6,SAR_GN,raw,1,0,0.0,0.0
23-6,SAR_GN,raw,2,0,0.0,0.0
23-6,SAR_GN,raw,3,4,0.9896951168775556,0.0
23-6,SAR_GN,raw,4,48,14.910701632499693,10.0
23-6,SAR_GN,raw,5,112,41.25300112366676,32.0
23-6,SAR_GN,raw,6,187,81.39731991291046,47.0
23-6,SAR_GN,raw,7,297,148.93580493330956,104.0
23-6,SAR_GN,raw,8,375,212.48560392856598,139.0
23-6,SAR_GN,raw,9,333,211.4718652367592,143.0
23-6,SAR_GN,raw,10,324,226.78991478681564,155.0
23-6,SAR_GN,raw,11,407,312.42039370536804,209.0
23-6,SAR_GN,raw,12,475,396.3314584493637,289.0
23-6,SAR_GN,raw,13,808,730.9817382693291,581.0
23-6,SAR_GN,raw,14,19990,19888.625594079494,19580.0
23-6,SAR_GN,source_temperature,0,0,0.0,0.0
23-6,SAR_GN,source_temperature,1,0,0.0,0.0
23-6,SAR_GN,source_temperature,2,0,0.0,0.0
23-6,SAR_GN,source_temperature,3,16,3.9575355820785587,3.0
23-6,SAR_GN,source_temperature,4,136,41.12842515895523,36.0
23-6,SAR_GN,source_temperature,5,232,86.15751649421773,65.0
23-6,SAR_GN,source_temperature,6,320,139.42299260575194,94.99999999999999
23-6,SAR_GN,source_temperature,7,424,212.52575489108716,175.0
23-6,SAR_GN,source_temperature,8,438,248.18967617606768,208.0
23-6,SAR_GN,source_temperature,9,423,267.82824822180214,200.0
23-6,SAR_GN,source_temperature,10,451,315.85490112189694,259.0
23-6,SAR_GN,source_temperature,11,534,410.2192992128354,373.0
23-6,SAR_GN,source_temperature,12,798,666.9321271294066,615.0
23-6,SAR_GN,source_temperature,13,1340,1211.4935736799857,1159.0
23-6,SAR_GN,source_temperature,14,18248,18004.93510332672,18101.0
23-6,T3A,raw,0,0,0.0,0.0
23-6,T3A,raw,1,0,0.0,0.0
23-6,T3A,raw,2,0,0.0,0.0
23-6,T3A,raw,3,47,11.61631779372692,17.0
23-6,T3A,raw,4,189,57.74151447415352,62.0
23-6,T3A,raw,5,358,132.46102103590965,157.0
23-6,T3A,raw,6,525,229.12372347712514,250.99999999999997
23-6,T3A,raw,7,631,314.8279202580452,364.0
23-6,T3A,raw,8,695,394.3732343316078,501.0
23-6,T3A,raw,9,775,491.40721076726913,615.0
23-6,T3A,raw,10,1011,709.4722229838371,876.0
23-6,T3A,raw,11,1537,1182.1481401324272,1471.0
23-6,T3A,raw,12,2789,2334.479324579239,2758.0
23-6,T3A,raw,13,5086,4596.764604330063,5081.0
23-6,T3A,raw,14,9717,9372.155663907528,9717.0
23-6,T3A,source_temperature,0,0,0.0,0.0
23-6,T3A,source_temperature,1,0,0.0,0.0
23-6,T3A,source_temperature,2,0,0.0,0.0
23-6,T3A,source_temperature,3,2,0.5138187515047984,1.0
23-6,T3A,source_temperature,4,27,8.166284739097295,9.0
23-6,T3A,source_temperature,5,81,30.32213281476605,26.0
23-6,T3A,source_temperature,6,137,59.89632776260052,58.0
23-6,T3A,source_temperature,7,287,144.50442412614808,128.0
23-6,T3A,source_temperature,8,311,176.14497791462944,140.0
23-6,T3A,source_temperature,9,350,222.31647527634735,186.0
23-6,T3A,source_temperature,10,376,263.08965948239256,236.0
23-6,T3A,source_temperature,11,415,318.0397105658499,267.0
23-6,T3A,source_temperature,12,617,515.6436511352834,455.0
23-6,T3A,source_temperature,13,1046,945.7244877032349,862.0
23-6,T3A,source_temperature,14,19711,19572.08551849348,19502.0
23-7,EMB_STD,raw,0,0,0.0,0.0
23-7,EMB_STD,raw,1,0,0.0,0.0
23-7,EMB_STD,raw,2,0,0.0,0.0
23-7,EMB_STD,raw,3,1,0.2658348083496094,0.0
23-7,EMB_STD,raw,4,8,2.467924892902374,0.0
23-7,EMB_STD,raw,5,76,28.47014680504799,24.999999999999996
23-7,EMB_STD,raw,6,214,93.91645613312721,81.0
23-7,EMB_STD,raw,7,539,272.43669095635414,219.0
23-7,EMB_STD,raw,8,639,361.9037560224533,278.0
23-7,EMB_STD,raw,9,732,464.4264163374901,311.0
23-7,EMB_STD,raw,10,756,529.0213254094124,386.0
23-7,EMB_STD,raw,11,925,710.5474072098732,444.0
23-7,EMB_STD,raw,12,1118,934.415242254734,616.0
23-7,EMB_STD,raw,13,1722,1556.3851187825203,1065.0
23-7,EMB_STD,raw,14,16630,16466.608559966087,14483.0
23-7,EMB_STD,source_temperature,0,0,0.0,0.0
23-7,EMB_STD,source_temperature,1,0,0.0,0.0
23-7,EMB_STD,source_temperature,2,0,0.0,0.0
23-7,EMB_STD,source_temperature,3,7,1.8127936491885352,0.0
23-7,EMB_STD,source_temperature,4,55,17.098287681134984,18.0
23-7,EMB_STD,source_temperature,5,276,102.93478251181091,99.0
23-7,EMB_STD,source_temperature,6,624,273.0832864012458,249.0
23-7,EMB_STD,source_temperature,7,1033,518.1536586324569,453.0
23-7,EMB_STD,source_temperature,8,1150,651.4083603625684,535.0
23-7,EMB_STD,source_temperature,9,1103,699.6706067432643,557.0
23-7,EMB_STD,source_temperature,10,1242,868.9454238099254,724.0
23-7,EMB_STD,source_temperature,11,1468,1126.7882751436177,913.0
23-7,EMB_STD,source_temperature,12,1871,1564.7806528395536,1294.0
23-7,EMB_STD,source_temperature,13,3421,3096.4321195267253,2660.0
23-7,EMB_STD,source_temperature,14,11110,10790.328386853962,10406.0
23-7,P0,raw,0,0,0.0,0.0
23-7,P0,raw,1,0,0.0,0.0
23-7,P0,raw,2,0,0.0,0.0
23-7,P0,raw,3,0,0.0,0.0
23-7,P0,raw,4,23,7.053494721651076,7.0
23-7,P0,raw,5,88,33.16634586453437,33.0
23-7,P0,raw,6,221,96.45034143328667,72.99999999999999
23-7,P0,raw,7,523,263.5228301882744,190.0
23-7,P0,raw,8,695,393.8561305999756,280.0
23-7,P0,raw,9,651,413.28817600011826,271.0
23-7,P0,raw,10,742,519.487476348877,338.0
23-7,P0,raw,11,857,657.8922909498215,420.0
23-7,P0,raw,12,1082,902.668922662735,516.0
23-7,P0,raw,13,1692,1528.5138286948204,958.0
23-7,P0,raw,14,16786,16626.791186451912,14105.0
23-7,P0,source_temperature,0,0,0.0,0.0
23-7,P0,source_temperature,1,0,0.0,0.0
23-7,P0,source_temperature,2,0,0.0,0.0
23-7,P0,source_temperature,3,6,1.5402198700761764,2.0
23-7,P0,source_temperature,4,60,18.604230954844873,22.0
23-7,P0,source_temperature,5,223,82.93733098550706,69.99999999999999
23-7,P0,source_temperature,6,512,223.7950819733353,192.99999999999997
23-7,P0,source_temperature,7,900,451.06522028767745,359.0
23-7,P0,source_temperature,8,970,551.2978136176372,401.99999999999994
23-7,P0,source_temperature,9,996,630.7687745844866,487.0
23-7,P0,source_temperature,10,1090,765.1553111977976,534.0
23-7,P0,source_temperature,11,1269,975.7433042078679,683.0
23-7,P0,source_temperature,12,1647,1375.1537392577222,991.0
23-7,P0,source_temperature,13,2595,2346.2257426110705,1749.0
23-7,P0,source_temperature,14,13092,12813.924009760838,11699.0
23-7,P2,raw,0,0,0.0,0.0
23-7,P2,raw,1,0,0.0,0.0
23-7,P2,raw,2,0,0.0,0.0
23-7,P2,raw,3,0,0.0,0.0
23-7,P2,raw,4,7,2.082420766353607,0.0
23-7,P2,raw,5,36,13.630871534347532,14.0
23-7,P2,raw,6,105,46.08136290311813,39.0
23-7,P2,raw,7,387,195.7887708246708,143.0
23-7,P2,raw,8,468,264.57314878702164,218.0
23-7,P2,raw,9,554,351.6943537592888,265.0
23-7,P2,raw,10,570,399.0774604678154,277.0
23-7,P2,raw,11,692,530.5449222326279,347.0
23-7,P2,raw,12,856,715.9334297180176,442.0
23-7,P2,raw,13,1360,1229.3295912146568,721.0
23-7,P2,raw,14,18325,18195.3925268054,15414.0
23-7,P2,source_temperature,0,0,0.0,0.0
23-7,P2,source_temperature,1,0,0.0,0.0
23-7,P2,source_temperature,2,0,0.0,0.0
23-7,P2,source_temperature,3,6,1.4801584658417828,0.0
23-7,P2,source_temperature,4,23,7.135254749009041,6.999999999999999
23-7,P2,source_temperature,5,189,70.56786986100755,65.0
23-7,P2,source_temperature,6,378,165.87837017570288,170.0
23-7,P2,source_temperature,7,836,418.89976925781684,364.0
23-7,P2,source_temperature,8,925,524.2972956140611,441.0
23-7,P2,source_temperature,9,954,604.4547187930576,472.0
23-7,P2,source_temperature,10,1067,747.0954989134823,559.0
23-7,P2,source_temperature,11,1260,966.7164217583727,751.0
23-7,P2,source_temperature,12,1582,1320.9369193815933,1039.0
23-7,P2,source_temperature,13,2869,2594.5965986209835,2062.0
23-7,P2,source_temperature,14,13271,12996.053220481543,11950.0
23-7,SAR_GN,raw,0,0,0.0,0.0
23-7,SAR_GN,raw,1,0,0.0,0.0
23-7,SAR_GN,raw,2,0,0.0,0.0
23-7,SAR_GN,raw,3,0,0.0,0.0
23-7,SAR_GN,raw,4,23,7.053494721651076,7.0
23-7,SAR_GN,raw,5,88,33.16634586453437,33.0
23-7,SAR_GN,raw,6,221,96.45034143328667,72.99999999999999
23-7,SAR_GN,raw,7,523,263.5228301882744,190.0
23-7,SAR_GN,raw,8,695,393.8561305999756,280.0
23-7,SAR_GN,raw,9,651,413.28817600011826,271.0
23-7,SAR_GN,raw,10,742,519.487476348877,338.0
23-7,SAR_GN,raw,11,857,657.8922909498215,420.0
23-7,SAR_GN,raw,12,1082,902.668922662735,516.0
23-7,SAR_GN,raw,13,1692,1528.5138286948204,958.0
23-7,SAR_GN,raw,14,16786,16626.791186451912,14105.0
23-7,SAR_GN,source_temperature,0,0,0.0,0.0
23-7,SAR_GN,source_temperature,1,0,0.0,0.0
23-7,SAR_GN,source_temperature,2,0,0.0,0.0
23-7,SAR_GN,source_temperature,3,6,1.540195153490223,2.0
23-7,SAR_GN,source_temperature,4,60,18.603729198875058,22.0
23-7,SAR_GN,source_temperature,5,223,82.93512296430308,69.99999999999999
23-7,SAR_GN,source_temperature,6,512,223.78987273882262,192.99999999999997
23-7,SAR_GN,source_temperature,7,900,451.0547148942575,359.0
23-7,SAR_GN,source_temperature,8,970,551.2819538636503,401.99999999999994
23-7,SAR_GN,source_temperature,9,996,630.7487411119826,487.0
23-7,SAR_GN,source_temperature,10,1090,765.1310980349072,534.0
23-7,SAR_GN,source_temperature,11,1269,975.7159027840976,683.0
23-7,SAR_GN,source_temperature,12,1647,1375.1176384001453,991.0
23-7,SAR_GN,source_temperature,13,2596,2347.116795607298,1750.0
23-7,SAR_GN,source_temperature,14,13091,12812.924504055545,11698.0
23-7,T3A,raw,0,0,0.0,0.0
23-7,T3A,raw,1,0,0.0,0.0
23-7,T3A,raw,2,0,0.0,0.0
23-7,T3A,raw,3,17,4.254355326294899,2.9999999999999996
23-7,T3A,raw,4,163,50.89266523718833,53.999999999999986
23-7,T3A,raw,5,650,242.09692978858948,248.0
23-7,T3A,raw,6,1201,524.5441660583019,515.0
23-7,T3A,raw,7,1598,799.0721834003925,739.9999999999999
23-7,T3A,raw,8,1601,908.051202237606,764.0
23-7,T3A,raw,9,1588,1006.378314614296,876.0
23-7,T3A,raw,10,1669,1169.6979907155037,988.0
23-7,T3A,raw,11,1910,1464.6936539411545,1233.0
23-7,T3A,raw,12,2552,2131.0781902074814,2020.0
23-7,T3A,raw,13,3632,3280.9556381702423,3442.0
23-7,T3A,raw,14,6779,6523.7157217264175,6773.0
23-7,T3A,source_temperature,0,0,0.0,0.0
23-7,T3A,source_temperature,1,0,0.0,0.0
23-7,T3A,source_temperature,2,0,0.0,0.0
23-7,T3A,source_temperature,3,3,0.7717292690137569,0.0
23-7,T3A,source_temperature,4,25,7.646682021602821,4.0
23-7,T3A,source_temperature,5,166,62.052032452490295,55.0
23-7,T3A,source_temperature,6,436,191.32948570122466,160.0
23-7,T3A,source_temperature,7,922,464.19277534958286,348.99999999999994
23-7,T3A,source_temperature,8,1007,570.6291474658522,422.0
23-7,T3A,source_temperature,9,1044,660.5871567821135,466.0
23-7,T3A,source_temperature,10,1193,835.8245485693147,545.0
23-7,T3A,source_temperature,11,1341,1029.0969176182457,738.0
23-7,T3A,source_temperature,12,1633,1362.1976583324672,920.0
23-7,T3A,source_temperature,13,2372,2141.4655357782417,1478.0
23-7,T3A,source_temperature,14,13218,13014.317786156002,12519.0
24-13,EMB_STD,raw,0,0,0.0,0.0
24-13,EMB_STD,raw,1,0,0.0,0.0
24-13,EMB_STD,raw,2,0,0.0,0.0
24-13,EMB_STD,raw,3,2,0.5307666063308716,0.0
24-13,EMB_STD,raw,4,42,13.123097062110899,12.0
24-13,EMB_STD,raw,5,144,53.30772650241851,50.0
24-13,EMB_STD,raw,6,285,124.16406676173209,133.0
24-13,EMB_STD,raw,7,508,255.3317920267582,233.0
24-13,EMB_STD,raw,8,528,299.1439243555069,252.99999999999997
24-13,EMB_STD,raw,9,551,349.0332827568054,328.0
24-13,EMB_STD,raw,10,610,426.30585342645645,369.0
24-13,EMB_STD,raw,11,698,536.7305510044098,477.0
24-13,EMB_STD,raw,12,813,678.5035204291344,611.0
24-13,EMB_STD,raw,13,1297,1171.068792283535,1081.0
24-13,EMB_STD,raw,14,16882,16737.264914810658,16577.0
24-13,EMB_STD,source_temperature,0,0,0.0,0.0
24-13,EMB_STD,source_temperature,1,0,0.0,0.0
24-13,EMB_STD,source_temperature,2,0,0.0,0.0
24-13,EMB_STD,source_temperature,3,21,5.30816991247643,5.0
24-13,EMB_STD,source_temperature,4,198,60.29335051995741,78.0
24-13,EMB_STD,source_temperature,5,453,167.2807376355156,208.0
24-13,EMB_STD,source_temperature,6,648,280.83216585210226,299.0
24-13,EMB_STD,source_temperature,7,857,428.6555483041241,481.0
24-13,EMB_STD,source_temperature,8,811,459.0832582506898,503.0
24-13,EMB_STD,source_temperature,9,885,560.2621946153647,627.0
24-13,EMB_STD,source_temperature,10,887,620.9946371658792,720.0
24-13,EMB_STD,source_temperature,11,1129,867.8642385842886,971.0
24-13,EMB_STD,source_temperature,12,1601,1338.2227944386455,1490.0
24-13,EMB_STD,source_temperature,13,2969,2683.9717320187765,2873.0
24-13,EMB_STD,source_temperature,14,11901,11601.76523610233,11869.0
24-13,P0,raw,0,0,0.0,0.0
24-13,P0,raw,1,0,0.0,0.0
24-13,P0,raw,2,0,0.0,0.0
24-13,P0,raw,3,9,2.289248690009117,1.0
24-13,P0,raw,4,101,30.890424251556393,27.0
24-13,P0,raw,5,249,92.14788734912872,54.0
24-13,P0,raw,6,404,175.4291254878044,120.0
24-13,P0,raw,7,556,278.8932254612446,196.0
24-13,P0,raw,8,625,354.3189725279808,254.0
24-13,P0,raw,9,641,405.18613189458847,278.0
24-13,P0,raw,10,625,438.7086823582649,314.0
24-13,P0,raw,11,704,540.2050431966782,417.0
24-13,P0,raw,12,845,706.059789955616,568.0
24-13,P0,raw,13,1373,1241.3664671182632,1091.0
24-13,P0,raw,14,16228,16079.19803828001,15920.0
24-13,P0,source_temperature,0,0,0.0,0.0
24-13,P0,source_temperature,1,0,0.0,0.0
24-13,P0,source_temperature,2,0,0.0,0.0
24-13,P0,source_temperature,3,76,19.091270451284558,17.0
24-13,P0,source_temperature,4,333,102.12978429255743,77.99999999999999
24-13,P0,source_temperature,5,544,200.23047444704716,166.0
24-13,P0,source_temperature,6,783,340.54755034578943,288.0
24-13,P0,source_temperature,7,909,454.2971376648747,399.0
24-13,P0,source_temperature,8,837,473.92151744710054,447.0
24-13,P0,source_temperature,9,836,529.149235782561,523.0
24-13,P0,source_temperature,10,908,636.8343404781712,647.0
24-13,P0,source_temperature,11,1123,862.4623931476838,937.0
24-13,P0,source_temperature,12,1524,1273.4864667273698,1396.0
24-13,P0,source_temperature,13,2847,2575.055681645591,2733.0
24-13,P0,source_temperature,14,11640,11363.553012194861,11609.0
24-13,P2,raw,0,0,0.0,0.0
24-13,P2,raw,1,0,0.0,0.0
24-13,P2,raw,2,0,0.0,0.0
24-13,P2,raw,3,17,4.245873659849167,4.0
24-13,P2,raw,4,104,31.777255028486252,27.999999999999996
24-13,P2,raw,5,199,73.3104954957962,51.0
24-13,P2,raw,6,313,135.94134736061096,86.0
24-13,P2,raw,7,467,234.74845892190933,162.0
24-13,P2,raw,8,422,238.98618042469025,149.0
24-13,P2,raw,9,422,267.7522823214531,177.0
24-13,P2,raw,10,482,337.3416945338249,221.0
24-13,P2,raw,11,482,370.17584443092346,265.0
24-13,P2,raw,12,632,527.0087988376617,369.0
24-13,P2,raw,13,853,768.4941005706787,599.0
24-13,P2,raw,14,17967,17886.483285546303,17597.0
24-13,P2,source_temperature,0,0,0.0,0.0
24-13,P2,source_temperature,1,0,0.0,0.0
24-13,P2,source_temperature,2,0,0.0,0.0
24-13,P2,source_temperature,3,163,39.60039819463472,39.999999999999986
24-13,P2,source_temperature,4,475,144.44284255098623,150.0
24-13,P2,source_temperature,5,660,242.74314844358852,242.0
24-13,P2,source_temperature,6,713,309.3514702177802,273.0
24-13,P2,source_temperature,7,729,364.7367848667633,328.0
24-13,P2,source_temperature,8,711,402.6723749028508,423.0
24-13,P2,source_temperature,9,677,427.9387075925041,457.0
24-13,P2,source_temperature,10,703,492.0010030409785,551.0
24-13,P2,source_temperature,11,856,657.148960600936,719.0
24-13,P2,source_temperature,12,1057,882.1960929169566,982.0
24-13,P2,source_temperature,13,1991,1802.3986468119167,1936.0
24-13,P2,source_temperature,14,13625,13344.883270692946,13607.0
24-13,SAR_GN,raw,0,0,0.0,0.0
24-13,SAR_GN,raw,1,0,0.0,0.0
24-13,SAR_GN,raw,2,0,0.0,0.0
24-13,SAR_GN,raw,3,9,2.2920993417501445,1.0
24-13,SAR_GN,raw,4,101,30.913334131240845,27.0
24-13,SAR_GN,raw,5,249,92.142334908247,54.99999999999999
24-13,SAR_GN,raw,6,404,175.4422318637371,120.0
24-13,SAR_GN,raw,7,552,276.7768357694149,199.0
24-13,SAR_GN,raw,8,634,359.4517768025398,255.0
24-13,SAR_GN,raw,9,632,399.51845747232437,275.0
24-13,SAR_GN,raw,10,627,439.9371739625931,314.0
24-13,SAR_GN,raw,11,708,543.3001186847687,421.0
24-13,SAR_GN,raw,12,843,704.4648538827896,566.0
24-13,SAR_GN,raw,13,1370,1238.6166417002678,1088.0
24-13,SAR_GN,raw,14,16231,16082.076439082623,15923.0
24-13,SAR_GN,source_temperature,0,0,0.0,0.0
24-13,SAR_GN,source_temperature,1,0,0.0,0.0
24-13,SAR_GN,source_temperature,2,0,0.0,0.0
24-13,SAR_GN,source_temperature,3,76,19.100799212796616,17.0
24-13,SAR_GN,source_temperature,4,333,102.12828569728148,78.99999999999999
24-13,SAR_GN,source_temperature,5,543,199.85488245969583,166.99999999999997
24-13,SAR_GN,source_temperature,6,782,339.99290628604,287.0
24-13,SAR_GN,source_temperature,7,911,455.25140080954196,402.0
24-13,SAR_GN,source_temperature,8,837,473.95358924226537,446.0
24-13,SAR_GN,source_temperature,9,835,528.5143164033458,523.0
24-13,SAR_GN,source_temperature,10,904,633.8460351816786,643.0
24-13,SAR_GN,source_temperature,11,1129,866.9808612929227,943.0
24-13,SAR_GN,source_temperature,12,1523,1272.7589432207951,1395.0
24-13,SAR_GN,source_temperature,13,2848,2576.1064375978535,2734.0
24-13,SAR_GN,source_temperature,14,11639,11362.69700142029,11608.0
24-13,T3A,raw,0,0,0.0,0.0
24-13,T3A,raw,1,0,0.0,0.0
24-13,T3A,raw,2,0,0.0,0.0
24-13,T3A,raw,3,75,18.689642801880833,18.999999999999996
24-13,T3A,raw,4,390,119.42010691761969,122.99999999999999
24-13,T3A,raw,5,751,276.9999520480633,301.0
24-13,T3A,raw,6,1018,441.35229310393333,513.0
24-13,T3A,raw,7,1137,568.1014337837696,724.0
24-13,T3A,raw,8,1179,668.2969074249268,852.0
24-13,T3A,raw,9,1270,804.9307804107666,1089.0
24-13,T3A,raw,10,1696,1190.198932826519,1582.0
24-13,T3A,raw,11,2414,1855.0717462301254,2333.0
24-13,T3A,raw,12,3772,3152.0619121193886,3742.0
24-13,T3A,raw,13,5282,4756.173840165138,5278.0
24-13,T3A,raw,14,3376,3224.588192224502,3376.0
24-13,T3A,source_temperature,0,0,0.0,0.0
24-13,T3A,source_temperature,1,0,0.0,0.0
24-13,T3A,source_temperature,2,0,0.0,0.0
24-13,T3A,source_temperature,3,19,4.832744350413492,3.0
24-13,T3A,source_temperature,4,114,34.892833646366434,30.999999999999996
24-13,T3A,source_temperature,5,309,113.86538237114588,99.99999999999999
24-13,T3A,source_temperature,6,537,234.28107008138883,210.0
24-13,T3A,source_temperature,7,761,380.5955944682072,362.0
24-13,T3A,source_temperature,8,726,411.28038900925515,410.0
24-13,T3A,source_temperature,9,807,511.65478113241477,500.0
24-13,T3A,source_temperature,10,872,611.3685617640127,610.0
24-13,T3A,source_temperature,11,1035,793.8382816835311,820.0
24-13,T3A,source_temperature,12,1503,1256.0072179196895,1353.0
24-13,T3A,source_temperature,13,2959,2677.4077431405144,2844.0
24-13,T3A,source_temperature,14,12718,12407.73863152509,12689.0
24-16,EMB_STD,raw,0,0,0.0,0.0
24-16,EMB_STD,raw,1,0,0.0,0.0
24-16,EMB_STD,raw,2,0,0.0,0.0
24-16,EMB_STD,raw,3,3,0.7546624541282653,1.0
24-16,EMB_STD,raw,4,32,9.848520517349241,10.0
24-16,EMB_STD,raw,5,118,44.26365405321121,39.99999999999999
24-16,EMB_STD,raw,6,233,101.52824622392654,89.0
24-16,EMB_STD,raw,7,465,233.72374042868614,215.99999999999997
24-16,EMB_STD,raw,8,499,282.98406022787094,290.0
24-16,EMB_STD,raw,9,554,350.0150310397148,314.0
24-16,EMB_STD,raw,10,587,411.5238745212555,384.0
24-16,EMB_STD,raw,11,684,525.0085270404816,506.0
24-16,EMB_STD,raw,12,845,705.8590333461761,700.0
24-16,EMB_STD,raw,13,1401,1265.092834174633,1219.0
24-16,EMB_STD,raw,14,16939,16803.585712313652,16677.0
24-16,EMB_STD,source_temperature,0,0,0.0,0.0
24-16,EMB_STD,source_temperature,1,0,0.0,0.0
24-16,EMB_STD,source_temperature,2,0,0.0,0.0
24-16,EMB_STD,source_temperature,3,30,7.506038704922489,7.999999999999999
24-16,EMB_STD,source_temperature,4,172,53.19942800544152,63.0
24-16,EMB_STD,source_temperature,5,416,153.5537793424372,175.99999999999997
24-16,EMB_STD,source_temperature,6,682,294.9708578182379,364.0
24-16,EMB_STD,source_temperature,7,813,406.3598771144523,499.0
24-16,EMB_STD,source_temperature,8,905,512.979985454788,633.0
24-16,EMB_STD,source_temperature,9,894,567.5224716565792,710.0
24-16,EMB_STD,source_temperature,10,1055,738.8875390470961,903.0
24-16,EMB_STD,source_temperature,11,1236,949.2312373197163,1121.0
24-16,EMB_STD,source_temperature,12,1673,1398.1975207376706,1576.0
24-16,EMB_STD,source_temperature,13,2749,2483.711228268763,2679.0
24-16,EMB_STD,source_temperature,14,11735,11453.439777125333,11714.0
24-16,P0,raw,0,0,0.0,0.0
24-16,P0,raw,1,0,0.0,0.0
24-16,P0,raw,2,0,0.0,0.0
24-16,P0,raw,3,7,1.7486630827188492,2.0
24-16,P0,raw,4,91,28.08969733119011,28.0
24-16,P0,raw,5,307,113.59053173661232,129.0
24-16,P0,raw,6,465,202.6398584842682,207.0
24-16,P0,raw,7,667,334.4706755876541,320.0
24-16,P0,raw,8,680,385.8220050930977,340.0
24-16,P0,raw,9,651,412.64631086587906,373.0
24-16,P0,raw,10,714,500.277723968029,494.0
24-16,P0,raw,11,752,577.8720056414604,571.0
24-16,P0,raw,12,954,796.2720590829849,808.0
24-16,P0,raw,13,1382,1249.2366912961006,1227.0
24-16,P0,raw,14,15690,15551.187910795212,15557.0
24-16,P0,source_temperature,0,0,0.0,0.0
24-16,P0,source_temperature,1,0,0.0,0.0
24-16,P0,source_temperature,2,0,0.0,0.0
24-16,P0,source_temperature,3,54,13.41247470718319,15.0
24-16,P0,source_temperature,4,410,125.50886059660534,162.0
24-16,P0,source_temperature,5,746,275.0103357734956,342.0
24-16,P0,source_temperature,6,885,384.06838774972493,433.0
24-16,P0,source_temperature,7,988,494.0055422528197,580.0
24-16,P0,source_temperature,8,913,517.3920046913769,647.0
24-16,P0,source_temperature,9,896,566.9889611964462,733.0
24-16,P0,source_temperature,10,970,679.0083435125263,841.0
24-16,P0,source_temperature,11,1111,853.552194980928,1014.0
24-16,P0,source_temperature,12,1620,1353.4856058020277,1560.0
24-16,P0,source_temperature,13,2795,2526.428178981956,2765.0
24-16,P0,source_temperature,14,10972,10683.707540671192,10964.0
24-16,P2,raw,0,0,0.0,0.0
24-16,P2,raw,1,0,0.0,0.0
24-16,P2,raw,2,0,0.0,0.0
24-16,P2,raw,3,9,2.2503755837678905,3.0
24-16,P2,raw,4,99,30.379075825214382,26.0
24-16,P2,raw,5,273,100.911101937294,94.99999999999999
24-16,P2,raw,6,419,182.31592708826062,158.0
24-16,P2,raw,7,566,283.28945791721344,248.0
24-16,P2,raw,8,570,323.0316255092621,280.0
24-16,P2,raw,9,581,368.22254478931427,309.0
24-16,P2,raw,10,579,405.09091103076935,323.0
24-16,P2,raw,11,621,476.36589801311493,387.0
24-16,P2,raw,12,722,602.3390775322914,487.0
24-16,P2,raw,13,1080,974.2002983093262,820.0
24-16,P2,raw,14,16841,16742.191757023335,16419.0
24-16,P2,source_temperature,0,0,0.0,0.0
24-16,P2,source_temperature,1,0,0.0,0.0
24-16,P2,source_temperature,2,1,0.1886939251145645,0.0
24-16,P2,source_temperature,3,187,46.03259033244231,56.0
24-16,P2,source_temperature,4,667,202.5815247355991,273.0
24-16,P2,source_temperature,5,961,352.54269081336895,432.0
24-16,P2,source_temperature,6,902,390.74936631502885,475.0
24-16,P2,source_temperature,7,897,448.91682185980994,532.0
24-16,P2,source_temperature,8,849,480.5973859450861,578.0
24-16,P2,source_temperature,9,863,545.9014591242739,638.0
24-16,P2,source_temperature,10,922,646.3355021331909,777.0
24-16,P2,source_temperature,11,1136,873.3116639375771,1027.0
24-16,P2,source_temperature,12,1565,1307.99034969456,1465.0
24-16,P2,source_temperature,13,2801,2533.3212165518703,2729.0
24-16,P2,source_temperature,14,10609,10322.060747893785,10573.0
24-16,SAR_GN,raw,0,0,0.0,0.0
24-16,SAR_GN,raw,1,0,0.0,0.0
24-16,SAR_GN,raw,2,0,0.0,0.0
24-16,SAR_GN,raw,3,7,1.7484418600797653,2.0
24-16,SAR_GN,raw,4,91,28.0970216691494,28.0
24-16,SAR_GN,raw,5,307,113.59621131420135,129.0
24-16,SAR_GN,raw,6,465,202.63563987612724,210.0
24-16,SAR_GN,raw,7,666,333.9366919696331,317.99999999999994
24-16,SAR_GN,raw,8,679,385.13611817359924,340.0
24-16,SAR_GN,raw,9,649,411.22499257326126,371.0
24-16,SAR_GN,raw,10,719,503.7138707637787,498.0
24-16,SAR_GN,raw,11,752,577.9597949385643,570.0
24-16,SAR_GN,raw,12,951,793.7950811982155,807.0
24-16,SAR_GN,raw,13,1382,1249.1356084346771,1226.0
24-16,SAR_GN,raw,14,15692,15553.079961061478,15559.0
24-16,SAR_GN,source_temperature,0,0,0.0,0.0
24-16,SAR_GN,source_temperature,1,0,0.0,0.0
24-16,SAR_GN,source_temperature,2,0,0.0,0.0
24-16,SAR_GN,source_temperature,3,54,13.412288166061895,15.0
24-16,SAR_GN,source_temperature,4,412,126.16803228217788,162.0
24-16,SAR_GN,source_temperature,5,744,274.29445787556625,343.99999999999994
24-16,SAR_GN,source_temperature,6,886,384.4802935594431,433.0
24-16,SAR_GN,source_temperature,7,988,493.9807234284086,581.0
24-16,SAR_GN,source_temperature,8,911,516.1711012396406,646.0
24-16,SAR_GN,source_temperature,9,901,570.1850522804657,736.0
24-16,SAR_GN,source_temperature,10,968,677.6854240234003,839.0
24-16,SAR_GN,source_temperature,11,1116,857.5441378013917,1020.0
24-16,SAR_GN,source_temperature,12,1615,1349.4090784419236,1555.0
24-16,SAR_GN,source_temperature,13,2795,2526.2970000727923,2765.0
24-16,SAR_GN,source_temperature,14,10970,10681.484662763338,10962.0
24-16,T3A,raw,0,0,0.0,0.0
24-16,T3A,raw,1,0,0.0,0.0
24-16,T3A,raw,2,0,0.0,0.0
24-16,T3A,raw,3,20,4.9456416964530945,2.0
24-16,T3A,raw,4,167,51.463234782218926,84.0
24-16,T3A,raw,5,509,188.66960683465004,294.0
24-16,T3A,raw,6,982,428.1042235791683,701.0
24-16,T3A,raw,7,1353,677.3429170250893,1092.0
24-16,T3A,raw,8,1654,938.9572174549103,1480.0
24-16,T3A,raw,9,1992,1264.1682531237602,1912.0
24-16,T3A,raw,10,2340,1640.9980016946793,2305.0
24-16,T3A,raw,11,3184,2448.381431519985,3174.0
24-16,T3A,raw,12,4318,3606.992069542408,4314.0
24-16,T3A,raw,13,4716,4231.7406259179115,4712.0
24-16,T3A,raw,14,1125,1064.6949832439423,1125.0
24-16,T3A,source_temperature,0,0,0.0,0.0
24-16,T3A,source_temperature,1,0,0.0,0.0
24-16,T3A,source_temperature,2,0,0.0,0.0
24-16,T3A,source_temperature,3,4,1.014989873993952,0.0
24-16,T3A,source_temperature,4,25,7.7438884458801445,7.0
24-16,T3A,source_temperature,5,136,50.691135891820835,70.0
24-16,T3A,source_temperature,6,292,127.22265386758407,149.0
24-16,T3A,source_temperature,7,573,287.2577459626806,345.0
24-16,T3A,source_temperature,8,680,385.7618372673247,482.0
24-16,T3A,source_temperature,9,830,526.5641027979575,678.0
24-16,T3A,source_temperature,10,1062,744.8061501451461,948.0
24-16,T3A,source_temperature,11,1407,1081.2206693965954,1282.0
24-16,T3A,source_temperature,12,2173,1816.4124986746792,2106.0
24-16,T3A,source_temperature,13,3522,3181.5263031691193,3481.0
24-16,T3A,source_temperature,14,11656,11341.649744761107,11647.0
24-5,EMB_STD,raw,0,0,0.0,0.0
24-5,EMB_STD,raw,1,0,0.0,0.0
24-5,EMB_STD,raw,2,0,0.0,0.0
24-5,EMB_STD,raw,3,9,2.2851014882326126,0.0
24-5,EMB_STD,raw,4,98,30.576571255922314,14.999999999999996
24-5,EMB_STD,raw,5,327,121.72718411684035,46.999999999999986
24-5,EMB_STD,raw,6,497,216.58282229304314,91.0
24-5,EMB_STD,raw,7,807,405.63665172457695,215.0
24-5,EMB_STD,raw,8,826,467.5764254927635,214.99999999999997
24-5,EMB_STD,raw,9,856,543.0541434884071,247.99999999999997
24-5,EMB_STD,raw,10,903,630.8972034454346,280.0
24-5,EMB_STD,raw,11,911,698.9019250273705,282.0
24-5,EMB_STD,raw,12,1087,907.8123905658722,418.0
24-5,EMB_STD,raw,13,1423,1283.0013340115547,638.0
24-5,EMB_STD,raw,14,12066,11965.914204597473,10581.0
24-5,EMB_STD,source_temperature,0,0,0.0,0.0
24-5,EMB_STD,source_temperature,1,0,0.0,0.0
24-5,EMB_STD,source_temperature,2,0,0.0,0.0
24-5,EMB_STD,source_temperature,3,47,11.736445395186657,5.999999999999999
24-5,EMB_STD,source_temperature,4,337,102.898604905746,37.99999999999999
24-5,EMB_STD,source_temperature,5,710,261.4394958343834,124.99999999999997
24-5,EMB_STD,source_temperature,6,923,401.301281804694,197.99999999999994
24-5,EMB_STD,source_temperature,7,1099,549.7025157366304,289.0
24-5,EMB_STD,source_temperature,8,1149,650.5544969927254,352.0
24-5,EMB_STD,source_temperature,9,996,630.2186878525388,352.0
24-5,EMB_STD,source_temperature,10,1050,734.7683924345606,435.0
24-5,EMB_STD,source_temperature,11,1053,809.025545104138,462.0
24-5,EMB_STD,source_temperature,12,1189,992.0667541649498,623.0
24-5,EMB_STD,source_temperature,13,1541,1391.4573402821031,1025.0
24-5,EMB_STD,source_temperature,14,9716,9566.009669622023,9125.0
24-5,P0,raw,0,0,0.0,0.0
24-5,P0,raw,1,0,0.0,0.0
24-5,P0,raw,2,0,0.0,0.0
24-5,P0,raw,3,27,6.763346046209334,0.9999999999999996
24-5,P0,raw,4,222,68.1980872452259,14.999999999999986
24-5,P0,raw,5,573,212.17697823047635,44.999999999999986
24-5,P0,raw,6,710,308.7046193778515,106.99999999999997
24-5,P0,raw,7,949,475.33972015976906,213.99999999999994
24-5,P0,raw,8,902,509.41959941387177,230.0
24-5,P0,raw,9,850,538.0577400326729,273.0
24-5,P0,raw,10,868,607.3576866984367,274.0
24-5,P0,raw,11,852,653.0623914003372,308.0
24-5,P0,raw,12,989,824.62778621912,445.0
24-5,P0,raw,13,1200,1081.912703037262,663.0
24-5,P0,raw,14,11668,11571.128475546837,10787.0
24-5,P0,source_temperature,0,0,0.0,0.0
24-5,P0,source_temperature,1,0,0.0,0.0
24-5,P0,source_temperature,2,1,0.1915703419993702,0.0
24-5,P0,source_temperature,3,84,21.01093352757967,6.9999999999999964
24-5,P0,source_temperature,4,527,161.00305695312443,40.99999999999997
24-5,P0,source_temperature,5,863,317.692148075685,96.99999999999994
24-5,P0,source_temperature,6,1096,475.66116313673416,195.99999999999994
24-5,P0,source_temperature,7,1085,542.4450767141268,295.99999999999994
24-5,P0,source_temperature,8,1048,593.29955186398,320.0
24-5,P0,source_temperature,9,959,607.6641035204327,354.99999999999994
24-5,P0,source_temperature,10,888,621.4497089428837,380.0
24-5,P0,source_temperature,11,928,711.9642544901161,469.0
24-5,P0,source_temperature,12,977,816.3428538038385,629.0
24-5,P0,source_temperature,13,1391,1256.6717929713207,1002.0
24-5,P0,source_temperature,14,9963,9821.014632663944,9570.0
24-5,P2,raw,0,0,0.0,0.0
24-5,P2,raw,1,0,0.0,0.0
24-5,P2,raw,2,0,0.0,0.0
24-5,P2,raw,3,23,5.810526594519615,1.9999999999999993
24-5,P2,raw,4,169,52.03250098228454,19.999999999999993
24-5,P2,raw,5,389,144.13492053747177,58.99999999999999
24-5,P2,raw,6,548,237.4543011188507,90.99999999999997
24-5,P2,raw,7,778,390.5493222475052,153.99999999999997
24-5,P2,raw,8,738,416.79720920324326,179.99999999999997
24-5,P2,raw,9,765,483.7889873981476,184.99999999999997
24-5,P2,raw,10,717,502.1936864256859,190.99999999999997
24-5,P2,raw,11,746,572.1369053125381,259.0
24-5,P2,raw,12,867,723.1683666110039,330.0
24-5,P2,raw,13,1126,1016.8342835307122,502.0
24-5,P2,raw,14,12944,12861.67967146635,11538.0
24-5,P2,source_temperature,0,0,0.0,0.0
24-5,P2,source_temperature,1,0,0.0,0.0
24-5,P2,source_temperature,2,0,0.0,0.0
24-5,P2,source_temperature,3,144,35.578880633730165,15.999999999999996
24-5,P2,source_temperature,4,597,182.161852290988,77.99999999999999
24-5,P2,source_temperature,5,837,308.33797239911286,113.99999999999994
24-5,P2,source_temperature,6,1025,443.6531384045764,190.99999999999997
24-5,P2,source_temperature,7,1032,516.2381123933408,265.99999999999994
24-5,P2,source_temperature,8,920,519.5447038798345,276.0
24-5,P2,source_temperature,9,877,555.0691442914488,320.0
24-5,P2,source_temperature,10,819,572.7424570248039,354.99999999999994
24-5,P2,source_temperature,11,865,663.1346332848616,416.0
24-5,P2,source_temperature,12,959,800.1660282887123,590.0
24-5,P2,source_temperature,13,1383,1248.231245063636,1006.0
24-5,P2,source_temperature,14,10352,10220.890363931889,9883.0
24-5,SAR_GN,raw,0,0,0.0,0.0
24-5,SAR_GN,raw,1,0,0.0,0.0
24-5,SAR_GN,raw,2,0,0.0,0.0
24-5,SAR_GN,raw,3,27,6.763346046209334,0.9999999999999996
24-5,SAR_GN,raw,4,222,68.1980872452259,14.999999999999986
24-5,SAR_GN,raw,5,573,212.17697823047635,44.999999999999986
24-5,SAR_GN,raw,6,710,308.7046193778515,106.99999999999997
24-5,SAR_GN,raw,7,949,475.33972015976906,213.99999999999994
24-5,SAR_GN,raw,8,902,509.41959941387177,230.0
24-5,SAR_GN,raw,9,850,538.0577400326729,273.0
24-5,SAR_GN,raw,10,868,607.3576866984367,274.0
24-5,SAR_GN,raw,11,852,653.0623914003372,308.0
24-5,SAR_GN,raw,12,989,824.62778621912,445.0
24-5,SAR_GN,raw,13,1200,1081.912703037262,663.0
24-5,SAR_GN,raw,14,11668,11571.128475546837,10787.0
24-5,SAR_GN,source_temperature,0,0,0.0,0.0
24-5,SAR_GN,source_temperature,1,0,0.0,0.0
24-5,SAR_GN,source_temperature,2,1,0.1915703419993702,0.0
24-5,SAR_GN,source_temperature,3,84,21.01093352757967,6.9999999999999964
24-5,SAR_GN,source_temperature,4,527,161.00305695312443,40.99999999999997
24-5,SAR_GN,source_temperature,5,863,317.692148075685,96.99999999999994
24-5,SAR_GN,source_temperature,6,1096,475.66116313673416,195.99999999999994
24-5,SAR_GN,source_temperature,7,1085,542.4450767141268,295.99999999999994
24-5,SAR_GN,source_temperature,8,1048,593.29955186398,320.0
24-5,SAR_GN,source_temperature,9,959,607.6641035204327,354.99999999999994
24-5,SAR_GN,source_temperature,10,888,621.4497089428837,380.0
24-5,SAR_GN,source_temperature,11,928,711.9642544901161,469.0
24-5,SAR_GN,source_temperature,12,977,816.3428538038385,629.0
24-5,SAR_GN,source_temperature,13,1391,1256.6717929713207,1002.0
24-5,SAR_GN,source_temperature,14,9963,9821.014632663944,9570.0
24-5,T3A,raw,0,0,0.0,0.0
24-5,T3A,raw,1,0,0.0,0.0
24-5,T3A,raw,2,0,0.0,0.0
24-5,T3A,raw,3,48,12.328077375888824,6.0
24-5,T3A,raw,4,925,285.4139448106289,159.99999999999997
24-5,T3A,raw,5,2245,827.8634546101092,496.99999999999994
24-5,T3A,raw,6,2463,1064.8642479479313,775.0
24-5,T3A,raw,7,1853,922.1756151914597,838.9999999999999
24-5,T3A,raw,8,1278,722.6176127791405,837.0
24-5,T3A,raw,9,1218,771.8284373879433,943.0
24-5,T3A,raw,10,1182,828.2798486948013,1046.0
24-5,T3A,raw,11,1456,1116.4097465872765,1365.0
24-5,T3A,raw,12,1891,1582.6315296292305,1859.0
24-5,T3A,raw,13,3963,3578.42515873909,3952.0
24-5,T3A,raw,14,1288,1216.845148563385,1287.0
24-5,T3A,source_temperature,0,0,0.0,0.0
24-5,T3A,source_temperature,1,0,0.0,0.0
24-5,T3A,source_temperature,2,0,0.0,0.0
24-5,T3A,source_temperature,3,2,0.5212502443429037,0.0
24-5,T3A,source_temperature,4,150,47.11092971703933,19.999999999999996
24-5,T3A,source_temperature,5,563,209.05050993247983,99.99999999999997
24-5,T3A,source_temperature,6,1169,509.55019386711,256.99999999999994
24-5,T3A,source_temperature,7,1633,817.6797851903195,456.0
24-5,T3A,source_temperature,8,1558,880.7299565530875,516.0
24-5,T3A,source_temperature,9,1357,859.2265481950622,530.0
24-5,T3A,source_temperature,10,1271,890.0641426375444,586.0
24-5,T3A,source_temperature,11,1171,898.3961660272687,691.0
24-5,T3A,source_temperature,12,1168,974.5930660699267,869.0
24-5,T3A,source_temperature,13,1667,1505.006704348993,1513.0
24-5,T3A,source_temperature,14,8101,7930.808828724459,8028.0
24-6,EMB_STD,raw,0,0,0.0,0.0
24-6,EMB_STD,raw,1,0,0.0,0.0
24-6,EMB_STD,raw,2,0,0.0,0.0
24-6,EMB_STD,raw,3,2,0.5096639692783356,1.0
24-6,EMB_STD,raw,4,13,3.9438210129737854,1.9999999999999996
24-6,EMB_STD,raw,5,53,19.56871098279953,19.0
24-6,EMB_STD,raw,6,113,49.286875873804085,43.0
24-6,EMB_STD,raw,7,307,155.24405801296234,149.0
24-6,EMB_STD,raw,8,422,239.35366660356522,216.0
24-6,EMB_STD,raw,9,445,281.71387165784836,260.0
24-6,EMB_STD,raw,10,484,339.9236876964569,307.0
24-6,EMB_STD,raw,11,528,404.9045117497444,349.0
24-6,EMB_STD,raw,12,790,660.0732636451721,594.0
24-6,EMB_STD,raw,13,1253,1133.5661356449127,1031.0
24-6,EMB_STD,raw,14,16715,16583.142123520374,16210.0
24-6,EMB_STD,source_temperature,0,0,0.0,0.0
24-6,EMB_STD,source_temperature,1,0,0.0,0.0
24-6,EMB_STD,source_temperature,2,0,0.0,0.0
24-6,EMB_STD,source_temperature,3,11,2.689811328541257,2.0
24-6,EMB_STD,source_temperature,4,61,18.77003678720274,16.0
24-6,EMB_STD,source_temperature,5,160,59.40117681042612,60.0
24-6,EMB_STD,source_temperature,6,318,139.45023779020755,147.0
24-6,EMB_STD,source_temperature,7,620,311.38892797531025,331.0
24-6,EMB_STD,source_temperature,8,663,375.28178032818187,417.0
24-6,EMB_STD,source_temperature,9,744,471.05045523503605,531.0
24-6,EMB_STD,source_temperature,10,806,564.7159669282993,603.0
24-6,EMB_STD,source_temperature,11,1054,808.2781918147796,887.0
24-6,EMB_STD,source_temperature,12,1411,1177.922357200392,1246.0
24-6,EMB_STD,source_temperature,13,2465,2228.7809923907503,2306.0
24-6,EMB_STD,source_temperature,14,12812,12550.151168031138,12635.0
24-6,P0,raw,0,0,0.0,0.0
24-6,P0,raw,1,0,0.0,0.0
24-6,P0,raw,2,0,0.0,0.0
24-6,P0,raw,3,3,0.7517950534820557,0.0
24-6,P0,raw,4,34,10.635905146598816,9.0
24-6,P0,raw,5,108,40.15929356217384,33.0
24-6,P0,raw,6,209,91.13558343052864,85.0
24-6,P0,raw,7,486,244.4969900250435,236.0
24-6,P0,raw,8,557,315.26895105838776,297.0
24-6,P0,raw,9,583,369.33653968572617,338.0
24-6,P0,raw,10,585,410.30713415145874,391.0
24-6,P0,raw,11,773,593.9335750341415,564.0
24-6,P0,raw,12,1036,865.3203544020653,808.0
24-6,P0,raw,13,1635,1475.634318470955,1349.0
24-6,P0,raw,14,15116,14974.052861869335,14812.0
24-6,P0,source_temperature,0,0,0.0,0.0
24-6,P0,source_temperature,1,0,0.0,0.0
24-6,P0,source_temperature,2,0,0.0,0.0
24-6,P0,source_temperature,3,15,3.7248981228839053,3.9999999999999996
24-6,P0,source_temperature,4,112,34.18488109895188,31.0
24-6,P0,source_temperature,5,308,114.57323630103461,121.0
24-6,P0,source_temperature,6,519,226.37446360285662,266.0
24-6,P0,source_temperature,7,797,398.4203880248772,432.0
24-6,P0,source_temperature,8,866,491.0084412859512,576.0
24-6,P0,source_temperature,9,927,588.4933109062205,675.0
24-6,P0,source_temperature,10,1087,760.7316107457445,866.0
24-6,P0,source_temperature,11,1267,972.2919557779692,1066.0
24-6,P0,source_temperature,12,1571,1311.4724550123601,1420.0
24-6,P0,source_temperature,13,2540,2294.769155833839,2415.0
24-6,P0,source_temperature,14,11116,10881.618729435988,11050.0
24-6,P2,raw,0,0,0.0,0.0
24-6,P2,raw,1,0,0.0,0.0
24-6,P2,raw,2,0,0.0,0.0
24-6,P2,raw,3,2,0.5081472545862198,0.0
24-6,P2,raw,4,47,14.780817568302155,20.0
24-6,P2,raw,5,119,43.99492788314819,53.0
24-6,P2,raw,6,203,88.37628760933876,110.0
24-6,P2,raw,7,336,169.18440344929695,169.0
24-6,P2,raw,8,382,216.98346030712128,203.0
24-6,P2,raw,9,420,266.46705013513565,232.0
24-6,P2,raw,10,448,313.20663940906525,275.0
24-6,P2,raw,11,422,323.69613069295883,268.0
24-6,P2,raw,12,639,532.9928770661354,409.0
24-6,P2,raw,13,914,826.7728509902954,693.0
24-6,P2,raw,14,17193,17102.255035221577,16553.0
24-6,P2,source_temperature,0,0,0.0,0.0
24-6,P2,source_temperature,1,0,0.0,0.0
24-6,P2,source_temperature,2,0,0.0,0.0
24-6,P2,source_temperature,3,71,17.510791132382924,35.0
24-6,P2,source_temperature,4,333,101.20761117213539,167.0
24-6,P2,source_temperature,5,400,147.35417231535732,225.0
24-6,P2,source_temperature,6,517,223.6123664895651,275.0
24-6,P2,source_temperature,7,655,328.1188241694392,379.0
24-6,P2,source_temperature,8,694,393.3669776722979,437.0
24-6,P2,source_temperature,9,722,457.9694461194764,508.0
24-6,P2,source_temperature,10,786,550.0844547077457,586.0
24-6,P2,source_temperature,11,1043,801.3214880698679,865.0
24-6,P2,source_temperature,12,1383,1155.642059142881,1218.0
24-6,P2,source_temperature,13,2582,2335.459395027273,2430.0
24-6,P2,source_temperature,14,11939,11689.218486626778,11860.0
24-6,SAR_GN,raw,0,0,0.0,0.0
24-6,SAR_GN,raw,1,0,0.0,0.0
24-6,SAR_GN,raw,2,0,0.0,0.0
24-6,SAR_GN,raw,3,3,0.7517950534820557,0.0
24-6,SAR_GN,raw,4,34,10.635905146598816,9.0
24-6,SAR_GN,raw,5,108,40.15929356217384,33.0
24-6,SAR_GN,raw,6,209,91.13558343052864,85.0
24-6,SAR_GN,raw,7,486,244.4969900250435,236.0
24-6,SAR_GN,raw,8,557,315.26895105838776,297.0
24-6,SAR_GN,raw,9,583,369.33653968572617,338.0
24-6,SAR_GN,raw,10,585,410.30713415145874,391.0
24-6,SAR_GN,raw,11,773,593.9335750341415,564.0
24-6,SAR_GN,raw,12,1036,865.3203544020653,808.0
24-6,SAR_GN,raw,13,1635,1475.634318470955,1349.0
24-6,SAR_GN,raw,14,15116,14974.052861869335,14812.0
24-6,SAR_GN,source_temperature,0,0,0.0,0.0
24-6,SAR_GN,source_temperature,1,0,0.0,0.0
24-6,SAR_GN,source_temperature,2,0,0.0,0.0
24-6,SAR_GN,source_temperature,3,15,3.724851845646028,3.9999999999999996
24-6,SAR_GN,source_temperature,4,112,34.18416170743045,31.0
24-6,SAR_GN,source_temperature,5,308,114.56926853217422,121.0
24-6,SAR_GN,source_temperature,6,519,226.36389026685123,266.0
24-6,SAR_GN,source_temperature,7,797,398.40175911350946,432.0
24-6,SAR_GN,source_temperature,8,866,490.98477152758824,576.0
24-6,SAR_GN,source_temperature,9,927,588.4618122906464,675.0
24-6,SAR_GN,source_temperature,10,1087,760.6827788142373,866.0
24-6,SAR_GN,source_temperature,11,1268,973.0364521031837,1067.0
24-6,SAR_GN,source_temperature,12,1570,1310.611579800344,1419.0
24-6,SAR_GN,source_temperature,13,2542,2296.566871854803,2417.0
24-6,SAR_GN,source_temperature,14,11114,10879.635646157225,11048.0
24-6,T3A,raw,0,0,0.0,0.0
24-6,T3A,raw,1,0,0.0,0.0
24-6,T3A,raw,2,0,0.0,0.0
24-6,T3A,raw,3,26,6.415090113878249,7.0
24-6,T3A,raw,4,108,32.851139932870865,42.0
24-6,T3A,raw,5,308,114.16182413697241,140.0
24-6,T3A,raw,6,694,303.2627180814743,417.0
24-6,T3A,raw,7,1062,531.2242193222046,686.0
24-6,T3A,raw,8,1171,665.0662061572075,874.0
24-6,T3A,raw,9,1416,899.736966252327,1176.0
24-6,T3A,raw,10,1889,1325.1297867894173,1712.0
24-6,T3A,raw,11,2606,2003.781263589859,2449.0
24-6,T3A,raw,12,3739,3123.41827917099,3620.0
24-6,T3A,raw,13,5067,4563.779002487659,5014.0
24-6,T3A,raw,14,3039,2902.4891520142555,3020.0
24-6,T3A,source_temperature,0,0,0.0,0.0
24-6,T3A,source_temperature,1,0,0.0,0.0
24-6,T3A,source_temperature,2,0,0.0,0.0
24-6,T3A,source_temperature,3,5,1.2144239120698666,1.0
24-6,T3A,source_temperature,4,36,11.019485803269768,14.0
24-6,T3A,source_temperature,5,91,33.722642761894704,31.999999999999996
24-6,T3A,source_temperature,6,185,80.74614134728503,83.0
24-6,T3A,source_temperature,7,548,276.15030859965736,277.0
24-6,T3A,source_temperature,8,621,351.8932550480923,385.0
24-6,T3A,source_temperature,9,674,428.2351198909151,450.0
24-6,T3A,source_temperature,10,794,557.2715612484591,590.0
24-6,T3A,source_temperature,11,970,746.0259495022142,781.0
24-6,T3A,source_temperature,12,1495,1250.5272838243282,1284.0
24-6,T3A,source_temperature,13,3063,2771.3116151262766,2844.0
24-6,T3A,source_temperature,14,12643,12360.555150145343,12416.0
3-19,EMB_STD,raw,0,0,0.0,0.0
3-19,EMB_STD,raw,1,0,0.0,0.0
3-19,EMB_STD,raw,2,0,0.0,0.0
3-19,EMB_STD,raw,3,5,1.2217801064252853,2.0
3-19,EMB_STD,raw,4,39,12.127006292343138,9.0
3-19,EMB_STD,raw,5,194,72.53134086728096,64.0
3-19,EMB_STD,raw,6,438,190.86036556959152,139.99999999999997
3-19,EMB_STD,raw,7,894,449.4623372852802,326.99999999999994
3-19,EMB_STD,raw,8,1002,569.3749920129776,403.0
3-19,EMB_STD,raw,9,1108,702.3687539696693,529.0
3-19,EMB_STD,raw,10,1135,795.3706287145615,535.0
3-19,EMB_STD,raw,11,1329,1020.670401096344,672.0
3-19,EMB_STD,raw,12,1650,1377.6483288407326,904.0
3-19,EMB_STD,raw,13,2302,2077.350221514702,1314.0
3-19,EMB_STD,raw,14,13264,13084.58670347929,10905.0
3-19,EMB_STD,source_temperature,0,0,0.0,0.0
3-19,EMB_STD,source_temperature,1,0,0.0,0.0
3-19,EMB_STD,source_temperature,2,1,0.1932872085786796,0.0
3-19,EMB_STD,source_temperature,3,26,6.381174952125351,5.0
3-19,EMB_STD,source_temperature,4,304,93.9860340460342,96.0
3-19,EMB_STD,source_temperature,5,791,291.98133032585093,274.0
3-19,EMB_STD,source_temperature,6,1219,529.4414258774722,443.99999999999994
3-19,EMB_STD,source_temperature,7,1797,900.307464394481,830.0
3-19,EMB_STD,source_temperature,8,1844,1045.0208168442018,925.0
3-19,EMB_STD,source_temperature,9,1828,1157.4424126011172,999.0
3-19,EMB_STD,source_temperature,10,1966,1375.8185386711925,1128.0
3-19,EMB_STD,source_temperature,11,1984,1524.0679335795003,1278.0
3-19,EMB_STD,source_temperature,12,2367,1974.3294989909434,1671.0
3-19,EMB_STD,source_temperature,13,3244,2927.9197316536684,2644.0
3-19,EMB_STD,source_temperature,14,5989,5808.409127876369,5510.0
3-19,P0,raw,0,0,0.0,0.0
3-19,P0,raw,1,0,0.0,0.0
3-19,P0,raw,2,0,0.0,0.0
3-19,P0,raw,3,6,1.477953016757965,1.0
3-19,P0,raw,4,101,31.186266899108883,25.999999999999996
3-19,P0,raw,5,361,134.52199625968933,99.99999999999999
3-19,P0,raw,6,756,329.7872748076916,221.99999999999997
3-19,P0,raw,7,1344,675.4951430261135,522.0
3-19,P0,raw,8,1414,800.5518410801888,539.0
3-19,P0,raw,9,1403,888.7345207333565,615.0
3-19,P0,raw,10,1466,1027.1248328089714,678.0
3-19,P0,raw,11,1608,1233.742609679699,846.0
3-19,P0,raw,12,1890,1576.3793821930885,1007.0
3-19,P0,raw,13,2699,2438.197276353836,1637.0
3-19,P0,raw,14,10312,10125.976454615593,8481.0
3-19,P0,source_temperature,0,0,0.0,0.0
3-19,P0,source_temperature,1,0,0.0,0.0
3-19,P0,source_temperature,2,0,0.0,0.0
3-19,P0,source_temperature,3,75,18.753342211584858,18.0
3-19,P0,source_temperature,4,522,160.00963883089707,125.0
3-19,P0,source_temperature,5,1284,474.7761413298481,404.99999999999994
3-19,P0,source_temperature,6,1944,845.0664627293,741.0
3-19,P0,source_temperature,7,2273,1137.336526162993,1018.0
3-19,P0,source_temperature,8,2074,1174.5763363349158,1023.0
3-19,P0,source_temperature,9,2090,1323.7042517834284,1134.0
3-19,P0,source_temperature,10,2034,1424.746206442727,1228.0
3-19,P0,source_temperature,11,2214,1698.9492532002992,1462.0
3-19,P0,source_temperature,12,2427,2024.4687692557027,1768.0
3-19,P0,source_temperature,13,2821,2543.6286335524806,2355.0
3-19,P0,source_temperature,14,3602,3478.593998770101,3397.0
3-19,P2,raw,0,0,0.0,0.0
3-19,P2,raw,1,0,0.0,0.0
3-19,P2,raw,2,0,0.0,0.0
3-19,P2,raw,3,5,1.2767785638570786,1.0
3-19,P2,raw,4,84,26.067443370819092,16.999999999999996
3-19,P2,raw,5,296,110.04531082510947,94.0
3-19,P2,raw,6,570,248.55378276109693,162.0
3-19,P2,raw,7,1122,563.8252159059048,392.99999999999994
3-19,P2,raw,8,1190,674.5224133729935,490.0
3-19,P2,raw,9,1213,767.9017251729965,496.99999999999994
3-19,P2,raw,10,1197,837.2053139209747,557.0
3-19,P2,raw,11,1332,1023.4531035423279,607.0
3-19,P2,raw,12,1634,1365.0390914082527,793.0
3-19,P2,raw,13,2327,2101.7991248369217,1283.0
3-19,P2,raw,14,12390,12225.99674242735,9441.0
3-19,P2,source_temperature,0,0,0.0,0.0
3-19,P2,source_temperature,1,0,0.0,0.0
3-19,P2,source_temperature,2,0,0.0,0.0
3-19,P2,source_temperature,3,158,39.226447470602665,47.0
3-19,P2,source_temperature,4,830,253.52849742159734,235.99999999999997
3-19,P2,source_temperature,5,1563,577.3017391568991,547.0
3-19,P2,source_temperature,6,2067,897.2288710527912,864.9999999999999
3-19,P2,source_temperature,7,2290,1143.6250818781882,1073.0
3-19,P2,source_temperature,8,2053,1161.748364165201,1002.0
3-19,P2,source_temperature,9,2045,1295.5139571549205,1188.0
3-19,P2,source_temperature,10,1970,1378.5198682938885,1193.0
3-19,P2,source_temperature,11,1915,1467.9885298873467,1242.0
3-19,P2,source_temperature,12,2220,1851.8124047962945,1550.0
3-19,P2,source_temperature,13,2770,2496.844947851783,2200.0
3-19,P2,source_temperature,14,3479,3354.455475722873,3192.0
3-19,SAR_GN,raw,0,0,0.0,0.0
3-19,SAR_GN,raw,1,0,0.0,0.0
3-19,SAR_GN,raw,2,0,0.0,0.0
3-19,SAR_GN,raw,3,7,1.7404164224863052,1.0
3-19,SAR_GN,raw,4,99,30.54095384478569,25.0
3-19,SAR_GN,raw,5,358,133.26730570197103,96.0
3-19,SAR_GN,raw,6,759,330.80018523335457,229.0
3-19,SAR_GN,raw,7,1334,670.2252418994904,518.0
3-19,SAR_GN,raw,8,1424,806.4722631573677,542.9999999999999
3-19,SAR_GN,raw,9,1411,894.5304445624352,611.0
3-19,SAR_GN,raw,10,1440,1008.9980466365814,667.0
3-19,SAR_GN,raw,11,1607,1232.8103267550468,855.0
3-19,SAR_GN,raw,12,1895,1580.3386569619179,1008.0
3-19,SAR_GN,raw,13,2698,2437.3335276842117,1627.0
3-19,SAR_GN,raw,14,10328,10142.003618597984,8495.0
3-19,SAR_GN,source_temperature,0,0,0.0,0.0
3-19,SAR_GN,source_temperature,1,0,0.0,0.0
3-19,SAR_GN,source_temperature,2,0,0.0,0.0
3-19,SAR_GN,source_temperature,3,76,19.00926080775588,18.0
3-19,SAR_GN,source_temperature,4,526,161.34414935075364,125.99999999999997
3-19,SAR_GN,source_temperature,5,1275,471.51773938778456,401.0
3-19,SAR_GN,source_temperature,6,1934,840.3866708964795,735.0
3-19,SAR_GN,source_temperature,7,2273,1136.6845751830797,1020.0
3-19,SAR_GN,source_temperature,8,2069,1171.3209822614203,1023.9999999999999
3-19,SAR_GN,source_temperature,9,2076,1314.4441682668205,1121.0
3-19,SAR_GN,source_temperature,10,2057,1440.3146034446092,1247.0
3-19,SAR_GN,source_temperature,11,2195,1684.199883905783,1442.0
3-19,SAR_GN,source_temperature,12,2425,2021.9225673702447,1774.0
3-19,SAR_GN,source_temperature,13,2844,2563.8275541688745,2362.0
3-19,SAR_GN,source_temperature,14,3610,3486.3435793444796,3405.0
3-19,T3A,raw,0,0,0.0,0.0
3-19,T3A,raw,1,0,0.0,0.0
3-19,T3A,raw,2,3,0.5646286755800246,0.0
3-19,T3A,raw,3,311,76.65743400156497,98.0
3-19,T3A,raw,4,1437,439.52845084667194,549.0
3-19,T3A,raw,5,2385,879.4176198542118,1140.0
3-19,T3A,raw,6,3024,1312.602836638689,1639.0
3-19,T3A,raw,7,3016,1504.4051763415337,1834.0
3-19,T3A,raw,8,2758,1561.57241243124,1957.0
3-19,T3A,raw,9,2462,1557.3600268363953,1973.0
3-19,T3A,raw,10,2116,1477.8508375883102,1830.0
3-19,T3A,raw,11,1841,1412.5284054279327,1703.0
3-19,T3A,raw,12,1712,1426.4518216848373,1632.0
3-19,T3A,raw,13,1672,1504.2375391721725,1632.0
3-19,T3A,raw,14,623,592.0265640616417,618.0
3-19,T3A,source_temperature,0,0,0.0,0.0
3-19,T3A,source_temperature,1,0,0.0,0.0
3-19,T3A,source_temperature,2,3,0.5829535990537977,0.0
3-19,T3A,source_temperature,3,125,31.156495854468798,29.999999999999996
3-19,T3A,source_temperature,4,674,206.91777610305877,243.0
3-19,T3A,source_temperature,5,1511,557.4245982704138,604.0
3-19,T3A,source_temperature,6,2098,911.3014986025156,1051.0
3-19,T3A,source_temperature,7,2488,1245.9436487126673,1351.0
3-19,T3A,source_temperature,8,2362,1336.3801705968642,1423.0
3-19,T3A,source_temperature,9,2355,1492.0960196497304,1563.0
3-19,T3A,source_temperature,10,2263,1584.6944970815573,1675.0
3-19,T3A,source_temperature,11,2199,1684.284290149731,1808.0
3-19,T3A,source_temperature,12,2115,1761.6887247396473,1892.0
3-19,T3A,source_temperature,13,2276,2050.532189093568,2141.0
3-19,T3A,source_temperature,14,2891,2790.629043011193,2824.0000000000005
7-14,EMB_STD,raw,0,0,0.0,0.0
7-14,EMB_STD,raw,1,0,0.0,0.0
7-14,EMB_STD,raw,2,0,0.0,0.0
7-14,EMB_STD,raw,3,1,0.2513481378555298,1.0
7-14,EMB_STD,raw,4,18,5.621823668479919,7.0
7-14,EMB_STD,raw,5,90,33.38359811902046,29.0
7-14,EMB_STD,raw,6,215,94.01071673631668,72.0
7-14,EMB_STD,raw,7,546,275.5698670744896,214.0
7-14,EMB_STD,raw,8,659,373.6416603922844,319.0
7-14,EMB_STD,raw,9,662,419.96853345632553,331.0
7-14,EMB_STD,raw,10,744,521.8031514883041,353.0
7-14,EMB_STD,raw,11,882,676.7362164258957,458.0
7-14,EMB_STD,raw,12,1113,929.93936419487,654.0
7-14,EMB_STD,raw,13,1674,1511.2850369215012,1040.0
7-14,EMB_STD,raw,14,16756,16599.804020643234,14516.0
7-14,EMB_STD,source_temperature,0,0,0.0,0.0
7-14,EMB_STD,source_temperature,1,0,0.0,0.0
7-14,EMB_STD,source_temperature,2,0,0.0,0.0
7-14,EMB_STD,source_temperature,3,6,1.5001472576503025,3.0
7-14,EMB_STD,source_temperature,4,81,24.864075168177692,27.0
7-14,EMB_STD,source_temperature,5,234,86.5732097946952,87.99999999999999
7-14,EMB_STD,source_temperature,6,496,216.64298040002356,194.0
7-14,EMB_STD,source_temperature,7,858,430.5333362716356,395.0
7-14,EMB_STD,source_temperature,8,978,554.1177597626702,498.0
7-14,EMB_STD,source_temperature,9,1075,681.8265740895602,571.0
7-14,EMB_STD,source_temperature,10,1124,787.6108086503502,648.0
7-14,EMB_STD,source_temperature,11,1253,961.3363747129533,790.0
7-14,EMB_STD,source_temperature,12,1630,1360.115290071529,1060.0
7-14,EMB_STD,source_temperature,13,2744,2482.5821744137843,2048.0
7-14,EMB_STD,source_temperature,14,12881,12608.425143270013,11672.0
7-14,P0,raw,0,0,0.0,0.0
7-14,P0,raw,1,0,0.0,0.0
7-14,P0,raw,2,0,0.0,0.0
7-14,P0,raw,3,3,0.7248489111661911,1.0
7-14,P0,raw,4,24,7.5585506558418265,6.0
7-14,P0,raw,5,147,54.89952239394188,46.0
7-14,P0,raw,6,260,113.62326020002365,83.99999999999999
7-14,P0,raw,7,665,334.70121088624,287.0
7-14,P0,raw,8,775,439.40323650836945,377.0
7-14,P0,raw,9,783,496.04939448833466,395.0
7-14,P0,raw,10,858,601.583373606205,446.0
7-14,P0,raw,11,905,694.8150261640549,495.0
7-14,P0,raw,12,1134,946.8874565958977,633.0
7-14,P0,raw,13,1706,1539.2723693847656,1016.0
7-14,P0,raw,14,16100,15942.191930532455,14210.0
7-14,P0,source_temperature,0,0,0.0,0.0
7-14,P0,source_temperature,1,0,0.0,0.0
7-14,P0,source_temperature,2,0,0.0,0.0
7-14,P0,source_temperature,3,11,2.724902097236468,2.0
7-14,P0,source_temperature,4,98,30.286324440193027,27.999999999999996
7-14,P0,source_temperature,5,335,124.07386328142375,111.99999999999999
7-14,P0,source_temperature,6,673,292.60162879728813,289.0
7-14,P0,source_temperature,7,1063,533.4248573763347,537.0
7-14,P0,source_temperature,8,1098,622.0077328170296,560.0
7-14,P0,source_temperature,9,1116,706.9353279538092,600.0
7-14,P0,source_temperature,10,1131,793.0057386909696,656.0
7-14,P0,source_temperature,11,1300,996.2629506995053,755.0
7-14,P0,source_temperature,12,1617,1351.289620828106,1116.0
7-14,P0,source_temperature,13,2637,2382.6453432291396,1957.0
7-14,P0,source_temperature,14,12281,11991.795099887513,11384.0
7-14,P2,raw,0,0,0.0,0.0
7-14,P2,raw,1,0,0.0,0.0
7-14,P2,raw,2,0,0.0,0.0
7-14,P2,raw,3,4,0.9879301637411118,2.0
7-14,P2,raw,4,26,8.053020805120466,11.0
7-14,P2,raw,5,100,37.262004017829895,36.0
7-14,P2,raw,6,168,73.18347811698914,63.99999999999999
7-14,P2,raw,7,453,228.38535979390144,183.0
7-14,P2,raw,8,524,297.08826845884323,218.99999999999997
7-14,P2,raw,9,531,336.8847657442093,246.0
7-14,P2,raw,10,575,403.22657096385956,293.0
7-14,P2,raw,11,702,538.2564141154289,370.0
7-14,P2,raw,12,878,732.344456911087,488.0
7-14,P2,raw,13,1322,1193.5448870658875,760.0
7-14,P2,raw,14,18077,17960.94300723076,15228.0
7-14,P2,source_temperature,0,0,0.0,0.0
7-14,P2,source_temperature,1,0,0.0,0.0
7-14,P2,source_temperature,2,0,0.0,0.0
7-14,P2,source_temperature,3,27,6.663635082420245,9.0
7-14,P2,source_temperature,4,119,35.898337572051105,47.0
7-14,P2,source_temperature,5,329,121.97809299161527,140.99999999999997
7-14,P2,source_temperature,6,541,236.42656693217134,225.0
7-14,P2,source_temperature,7,876,439.70784535908706,409.0
7-14,P2,source_temperature,8,904,512.7406222696329,473.0
7-14,P2,source_temperature,9,1018,645.7122992895286,553.0
7-14,P2,source_temperature,10,1019,713.8526797399084,602.0
7-14,P2,source_temperature,11,1144,878.0954163769416,700.0
7-14,P2,source_temperature,12,1480,1235.5570961657936,971.0
7-14,P2,source_temperature,13,2423,2188.383877785341,1843.0
7-14,P2,source_temperature,14,13480,13217.94193758582,11927.0
7-14,SAR_GN,raw,0,0,0.0,0.0
7-14,SAR_GN,raw,1,0,0.0,0.0
7-14,SAR_GN,raw,2,0,0.0,0.0
7-14,SAR_GN,raw,3,3,0.7248489111661911,1.0
7-14,SAR_GN,raw,4,24,7.5585506558418265,6.0
7-14,SAR_GN,raw,5,147,54.89952239394188,46.0
7-14,SAR_GN,raw,6,260,113.62326020002365,83.99999999999999
7-14,SAR_GN,raw,7,665,334.70121088624,287.0
7-14,SAR_GN,raw,8,775,439.40323650836945,377.0
7-14,SAR_GN,raw,9,783,496.04939448833466,395.0
7-14,SAR_GN,raw,10,858,601.583373606205,446.0
7-14,SAR_GN,raw,11,905,694.8150261640549,495.0
7-14,SAR_GN,raw,12,1134,946.8874565958977,633.0
7-14,SAR_GN,raw,13,1706,1539.2723693847656,1016.0
7-14,SAR_GN,raw,14,16100,15942.191930532455,14210.0
7-14,SAR_GN,source_temperature,0,0,0.0,0.0
7-14,SAR_GN,source_temperature,1,0,0.0,0.0
7-14,SAR_GN,source_temperature,2,0,0.0,0.0
7-14,SAR_GN,source_temperature,3,11,2.724902097236468,2.0
7-14,SAR_GN,source_temperature,4,98,30.286324440193027,27.999999999999996
7-14,SAR_GN,source_temperature,5,335,124.07386328142375,111.99999999999999
7-14,SAR_GN,source_temperature,6,673,292.60162879728813,289.0
7-14,SAR_GN,source_temperature,7,1063,533.4248573763347,537.0
7-14,SAR_GN,source_temperature,8,1098,622.0077328170296,560.0
7-14,SAR_GN,source_temperature,9,1116,706.9353279538092,600.0
7-14,SAR_GN,source_temperature,10,1131,793.0057386909696,656.0
7-14,SAR_GN,source_temperature,11,1300,996.2629506995053,755.0
7-14,SAR_GN,source_temperature,12,1617,1351.289620828106,1116.0
7-14,SAR_GN,source_temperature,13,2637,2382.6453432291396,1957.0
7-14,SAR_GN,source_temperature,14,12281,11991.795099887513,11384.0
7-14,T3A,raw,0,0,0.0,0.0
7-14,T3A,raw,1,0,0.0,0.0
7-14,T3A,raw,2,2,0.3945045322179793,0.0
7-14,T3A,raw,3,52,12.741390600800514,12.999999999999998
7-14,T3A,raw,4,304,93.14634051918983,118.0
7-14,T3A,raw,5,703,259.6975426375866,300.0
7-14,T3A,raw,6,1265,552.5786557793616,626.0
7-14,T3A,raw,7,1950,977.2780935764313,1022.0
7-14,T3A,raw,8,2048,1160.675413966179,1207.0
7-14,T3A,raw,9,1889,1196.6109501123428,1133.0
7-14,T3A,raw,10,1859,1301.6258091330528,1235.0
7-14,T3A,raw,11,1948,1495.9788281917572,1558.0
7-14,T3A,raw,12,2829,2364.862924993038,2626.0
7-14,T3A,raw,13,3730,3361.582239687443,3655.0
7-14,T3A,raw,14,4781,4587.473129093647,4780.0
7-14,T3A,source_temperature,0,0,0.0,0.0
7-14,T3A,source_temperature,1,0,0.0,0.0
7-14,T3A,source_temperature,2,0,0.0,0.0
7-14,T3A,source_temperature,3,13,3.1959452229876995,4.0
7-14,T3A,source_temperature,4,82,25.205828322291232,27.0
7-14,T3A,source_temperature,5,294,108.76685728777503,110.0
7-14,T3A,source_temperature,6,502,219.27517815793541,226.0
7-14,T3A,source_temperature,7,1260,635.144814941712,603.0
7-14,T3A,source_temperature,8,1392,789.0830463685405,697.0
7-14,T3A,source_temperature,9,1468,931.4083066190808,783.0
7-14,T3A,source_temperature,10,1423,996.8626521478379,830.0
7-14,T3A,source_temperature,11,1560,1196.1668504222257,929.0
7-14,T3A,source_temperature,12,1638,1365.9356249444065,1097.0
7-14,T3A,source_temperature,13,2253,2035.1311981064255,1751.0
7-14,T3A,source_temperature,14,11475,11242.82055773634,11216.0
7-7,EMB_STD,raw,0,0,0.0,0.0
7-7,EMB_STD,raw,1,0,0.0,0.0
7-7,EMB_STD,raw,2,0,0.0,0.0
7-7,EMB_STD,raw,3,0,0.0,0.0
7-7,EMB_STD,raw,4,3,0.9637336134910583,0.0
7-7,EMB_STD,raw,5,51,19.104760736227036,14.999999999999998
7-7,EMB_STD,raw,6,101,44.14489471912384,38.0
7-7,EMB_STD,raw,7,288,145.36711111664772,148.0
7-7,EMB_STD,raw,8,423,239.81758040189743,210.0
7-7,EMB_STD,raw,9,405,255.9401160478592,211.0
7-7,EMB_STD,raw,10,491,344.41845321655273,321.0
7-7,EMB_STD,raw,11,583,447.8884693980217,394.0
7-7,EMB_STD,raw,12,862,721.8864862322807,637.0
7-7,EMB_STD,raw,13,1254,1132.4348449707031,973.0
7-7,EMB_STD,raw,14,18899,18758.40025550127,18166.0
7-7,EMB_STD,source_temperature,0,0,0.0,0.0
7-7,EMB_STD,source_temperature,1,0,0.0,0.0
7-7,EMB_STD,source_temperature,2,0,0.0,0.0
7-7,EMB_STD,source_temperature,3,1,0.2570076668747114,0.0
7-7,EMB_STD,source_temperature,4,32,10.152362754486633,9.0
7-7,EMB_STD,source_temperature,5,141,52.67776527683895,53.99999999999999
7-7,EMB_STD,source_temperature,6,289,126.25382632605073,149.0
7-7,EMB_STD,source_temperature,7,604,302.430295260069,311.0
7-7,EMB_STD,source_temperature,8,656,371.89128207190015,413.0
7-7,EMB_STD,source_temperature,9,755,479.0064833093792,512.0
7-7,EMB_STD,source_temperature,10,942,660.5079639348095,694.0
7-7,EMB_STD,source_temperature,11,1011,776.7570154739117,798.0
7-7,EMB_STD,source_temperature,12,1443,1205.2668242907666,1179.0
7-7,EMB_STD,source_temperature,13,2866,2594.5325775500146,2605.0
7-7,EMB_STD,source_temperature,14,14620,14306.542350700476,14389.0
7-7,P0,raw,0,0,0.0,0.0
7-7,P0,raw,1,0,0.0,0.0
7-7,P0,raw,2,0,0.0,0.0
7-7,P0,raw,3,0,0.0,0.0
7-7,P0,raw,4,5,1.6302430629730222,2.0
7-7,P0,raw,5,43,16.1199469268322,16.0
7-7,P0,raw,6,115,50.05182439088821,45.99999999999999
7-7,P0,raw,7,286,145.1703356206417,153.0
7-7,P0,raw,8,381,216.11000329256058,203.0
7-7,P0,raw,9,408,258.64800542593,252.0
7-7,P0,raw,10,488,341.16334545612335,288.0
7-7,P0,raw,11,506,388.4156996011734,333.0
7-7,P0,raw,12,741,619.4045869708061,492.0
7-7,P0,raw,13,1306,1180.3698223233223,988.0
7-7,P0,raw,14,19081,18946.572311758995,18193.0
7-7,P0,source_temperature,0,0,0.0,0.0
7-7,P0,source_temperature,1,0,0.0,0.0
7-7,P0,source_temperature,2,0,0.0,0.0
7-7,P0,source_temperature,3,0,0.0,0.0
7-7,P0,source_temperature,4,24,7.434627070409333,9.0
7-7,P0,source_temperature,5,118,44.19010015550698,47.0
7-7,P0,source_temperature,6,233,102.34029461853677,110.0
7-7,P0,source_temperature,7,528,264.44570295337877,307.0
7-7,P0,source_temperature,8,638,361.67454241027355,387.0
7-7,P0,source_temperature,9,606,384.63347489018076,372.0
7-7,P0,source_temperature,10,707,496.2505029977074,493.0
7-7,P0,source_temperature,11,965,741.2824651063038,710.0
7-7,P0,source_temperature,12,1255,1048.4173961414403,997.0
7-7,P0,source_temperature,13,2287,2067.9523377369082,1946.0
7-7,P0,source_temperature,14,15999,15710.498687202959,15588.0
7-7,P2,raw,0,0,0.0,0.0
7-7,P2,raw,1,0,0.0,0.0
7-7,P2,raw,2,0,0.0,0.0
7-7,P2,raw,3,0,0.0,0.0
7-7,P2,raw,4,3,0.9174479842185972,0.0
7-7,P2,raw,5,25,9.322556167840956,10.0
7-7,P2,raw,6,42,18.339764654636383,12.0
7-7,P2,raw,7,182,92.6912716627121,73.0
7-7,P2,raw,8,296,167.72939372062683,138.0
7-7,P2,raw,9,310,196.29036378860474,165.0
7-7,P2,raw,10,317,221.30771666765213,167.0
7-7,P2,raw,11,374,287.175361096859,219.0
7-7,P2,raw,12,476,397.30981826782227,318.0
7-7,P2,raw,13,724,653.6063145399094,500.0
7-7,P2,raw,14,20611,20532.6901858449,19305.0
7-7,P2,source_temperature,0,0,0.0,0.0
7-7,P2,source_temperature,1,0,0.0,0.0
7-7,P2,source_temperature,2,0,0.0,0.0
7-7,P2,source_temperature,3,3,0.7350687855970387,0.0
7-7,P2,source_temperature,4,28,8.559390385264837,10.0
7-7,P2,source_temperature,5,80,29.977390974339226,30.0
7-7,P2,source_temperature,6,200,87.4602037163369,86.0
7-7,P2,source_temperature,7,493,248.25207097060698,244.0
7-7,P2,source_temperature,8,550,311.2026877075256,320.0
7-7,P2,source_temperature,9,565,358.14703680500037,349.0
7-7,P2,source_temperature,10,662,463.7554104657589,476.0
7-7,P2,source_temperature,11,747,574.8128358190082,527.0
7-7,P2,source_temperature,12,1109,926.2199539153531,866.0
7-7,P2,source_temperature,13,1977,1787.6122606956162,1663.0
7-7,P2,source_temperature,14,16946,16697.801576471848,16336.0
7-7,SAR_GN,raw,0,0,0.0,0.0
7-7,SAR_GN,raw,1,0,0.0,0.0
7-7,SAR_GN,raw,2,0,0.0,0.0
7-7,SAR_GN,raw,3,0,0.0,0.0
7-7,SAR_GN,raw,4,5,1.6302430629730222,2.0
7-7,SAR_GN,raw,5,43,16.1199469268322,16.0
7-7,SAR_GN,raw,6,115,50.05182439088821,45.99999999999999
7-7,SAR_GN,raw,7,286,145.1703356206417,153.0
7-7,SAR_GN,raw,8,381,216.11000329256058,203.0
7-7,SAR_GN,raw,9,408,258.64800542593,252.0
7-7,SAR_GN,raw,10,488,341.16334545612335,288.0
7-7,SAR_GN,raw,11,506,388.4156996011734,333.0
7-7,SAR_GN,raw,12,741,619.4045869708061,492.0
7-7,SAR_GN,raw,13,1306,1180.3698223233223,988.0
7-7,SAR_GN,raw,14,19081,18946.572311758995,18193.0
7-7,SAR_GN,source_temperature,0,0,0.0,0.0
7-7,SAR_GN,source_temperature,1,0,0.0,0.0
7-7,SAR_GN,source_temperature,2,0,0.0,0.0
7-7,SAR_GN,source_temperature,3,0,0.0,0.0
7-7,SAR_GN,source_temperature,4,24,7.434627070409333,9.0
7-7,SAR_GN,source_temperature,5,118,44.19010015550698,47.0
7-7,SAR_GN,source_temperature,6,233,102.34029461853677,110.0
7-7,SAR_GN,source_temperature,7,528,264.44570295337877,307.0
7-7,SAR_GN,source_temperature,8,638,361.67454241027355,387.0
7-7,SAR_GN,source_temperature,9,606,384.63347489018076,372.0
7-7,SAR_GN,source_temperature,10,707,496.2505029977074,493.0
7-7,SAR_GN,source_temperature,11,965,741.2824651063038,710.0
7-7,SAR_GN,source_temperature,12,1255,1048.4173961414403,997.0
7-7,SAR_GN,source_temperature,13,2287,2067.9523377369082,1946.0
7-7,SAR_GN,source_temperature,14,15999,15710.498687202959,15588.0
7-7,T3A,raw,0,0,0.0,0.0
7-7,T3A,raw,1,0,0.0,0.0
7-7,T3A,raw,2,0,0.0,0.0
7-7,T3A,raw,3,5,1.243299961090088,1.0
7-7,T3A,raw,4,35,10.761342108249664,12.0
7-7,T3A,raw,5,186,69.68160223960876,100.0
7-7,T3A,raw,6,538,236.63614839315412,310.0
7-7,T3A,raw,7,1046,523.6060654520988,582.0
7-7,T3A,raw,8,1136,644.7505947947502,727.0
7-7,T3A,raw,9,1290,818.6978287100792,954.0
7-7,T3A,raw,10,1538,1078.742602467537,1277.0
7-7,T3A,raw,11,1917,1469.9408521652222,1707.0
7-7,T3A,raw,12,2418,2020.6863845586777,2293.9999999999995
7-7,T3A,raw,13,4373,3950.540164709091,4353.0
7-7,T3A,raw,14,8878,8562.95708757639,8876.0
7-7,T3A,source_temperature,0,0,0.0,0.0
7-7,T3A,source_temperature,1,0,0.0,0.0
7-7,T3A,source_temperature,2,0,0.0,0.0
7-7,T3A,source_temperature,3,1,0.259300452113296,1.0
7-7,T3A,source_temperature,4,10,3.1202486880185405,3.0
7-7,T3A,source_temperature,5,43,16.122213232835918,18.0
7-7,T3A,source_temperature,6,155,68.03202593159159,80.0
7-7,T3A,source_temperature,7,541,272.8940612679109,273.0
7-7,T3A,source_temperature,8,691,392.3935412355594,350.0
7-7,T3A,source_temperature,9,684,433.4628373415459,415.0
7-7,T3A,source_temperature,10,765,536.3408206572811,508.0
7-7,T3A,source_temperature,11,986,757.5978174884584,695.0
7-7,T3A,source_temperature,12,1318,1100.3802473250576,1072.0
7-7,T3A,source_temperature,13,2346,2119.960817620312,2082.0
7-7,T3A,source_temperature,14,15820,15594.279851317995,15696.0
8-14,EMB_STD,raw,0,0,0.0,0.0
8-14,EMB_STD,raw,1,0,0.0,0.0
8-14,EMB_STD,raw,2,0,0.0,0.0
8-14,EMB_STD,raw,3,30,7.639163747429847,10.0
8-14,EMB_STD,raw,4,440,136.3908285498619,121.99999999999999
8-14,EMB_STD,raw,5,1026,376.420500844717,296.0
8-14,EMB_STD,raw,6,693,299.3772245645523,179.0
8-14,EMB_STD,raw,7,621,311.59163424372673,214.0
8-14,EMB_STD,raw,8,611,345.45754212141037,234.0
8-14,EMB_STD,raw,9,574,363.3647255897522,250.99999999999997
8-14,EMB_STD,raw,10,670,469.7277886271477,299.0
8-14,EMB_STD,raw,11,758,582.1513623595238,346.0
8-14,EMB_STD,raw,12,1178,983.5422132015228,543.0
8-14,EMB_STD,raw,13,1366,1232.369222164154,784.0
8-14,EMB_STD,raw,14,15393,15271.999730527403,13839.0
8-14,EMB_STD,source_temperature,0,0,0.0,0.0
8-14,EMB_STD,source_temperature,1,0,0.0,0.0
8-14,EMB_STD,source_temperature,2,0,0.0,0.0
8-14,EMB_STD,source_temperature,3,320,80.24017954283127,91.0
8-14,EMB_STD,source_temperature,4,1279,383.92523965187513,363.99999999999994
8-14,EMB_STD,source_temperature,5,819,298.7436274365434,228.99999999999997
8-14,EMB_STD,source_temperature,6,714,310.68175677437927,236.0
8-14,EMB_STD,source_temperature,7,982,491.901565268416,369.0
8-14,EMB_STD,source_temperature,8,1192,675.7405573470683,518.0
8-14,EMB_STD,source_temperature,9,923,584.1883632906084,435.0
8-14,EMB_STD,source_temperature,10,946,662.8879585603763,502.0
8-14,EMB_STD,source_temperature,11,996,763.5049028632654,605.0
8-14,EMB_STD,source_temperature,12,1407,1175.2372764375386,997.0
8-14,EMB_STD,source_temperature,13,2329,2107.272059573849,1878.0
8-14,EMB_STD,source_temperature,14,11453,11211.613732499307,10893.0
8-14,P0,raw,0,0,0.0,0.0
8-14,P0,raw,1,0,0.0,0.0
8-14,P0,raw,2,1,0.1911251842975616,0.0
8-14,P0,raw,3,6,1.5723071098327634,1.0
8-14,P0,raw,4,453,142.04320868849754,138.99999999999997
8-14,P0,raw,5,1212,444.13061192631716,319.99999999999994
8-14,P0,raw,6,1059,457.8481368422508,319.0
8-14,P0,raw,7,971,484.98386684060097,331.0
8-14,P0,raw,8,816,462.5407009124756,306.0
8-14,P0,raw,9,758,481.0947936177254,315.0
8-14,P0,raw,10,745,521.9196935296059,322.0
8-14,P0,raw,11,918,704.1603786349297,441.0
8-14,P0,raw,12,1034,863.0570490956306,583.0
8-14,P0,raw,13,1574,1420.8472822904585,996.0
8-14,P0,raw,14,13813,13669.81156915426,12579.0
8-14,P0,source_temperature,0,0,0.0,0.0
8-14,P0,source_temperature,1,0,0.0,0.0
8-14,P0,source_temperature,2,1,0.1822180363872722,0.0
8-14,P0,source_temperature,3,144,36.75034021392695,37.0
8-14,P0,source_temperature,4,1879,566.5784626091762,540.0
8-14,P0,source_temperature,5,1220,442.1430301391234,356.0
8-14,P0,source_temperature,6,983,426.8833358137347,337.0
8-14,P0,source_temperature,7,1140,569.2272608155952,465.0
8-14,P0,source_temperature,8,1048,593.5059550917208,471.99999999999994
8-14,P0,source_temperature,9,1103,697.6350833812271,575.0
8-14,P0,source_temperature,10,1070,748.9667096054478,609.0
8-14,P0,source_temperature,11,1256,964.1780583327484,851.0
8-14,P0,source_temperature,12,1653,1380.9570559660951,1238.0
8-14,P0,source_temperature,13,2987,2702.1312542926607,2587.0
8-14,P0,source_temperature,14,8876,8642.293942452578,8585.0
8-14,P2,raw,0,0,0.0,0.0
8-14,P2,raw,1,0,0.0,0.0
8-14,P2,raw,2,0,0.0,0.0
8-14,P2,raw,3,69,17.50088119506836,29.0
8-14,P2,raw,4,1129,346.4999129772186,309.0
8-14,P2,raw,5,1171,424.80795657634735,369.0
8-14,P2,raw,6,627,270.070632815361,170.99999999999997
8-14,P2,raw,7,659,330.3044329881668,209.0
8-14,P2,raw,8,680,385.0782152414322,253.0
8-14,P2,raw,9,695,440.3992910385132,278.0
8-14,P2,raw,10,712,498.73182213306427,291.0
8-14,P2,raw,11,779,598.227274119854,325.0
8-14,P2,raw,12,935,780.2089920639992,462.0
8-14,P2,raw,13,1372,1239.961725115776,753.0
8-14,P2,raw,14,14532,14405.64306038618,12665.0
8-14,P2,source_temperature,0,0,0.0,0.0
8-14,P2,source_temperature,1,0,0.0,0.0
8-14,P2,source_temperature,2,2,0.39353790191114557,0.0
8-14,P2,source_temperature,3,1582,389.452656472856,467.99999999999994
8-14,P2,source_temperature,4,1175,341.52406303994746,351.0
8-14,P2,source_temperature,5,796,293.58394357625093,226.99999999999997
8-14,P2,source_temperature,6,1013,440.40099999949194,351.0
8-14,P2,source_temperature,7,1066,532.2780421863557,401.0
8-14,P2,source_temperature,8,1118,633.3335878805859,524.0
8-14,P2,source_temperature,9,1043,661.0585423337933,536.0
8-14,P2,source_temperature,10,1109,777.3294645770529,632.0
8-14,P2,source_temperature,11,1291,991.1353657180397,843.0
8-14,P2,source_temperature,12,1733,1446.2482797894922,1289.0
8-14,P2,source_temperature,13,3175,2869.4228466929,2670.0
8-14,P2,source_temperature,14,8257,8030.9313444210475,7822.0
8-14,SAR_GN,raw,0,0,0.0,0.0
8-14,SAR_GN,raw,1,0,0.0,0.0
8-14,SAR_GN,raw,2,1,0.1911251842975616,0.0
8-14,SAR_GN,raw,3,6,1.570260614156723,1.0
8-14,SAR_GN,raw,4,453,142.05841642618176,138.0
8-14,SAR_GN,raw,5,1211,443.7450832128524,320.99999999999994
8-14,SAR_GN,raw,6,1059,457.8037973344326,318.0
8-14,SAR_GN,raw,7,972,485.4329522550106,334.0
8-14,SAR_GN,raw,8,816,462.58141726255417,305.0
8-14,SAR_GN,raw,9,758,481.1002387404442,315.0
8-14,SAR_GN,raw,10,745,521.9197465181351,321.0
8-14,SAR_GN,raw,11,917,703.3785338401794,441.0
8-14,SAR_GN,raw,12,1036,864.7642485499382,585.0
8-14,SAR_GN,raw,13,1574,1420.9724057912827,996.0
8-14,SAR_GN,raw,14,13812,13668.95222467184,12578.0
8-14,SAR_GN,source_temperature,0,0,0.0,0.0
8-14,SAR_GN,source_temperature,1,0,0.0,0.0
8-14,SAR_GN,source_temperature,2,1,0.1822180363872722,0.0
8-14,SAR_GN,source_temperature,3,144,36.74971882815536,37.0
8-14,SAR_GN,source_temperature,4,1878,566.2734684919743,541.0
8-14,SAR_GN,source_temperature,5,1222,442.8919957430482,355.0
8-14,SAR_GN,source_temperature,6,983,426.9279104044365,338.0
8-14,SAR_GN,source_temperature,7,1140,569.3240421762391,466.0
8-14,SAR_GN,source_temperature,8,1047,592.9749728231434,470.99999999999994
8-14,SAR_GN,source_temperature,9,1100,695.6435458012397,573.0
8-14,SAR_GN,source_temperature,10,1076,753.218786443612,610.0
8-14,SAR_GN,source_temperature,11,1252,961.2002042232914,851.0
8-14,SAR_GN,source_temperature,12,1649,1377.4949888358542,1235.0
8-14,SAR_GN,source_temperature,13,2988,2702.8073134500623,2587.0
8-14,SAR_GN,source_temperature,14,8880,8646.084225722898,8589.0
8-14,T3A,raw,0,0,0.0,0.0
8-14,T3A,raw,1,0,0.0,0.0
8-14,T3A,raw,2,2,0.396074503660202,0.0
8-14,T3A,raw,3,505,124.36990688741204,141.0
8-14,T3A,raw,4,1133,342.39167442917824,342.99999999999994
8-14,T3A,raw,5,1475,544.1388029754162,570.0
8-14,T3A,raw,6,2060,894.4566079378128,972.0
8-14,T3A,raw,7,2009,1000.5677192509173,983.9999999999999
8-14,T3A,raw,8,1495,845.4617244005203,959.0
8-14,T3A,raw,9,1440,912.418483197689,1045.0
8-14,T3A,raw,10,2037,1425.3513423800468,1427.0
8-14,T3A,raw,11,1763,1352.6194650530815,1556.0
8-14,T3A,raw,12,2208,1843.8898259997368,2088.0
8-14,T3A,raw,13,3638,3290.1385930776596,3564.0
8-14,T3A,raw,14,3595,3430.291758477688,3551.0
8-14,T3A,source_temperature,0,0,0.0,0.0
8-14,T3A,source_temperature,1,0,0.0,0.0
8-14,T3A,source_temperature,2,0,0.0,0.0
8-14,T3A,source_temperature,3,127,32.37454120064924,28.99999999999999
8-14,T3A,source_temperature,4,603,181.8570244768193,188.99999999999997
8-14,T3A,source_temperature,5,883,325.490170696214,272.0
8-14,T3A,source_temperature,6,1089,472.3983600010216,403.0
8-14,T3A,source_temperature,7,1327,662.1037663265668,617.0
8-14,T3A,source_temperature,8,1300,736.8927392385217,651.0
8-14,T3A,source_temperature,9,1349,855.4052199617358,651.0
8-14,T3A,source_temperature,10,1392,974.4829111467039,779.0
8-14,T3A,source_temperature,11,1312,1005.335194539372,849.0
8-14,T3A,source_temperature,12,1616,1349.9355467279734,1220.0
8-14,T3A,source_temperature,13,2813,2534.813391174983,2232.0
8-14,T3A,source_temperature,14,9549,9349.326518409855,9308.0
8-7,EMB_STD,raw,0,0,0.0,0.0
8-7,EMB_STD,raw,1,0,0.0,0.0
8-7,EMB_STD,raw,2,0,0.0,0.0
8-7,EMB_STD,raw,3,9,2.24599739909172,2.0
8-7,EMB_STD,raw,4,113,35.08942401409149,30.999999999999996
8-7,EMB_STD,raw,5,399,148.06084966659546,110.99999999999999
8-7,EMB_STD,raw,6,618,269.2339465022087,204.99999999999997
8-7,EMB_STD,raw,7,774,387.65716829895973,266.0
8-7,EMB_STD,raw,8,651,368.4437064528465,241.99999999999997
8-7,EMB_STD,raw,9,575,363.9676926136017,236.99999999999997
8-7,EMB_STD,raw,10,517,362.0996735095978,255.0
8-7,EMB_STD,raw,11,560,429.61943554878235,322.0
8-7,EMB_STD,raw,12,696,581.7026775479317,439.0
8-7,EMB_STD,raw,13,1171,1058.7328168153763,871.0
8-7,EMB_STD,raw,14,17277,17149.492753446102,16483.0
8-7,EMB_STD,source_temperature,0,0,0.0,0.0
8-7,EMB_STD,source_temperature,1,0,0.0,0.0
8-7,EMB_STD,source_temperature,2,1,0.1987673538740261,1.0
8-7,EMB_STD,source_temperature,3,155,38.91282439671242,43.999999999999986
8-7,EMB_STD,source_temperature,4,951,289.02166736263297,286.99999999999994
8-7,EMB_STD,source_temperature,5,796,289.91013522692504,274.0
8-7,EMB_STD,source_temperature,6,765,331.91021219440324,272.0
8-7,EMB_STD,source_temperature,7,859,429.6048587218794,383.0
8-7,EMB_STD,source_temperature,8,730,412.7855418780265,383.0
8-7,EMB_STD,source_temperature,9,738,467.3644074582078,467.0
8-7,EMB_STD,source_temperature,10,902,632.3108112508163,668.0
8-7,EMB_STD,source_temperature,11,1040,798.410443761187,834.0
8-7,EMB_STD,source_temperature,12,1592,1330.6506128859799,1394.0
8-7,EMB_STD,source_temperature,13,3297,2985.8066739441956,3083.0
8-7,EMB_STD,source_temperature,14,11534,11180.143628474461,11374.0
8-7,P0,raw,0,0,0.0,0.0
8-7,P0,raw,1,0,0.0,0.0
8-7,P0,raw,2,0,0.0,0.0
8-7,P0,raw,3,13,3.3074437379837036,2.0
8-7,P0,raw,4,230,72.01695561408997,55.99999999999999
8-7,P0,raw,5,719,264.9508821964264,210.0
8-7,P0,raw,6,706,304.8629748225212,215.0
8-7,P0,raw,7,681,341.17178559303284,228.99999999999997
8-7,P0,raw,8,588,332.8411222100258,229.0
8-7,P0,raw,9,544,343.25133842229843,249.99999999999997
8-7,P0,raw,10,541,379.08499252796173,281.0
8-7,P0,raw,11,605,464.63700449466705,363.0
8-7,P0,raw,12,790,659.6717395782471,545.0
8-7,P0,raw,13,1324,1196.6159022450447,1002.0
8-7,P0,raw,14,16619,16473.177333056927,15911.000000000002
8-7,P0,source_temperature,0,0,0.0,0.0
8-7,P0,source_temperature,1,0,0.0,0.0
8-7,P0,source_temperature,2,1,0.1975829155972365,0.0
8-7,P0,source_temperature,3,250,63.33959565018953,67.99999999999999
8-7,P0,source_temperature,4,1173,351.6850144133558,329.99999999999994
8-7,P0,source_temperature,5,853,312.7104737179402,289.0
8-7,P0,source_temperature,6,758,328.5309068094983,271.0
8-7,P0,source_temperature,7,860,430.40638045236494,401.99999999999994
8-7,P0,source_temperature,8,753,426.9483092142624,431.0
8-7,P0,source_temperature,9,784,496.6503886806866,532.0
8-7,P0,source_temperature,10,945,661.037963587918,697.0
8-7,P0,source_temperature,11,1207,926.9422274245296,978.0
8-7,P0,source_temperature,12,1694,1415.6422362784024,1476.0
8-7,P0,source_temperature,13,3450,3123.3327167594534,3268.0
8-7,P0,source_temperature,14,10632,10305.377189035145,10551.0
8-7,P2,raw,0,0,0.0,0.0
8-7,P2,raw,1,0,0.0,0.0
8-7,P2,raw,2,0,0.0,0.0
8-7,P2,raw,3,28,6.98978228867054,5.0
8-7,P2,raw,4,497,154.56417116522786,150.0
8-7,P2,raw,5,614,225.13956090807915,196.0
8-7,P2,raw,6,593,256.63697093725204,178.0
8-7,P2,raw,7,475,237.5275548696518,169.0
8-7,P2,raw,8,464,262.14314901828766,174.0
8-7,P2,raw,9,420,265.8012832403183,178.0
8-7,P2,raw,10,474,332.7192542552948,237.0
8-7,P2,raw,11,506,388.2160558104515,241.0
8-7,P2,raw,12,637,531.9880774617195,344.0
8-7,P2,raw,13,954,860.6852022409439,600.0
8-7,P2,raw,14,17698,17613.285308003426,16566.0
8-7,P2,source_temperature,0,0,0.0,0.0
8-7,P2,source_temperature,1,0,0.0,0.0
8-7,P2,source_temperature,2,12,2.352984378805486,2.0
8-7,P2,source_temperature,3,986,237.02391546003588,294.0
8-7,P2,source_temperature,4,957,282.41381904499065,296.0
8-7,P2,source_temperature,5,632,233.27169221912396,207.99999999999997
8-7,P2,source_temperature,6,761,330.7239863903184,311.0
8-7,P2,source_temperature,7,823,412.54413556734886,417.0
8-7,P2,source_temperature,8,869,492.38022838073715,489.0
8-7,P2,source_temperature,9,891,566.1278415121621,609.0
8-7,P2,source_temperature,10,942,660.6711816346847,696.0
8-7,P2,source_temperature,11,1116,856.9884540908766,882.0
8-7,P2,source_temperature,12,1724,1440.7713372604208,1483.0
8-7,P2,source_temperature,13,3282,2971.072921933541,3098.0
8-7,P2,source_temperature,14,10365,10064.85880077145,10253.0
8-7,SAR_GN,raw,0,0,0.0,0.0
8-7,SAR_GN,raw,1,0,0.0,0.0
8-7,SAR_GN,raw,2,0,0.0,0.0
8-7,SAR_GN,raw,3,13,3.3074437379837036,2.0
8-7,SAR_GN,raw,4,230,72.01695561408997,55.99999999999999
8-7,SAR_GN,raw,5,719,264.9508821964264,210.0
8-7,SAR_GN,raw,6,706,304.8629748225212,215.0
8-7,SAR_GN,raw,7,681,341.17178559303284,228.99999999999997
8-7,SAR_GN,raw,8,588,332.8411222100258,229.0
8-7,SAR_GN,raw,9,544,343.25133842229843,249.99999999999997
8-7,SAR_GN,raw,10,541,379.08499252796173,281.0
8-7,SAR_GN,raw,11,605,464.63700449466705,363.0
8-7,SAR_GN,raw,12,790,659.6717395782471,545.0
8-7,SAR_GN,raw,13,1324,1196.6159022450447,1002.0
8-7,SAR_GN,raw,14,16619,16473.177333056927,15911.000000000002
8-7,SAR_GN,source_temperature,0,0,0.0,0.0
8-7,SAR_GN,source_temperature,1,0,0.0,0.0
8-7,SAR_GN,source_temperature,2,1,0.1975829155972365,0.0
8-7,SAR_GN,source_temperature,3,250,63.339357465211734,67.99999999999999
8-7,SAR_GN,source_temperature,4,1173,351.68260758585234,329.99999999999994
8-7,SAR_GN,source_temperature,5,853,312.7081416891928,289.0
8-7,SAR_GN,source_temperature,6,758,328.5280610066805,271.0
8-7,SAR_GN,source_temperature,7,860,430.4026373234107,401.99999999999994
8-7,SAR_GN,source_temperature,8,753,426.9438001820427,431.0
8-7,SAR_GN,source_temperature,9,784,496.64554609016534,532.0
8-7,SAR_GN,source_temperature,10,945,661.0318596771739,697.0
8-7,SAR_GN,source_temperature,11,1207,926.9346751155225,978.0
8-7,SAR_GN,source_temperature,12,1694,1415.632407989271,1476.0
8-7,SAR_GN,source_temperature,13,3450,3123.3183405049235,3268.0
8-7,SAR_GN,source_temperature,14,10632,10305.35740303244,10551.0
8-7,T3A,raw,0,0,0.0,0.0
8-7,T3A,raw,1,0,0.0,0.0
8-7,T3A,raw,2,1,0.1936020851135254,0.0
8-7,T3A,raw,3,242,59.61819079518317,75.0
8-7,T3A,raw,4,658,199.64310726523397,213.99999999999997
8-7,T3A,raw,5,1070,391.77090245485306,389.99999999999994
8-7,T3A,raw,6,1047,455.65748530626297,498.0
8-7,T3A,raw,7,1234,617.6431801021099,771.0
8-7,T3A,raw,8,1628,923.5413154959679,1093.0
8-7,T3A,raw,9,1658,1049.7406554818153,1310.0
8-7,T3A,raw,10,1682,1177.3254989981651,1475.0
8-7,T3A,raw,11,1838,1410.4113095998764,1706.0
8-7,T3A,raw,12,2468,2062.672052681446,2375.0
8-7,T3A,raw,13,4138,3743.0869472026825,4064.0
8-7,T3A,raw,14,5696,5504.815014719963,5592.0
8-7,T3A,source_temperature,0,0,0.0,0.0
8-7,T3A,source_temperature,1,0,0.0,0.0
8-7,T3A,source_temperature,2,0,0.0,0.0
8-7,T3A,source_temperature,3,64,15.973439267540424,15.0
8-7,T3A,source_temperature,4,328,100.14600883033378,110.0
8-7,T3A,source_temperature,5,478,176.23178636010516,151.0
8-7,T3A,source_temperature,6,783,340.20636905049366,306.99999999999994
8-7,T3A,source_temperature,7,969,484.2117049967927,419.0
8-7,T3A,source_temperature,8,889,502.5599922201085,487.0
8-7,T3A,source_temperature,9,984,624.3821139087971,607.0
8-7,T3A,source_temperature,10,1135,794.008713519361,715.0
8-7,T3A,source_temperature,11,1332,1023.4653719271186,1029.0
8-7,T3A,source_temperature,12,1732,1446.6627566304187,1494.0000000000002
8-7,T3A,source_temperature,13,2762,2494.753534556693,2560.0
8-7,T3A,source_temperature,14,11904,11665.769018793977,11669.0
8-8,EMB_STD,raw,0,0,0.0,0.0
8-8,EMB_STD,raw,1,0,0.0,0.0
8-8,EMB_STD,raw,2,0,0.0,0.0
8-8,EMB_STD,raw,3,1,0.2521108984947204,1.0
8-8,EMB_STD,raw,4,13,4.051793485879898,6.0
8-8,EMB_STD,raw,5,88,32.64008215069771,35.0
8-8,EMB_STD,raw,6,142,61.97969365119934,54.99999999999999
8-8,EMB_STD,raw,7,387,195.4259240925312,181.0
8-8,EMB_STD,raw,8,409,231.86425632238388,208.0
8-8,EMB_STD,raw,9,435,274.7540416121483,227.0
8-8,EMB_STD,raw,10,504,353.1777893900871,260.0
8-8,EMB_STD,raw,11,579,444.4940950870514,357.0
8-8,EMB_STD,raw,12,740,618.9413361549377,481.0
8-8,EMB_STD,raw,13,1207,1089.79159283638,942.0
8-8,EMB_STD,raw,14,18855,18717.265223443508,18260.0
8-8,EMB_STD,source_temperature,0,0,0.0,0.0
8-8,EMB_STD,source_temperature,1,0,0.0,0.0
8-8,EMB_STD,source_temperature,2,0,0.0,0.0
8-8,EMB_STD,source_temperature,3,7,1.75688997476959,3.0
8-8,EMB_STD,source_temperature,4,78,24.18875734804076,30.0
8-8,EMB_STD,source_temperature,5,227,84.56340268082333,91.0
8-8,EMB_STD,source_temperature,6,392,171.97288819559304,187.0
8-8,EMB_STD,source_temperature,7,656,328.0929570654337,326.0
8-8,EMB_STD,source_temperature,8,696,394.67442926027803,401.0
8-8,EMB_STD,source_temperature,9,678,430.18839912686315,410.0
8-8,EMB_STD,source_temperature,10,846,591.9762794475505,564.0
8-8,EMB_STD,source_temperature,11,916,703.3731324373757,719.0
8-8,EMB_STD,source_temperature,12,1287,1075.6962629700884,1094.0
8-8,EMB_STD,source_temperature,13,2528,2288.8170015259407,2310.0
8-8,EMB_STD,source_temperature,14,15049,14691.583020883458,14878.0
8-8,P0,raw,0,0,0.0,0.0
8-8,P0,raw,1,0,0.0,0.0
8-8,P0,raw,2,0,0.0,0.0
8-8,P0,raw,3,1,0.2456432580947876,0.0
8-8,P0,raw,4,10,3.0410661995410915,1.9999999999999996
8-8,P0,raw,5,83,30.847641855478287,33.0
8-8,P0,raw,6,174,76.09000438451767,58.0
8-8,P0,raw,7,387,195.2546892464161,173.0
8-8,P0,raw,8,457,259.4309805035591,210.0
8-8,P0,raw,9,503,319.2482832670212,247.0
8-8,P0,raw,10,525,367.80831295251846,299.0
8-8,P0,raw,11,586,449.8038343191147,365.0
8-8,P0,raw,12,775,647.5888559818268,548.0
8-8,P0,raw,13,1277,1154.0580867528915,1003.0
8-8,P0,raw,14,18582,18440.163064479828,18006.0
8-8,P0,source_temperature,0,0,0.0,0.0
8-8,P0,source_temperature,1,0,0.0,0.0
8-8,P0,source_temperature,2,0,0.0,0.0
8-8,P0,source_temperature,3,7,1.734738813453656,1.0
8-8,P0,source_temperature,4,80,25.034705002946325,24.0
8-8,P0,source_temperature,5,237,87.8727002719044,95.0
8-8,P0,source_temperature,6,438,190.80653329666603,188.0
8-8,P0,source_temperature,7,684,342.1047255717242,335.0
8-8,P0,source_temperature,8,755,427.6652727378971,431.0
8-8,P0,source_temperature,9,717,455.2944295364605,454.0
8-8,P0,source_temperature,10,783,548.7124274183359,551.0
8-8,P0,source_temperature,11,1000,767.7601137994657,781.0
8-8,P0,source_temperature,12,1333,1113.3078308866227,1140.0
8-8,P0,source_temperature,13,2507,2268.757126290019,2326.0
8-8,P0,source_temperature,14,14819,14481.579443956522,14618.0
8-8,P2,raw,0,0,0.0,0.0
8-8,P2,raw,1,0,0.0,0.0
8-8,P2,raw,2,0,0.0,0.0
8-8,P2,raw,3,10,2.490220844745635,6.0
8-8,P2,raw,4,46,14.047288835048676,16.0
8-8,P2,raw,5,124,45.79368779063225,30.999999999999996
8-8,P2,raw,6,226,98.62027606368065,68.0
8-8,P2,raw,7,392,197.02283209562302,156.99999999999997
8-8,P2,raw,8,437,247.5856608748436,188.0
8-8,P2,raw,9,376,238.21484619379044,158.0
8-8,P2,raw,10,469,327.9954869747162,226.0
8-8,P2,raw,11,516,396.2412274479866,288.0
8-8,P2,raw,12,578,482.3720261454582,348.0
8-8,P2,raw,13,896,808.7060003876686,595.0
8-8,P2,raw,14,19290,19200.010256528854,18735.0
8-8,P2,source_temperature,0,0,0.0,0.0
8-8,P2,source_temperature,1,0,0.0,0.0
8-8,P2,source_temperature,2,0,0.0,0.0
8-8,P2,source_temperature,3,41,9.973065420904955,18.0
8-8,P2,source_temperature,4,177,53.95538624031451,44.99999999999999
8-8,P2,source_temperature,5,351,129.8793858191633,115.0
8-8,P2,source_temperature,6,474,206.2473873585925,184.0
8-8,P2,source_temperature,7,608,304.9314223764618,269.0
8-8,P2,source_temperature,8,630,356.0867374794046,308.0
8-8,P2,source_temperature,9,616,389.86121586918216,356.0
8-8,P2,source_temperature,10,649,454.83527782233483,406.0
8-8,P2,source_temperature,11,728,558.2084904557958,512.0
8-8,P2,source_temperature,12,944,788.8261482719781,777.0
8-8,P2,source_temperature,13,1739,1573.4578592200407,1573.0
8-8,P2,source_temperature,14,16403,16145.829671320329,16253.0
8-8,SAR_GN,raw,0,0,0.0,0.0
8-8,SAR_GN,raw,1,0,0.0,0.0
8-8,SAR_GN,raw,2,0,0.0,0.0
8-8,SAR_GN,raw,3,1,0.2456432580947876,0.0
8-8,SAR_GN,raw,4,10,3.0410661995410915,1.9999999999999996
8-8,SAR_GN,raw,5,83,30.847641855478287,33.0
8-8,SAR_GN,raw,6,174,76.09000438451767,58.0
8-8,SAR_GN,raw,7,387,195.2546892464161,173.0
8-8,SAR_GN,raw,8,457,259.4309805035591,210.0
8-8,SAR_GN,raw,9,503,319.2482832670212,247.0
8-8,SAR_GN,raw,10,525,367.80831295251846,299.0
8-8,SAR_GN,raw,11,586,449.8038343191147,365.0
8-8,SAR_GN,raw,12,775,647.5888559818268,548.0
8-8,SAR_GN,raw,13,1277,1154.0580867528915,1003.0
8-8,SAR_GN,raw,14,18582,18440.163064479828,18006.0
8-8,SAR_GN,source_temperature,0,0,0.0,0.0
8-8,SAR_GN,source_temperature,1,0,0.0,0.0
8-8,SAR_GN,source_temperature,2,0,0.0,0.0
8-8,SAR_GN,source_temperature,3,7,1.7347193763811042,1.0
8-8,SAR_GN,source_temperature,4,80,25.034452888127834,24.0
8-8,SAR_GN,source_temperature,5,237,87.87196804294369,95.0
8-8,SAR_GN,source_temperature,6,438,190.80510581048495,188.0
8-8,SAR_GN,source_temperature,7,684,342.10256128412703,335.0
8-8,SAR_GN,source_temperature,8,755,427.66232207675455,431.0
8-8,SAR_GN,source_temperature,9,717,455.29101055283945,454.0
8-8,SAR_GN,source_temperature,10,783,548.7087217435969,551.0
8-8,SAR_GN,source_temperature,11,1000,767.7546782487291,781.0
8-8,SAR_GN,source_temperature,12,1333,1113.3026007714411,1140.0
8-8,SAR_GN,source_temperature,13,2508,2269.6813202631224,2327.0
8-8,SAR_GN,source_temperature,14,14818,14480.62058458498,14617.0
8-8,T3A,raw,0,0,0.0,0.0
8-8,T3A,raw,1,0,0.0,0.0
8-8,T3A,raw,2,0,0.0,0.0
8-8,T3A,raw,3,16,4.016941502690314,5.0
8-8,T3A,raw,4,93,28.950860887765884,33.0
8-8,T3A,raw,5,376,139.64739456772804,181.0
8-8,T3A,raw,6,740,323.8331931829452,377.0
8-8,T3A,raw,7,970,484.5911762416363,604.0
8-8,T3A,raw,8,1044,590.9407659769058,732.0
8-8,T3A,raw,9,1185,751.5442749857903,947.0
8-8,T3A,raw,10,1480,1039.250519812107,1295.0
8-8,T3A,raw,11,1927,1480.844353556633,1757.0
8-8,T3A,raw,12,2802,2341.7852117419243,2694.0
8-8,T3A,raw,13,4424,3995.910040140152,4406.0
8-8,T3A,raw,14,8303,8011.450251281262,8302.0
8-8,T3A,source_temperature,0,0,0.0,0.0
8-8,T3A,source_temperature,1,0,0.0,0.0
8-8,T3A,source_temperature,2,0,0.0,0.0
8-8,T3A,source_temperature,3,3,0.7130387630452175,1.0
8-8,T3A,source_temperature,4,24,7.398238564484698,6.0
8-8,T3A,source_temperature,5,124,46.437493735743665,51.0
8-8,T3A,source_temperature,6,294,128.94332767129458,139.0
8-8,T3A,source_temperature,7,565,284.39375184648713,290.0
8-8,T3A,source_temperature,8,611,346.76737091829284,354.0
8-8,T3A,source_temperature,9,747,472.43643363074926,482.0
8-8,T3A,source_temperature,10,762,534.6943916557764,564.0
8-8,T3A,source_temperature,11,854,656.1062538809147,670.0
8-8,T3A,source_temperature,12,1386,1157.6485424807042,1183.0
8-8,T3A,source_temperature,13,2407,2176.9358515700937,2199.0
8-8,T3A,source_temperature,14,15583,15332.116025244366,15394.0
